LotArea,OverallQual,YearBuilt,YearRemodAdd,TotalBsmtSF,GrLivArea,GarageCars,FullBath,TotRmsAbvGrd,Fireplaces,MasVnrArea,GarageYrBlt,BsmtFinSF1,OpenPorchSF,ExterQual,KitchenQual,BsmtQual,GarageQual,FireplaceQu,HeatingQC,NB_Blmngtn,NB_Blueste,NB_BrDale,NB_BrkSide,NB_ClearCr,NB_CollgCr,NB_Crawfor,NB_Edwards,NB_Gilbert,NB_IDOTRR,NB_MeadowV,NB_Mitchel,NB_NAmes,NB_NPkVill,NB_NWAmes,NB_NoRidge,NB_NridgHt,NB_OldTown,NB_SWISU,NB_Sawyer,NB_SawyerW,NB_Somerst,NB_StoneBr,NB_Timber,NB_Veenker,SalePrice,above_median
8450,7,2003,2003,856,1710,2,2,8,0,196.0,2003.0,706,61,4,4,4,3,0,5,False,False,False,False,False,True,False,False,False,False,False,False,False,False,False,False,False,False,False,False,False,False,False,False,False,208500.0,1
9600,6,1976,1976,1262,1262,2,2,6,1,0.0,1976.0,978,0,3,3,4,3,3,5,False,False,False,False,False,False,False,False,False,False,False,False,False,False,False,False,False,False,False,False,False,False,False,False,True,181500.0,1
11250,7,2001,2002,920,1786,2,2,6,1,162.0,2001.0,486,42,4,4,4,3,3,5,False,False,False,False,False,True,False,False,False,False,False,False,False,False,False,False,False,False,False,False,False,False,False,False,False,223500.0,1
9550,7,1915,1970,756,1717,3,1,7,1,0.0,1998.0,216,35,3,4,3,3,4,4,False,False,False,False,False,False,True,False,False,False,False,False,False,False,False,False,False,False,False,False,False,False,False,False,False,140000.0,0
14260,8,2000,2000,1145,2198,3,2,9,1,350.0,2000.0,655,84,4,4,4,3,3,5,False,False,False,False,False,False,False,False,False,False,False,False,False,False,False,True,False,False,False,False,False,False,False,False,False,250000.0,1
14115,5,1993,1995,796,1362,2,1,5,0,0.0,1993.0,732,30,3,3,4,3,0,5,False,False,False,False,False,False,False,False,False,False,False,True,False,False,False,False,False,False,False,False,False,False,False,False,False,143000.0,0
10084,8,2004,2005,1686,1694,2,2,7,1,186.0,2004.0,1369,57,4,4,5,3,4,5,False,False,False,False,False,False,False,False,False,False,False,False,False,False,False,False,False,False,False,False,False,True,False,False,False,307000.0,1
10382,7,1973,1973,1107,2090,2,2,7,2,240.0,1973.0,859,204,3,3,4,3,3,5,False,False,False,False,False,False,False,False,False,False,False,False,False,False,True,False,False,False,False,False,False,False,False,False,False,200000.0,1
6120,7,1931,1950,952,1774,2,2,8,2,0.0,1931.0,0,0,3,3,3,2,3,4,False,False,False,False,False,False,False,False,False,False,False,False,False,False,False,False,False,True,False,False,False,False,False,False,False,129900.0,0
7420,5,1939,1950,991,1077,1,1,5,2,0.0,1939.0,851,4,3,3,3,4,3,5,False,False,False,True,False,False,False,False,False,False,False,False,False,False,False,False,False,False,False,False,False,False,False,False,False,118000.0,0
11200,5,1965,1965,1040,1040,1,1,5,0,0.0,1965.0,906,0,3,3,3,3,0,5,False,False,False,False,False,False,False,False,False,False,False,False,False,False,False,False,False,False,False,True,False,False,False,False,False,129500.0,0
11924,9,2005,2006,1175,2324,3,3,11,2,286.0,2005.0,998,21,5,5,5,3,4,5,False,False,False,False,False,False,False,False,False,False,False,False,False,False,False,False,True,False,False,False,False,False,False,False,False,345000.0,1
12968,5,1962,1962,912,912,1,1,4,0,0.0,1962.0,737,0,3,3,3,3,0,3,False,False,False,False,False,False,False,False,False,False,False,False,False,False,False,False,False,False,False,True,False,False,False,False,False,144000.0,0
10652,7,2006,2007,1494,1494,3,2,7,1,306.0,2006.0,0,33,4,4,4,3,4,5,False,False,False,False,False,True,False,False,False,False,False,False,False,False,False,False,False,False,False,False,False,False,False,False,False,279500.0,1
10920,6,1960,1960,1253,1253,1,1,5,1,212.0,1960.0,733,213,3,3,3,3,2,3,False,False,False,False,False,False,False,False,False,False,False,False,True,False,False,False,False,False,False,False,False,False,False,False,False,157000.0,0
6120,7,1929,2001,832,854,2,1,5,0,0.0,1991.0,0,112,3,3,3,3,0,5,False,False,False,True,False,False,False,False,False,False,False,False,False,False,False,False,False,False,False,False,False,False,False,False,False,132000.0,0
11241,6,1970,1970,1004,1004,2,1,5,1,180.0,1970.0,578,0,3,3,3,3,3,5,False,False,False,False,False,False,False,False,False,False,False,False,True,False,False,False,False,False,False,False,False,False,False,False,False,149000.0,0
10791,4,1967,1967,0,1296,2,2,6,0,0.0,1967.0,0,0,3,3,0,3,0,3,False,False,False,False,False,False,False,False,False,False,False,False,False,False,False,False,False,False,False,True,False,False,False,False,False,90000.0,0
13695,5,2004,2004,1114,1114,2,1,6,0,0.0,2004.0,646,102,3,4,3,3,0,5,False,False,False,False,False,False,False,False,False,False,False,False,False,False,False,False,False,False,False,False,True,False,False,False,False,159000.0,0
7560,5,1958,1965,1029,1339,1,1,6,0,0.0,1958.0,504,0,3,3,3,3,0,3,False,False,False,False,False,False,False,False,False,False,False,False,True,False,False,False,False,False,False,False,False,False,False,False,False,139000.0,0
14215,8,2005,2006,1158,2376,3,3,9,1,380.0,2005.0,0,154,4,4,5,3,4,5,False,False,False,False,False,False,False,False,False,False,False,False,False,False,False,False,True,False,False,False,False,False,False,False,False,325300.0,1
7449,7,1930,1950,637,1108,1,1,6,1,0.0,1930.0,0,0,3,4,3,3,4,5,False,False,False,False,False,False,False,False,False,True,False,False,False,False,False,False,False,False,False,False,False,False,False,False,False,139400.0,0
9742,8,2002,2002,1777,1795,2,2,7,1,281.0,2002.0,0,159,4,4,4,3,4,5,False,False,False,False,False,True,False,False,False,False,False,False,False,False,False,False,False,False,False,False,False,False,False,False,False,230000.0,1
4224,5,1976,1976,1040,1060,2,1,6,1,0.0,1976.0,840,110,3,3,4,3,3,3,False,False,False,False,False,False,False,False,False,False,True,False,False,False,False,False,False,False,False,False,False,False,False,False,False,129900.0,0
8246,5,1968,2001,1060,1060,1,1,6,1,0.0,1968.0,188,90,3,4,3,3,3,5,False,False,False,False,False,False,False,False,False,False,False,False,False,False,False,False,False,False,False,True,False,False,False,False,False,154000.0,0
14230,8,2007,2007,1566,1600,3,2,7,1,640.0,2007.0,0,56,4,4,4,3,4,5,False,False,False,False,False,False,False,False,False,False,False,False,False,False,False,False,True,False,False,False,False,False,False,False,False,256300.0,1
7200,5,1951,2000,900,900,2,1,5,0,0.0,2005.0,234,32,3,4,3,3,0,3,False,False,False,False,False,False,False,False,False,False,False,False,True,False,False,False,False,False,False,False,False,False,False,False,False,134800.0,0
11478,8,2007,2008,1704,1704,3,2,7,1,200.0,2008.0,1218,50,4,4,5,3,4,5,False,False,False,False,False,False,False,False,False,False,False,False,False,False,False,False,True,False,False,False,False,False,False,False,False,306000.0,1
16321,5,1957,1997,1484,1600,1,1,6,2,0.0,1957.0,1277,258,3,3,3,3,4,3,False,False,False,False,False,False,False,False,False,False,False,False,True,False,False,False,False,False,False,False,False,False,False,False,False,207500.0,1
6324,4,1927,1950,520,520,1,1,4,0,0.0,1920.0,0,0,3,2,3,2,0,2,False,False,False,True,False,False,False,False,False,False,False,False,False,False,False,False,False,False,False,False,False,False,False,False,False,68500.0,0
8500,4,1920,1950,649,1317,1,1,6,0,0.0,1920.0,0,54,3,3,3,3,0,3,False,False,False,False,False,False,False,False,False,True,False,False,False,False,False,False,False,False,False,False,False,False,False,False,False,40000.0,0
8544,5,1966,2006,1228,1228,1,1,6,0,0.0,1966.0,0,65,3,4,3,3,0,4,False,False,False,False,False,False,False,False,False,False,False,False,False,False,False,False,False,False,False,True,False,False,False,False,False,149350.0,0
11049,8,2007,2007,1234,1234,2,2,7,0,0.0,2007.0,0,30,4,4,5,3,0,5,False,False,False,False,False,True,False,False,False,False,False,False,False,False,False,False,False,False,False,False,False,False,False,False,False,179900.0,1
10552,5,1959,1959,1398,1700,2,1,6,1,0.0,1959.0,1018,38,3,4,3,3,4,4,False,False,False,False,False,False,False,False,False,False,False,False,True,False,False,False,False,False,False,False,False,False,False,False,False,165500.0,1
7313,9,2005,2005,1561,1561,2,2,6,1,246.0,2005.0,1153,47,5,5,5,3,4,5,False,False,False,False,False,False,False,False,False,False,False,False,False,False,False,False,True,False,False,False,False,False,False,False,False,277500.0,1
13418,8,2004,2005,1117,2452,3,3,9,1,132.0,2004.0,0,32,4,4,5,3,4,5,False,False,False,False,False,False,False,False,False,False,False,False,False,False,False,False,True,False,False,False,False,False,False,False,False,309000.0,1
10859,5,1994,1995,1097,1097,2,1,6,0,0.0,1995.0,0,64,3,3,4,3,0,5,False,False,False,False,False,True,False,False,False,False,False,False,False,False,False,False,False,False,False,False,False,False,False,False,False,145000.0,0
8532,5,1954,1990,1297,1297,2,1,5,1,650.0,1954.0,1213,0,3,3,3,3,3,4,False,False,False,False,False,False,False,False,False,False,False,False,True,False,False,False,False,False,False,False,False,False,False,False,False,153000.0,0
7922,5,1953,2007,1057,1057,1,1,5,0,0.0,1953.0,731,52,3,4,3,3,0,3,False,False,False,False,False,False,False,False,False,False,False,False,True,False,False,False,False,False,False,False,False,False,False,False,False,109000.0,0
6040,4,1955,1955,0,1152,0,2,6,0,0.0,1980.0,0,0,3,2,0,0,0,3,False,False,False,False,False,False,False,True,False,False,False,False,False,False,False,False,False,False,False,False,False,False,False,False,False,82000.0,0
8658,6,1965,1965,1088,1324,2,2,6,1,101.0,1965.0,643,138,3,3,3,3,3,5,False,False,False,False,False,False,False,False,False,False,False,False,True,False,False,False,False,False,False,False,False,False,False,False,False,160000.0,0
16905,5,1959,1959,1350,1328,1,1,5,2,0.0,1959.0,967,104,3,3,3,3,4,4,False,False,False,False,False,False,False,False,False,False,False,False,False,False,False,False,False,False,False,False,False,False,False,True,False,170000.0,1
9180,5,1983,1983,840,884,2,1,5,0,0.0,1983.0,747,0,3,4,4,3,0,4,False,False,False,False,False,False,False,False,False,False,False,False,False,False,False,False,False,False,False,False,True,False,False,False,False,144000.0,0
9200,5,1975,1980,938,938,1,1,5,0,0.0,1977.0,280,0,3,3,4,3,0,3,False,False,False,False,False,True,False,False,False,False,False,False,False,False,False,False,False,False,False,False,False,False,False,False,False,130250.0,0
7945,5,1959,1959,1150,1150,1,1,6,0,0.0,1959.0,179,0,3,3,3,3,0,5,False,False,False,False,False,False,False,False,False,False,False,False,True,False,False,False,False,False,False,False,False,False,False,False,False,141000.0,0
7658,9,2005,2005,1752,1752,2,2,6,1,412.0,2005.0,456,82,5,5,5,3,4,5,False,False,False,False,False,False,False,False,False,False,False,False,False,False,False,False,True,False,False,False,False,False,False,False,False,319900.0,1
12822,7,2003,2003,1434,2149,2,1,6,1,0.0,2003.0,1351,43,4,4,5,3,5,5,False,False,False,False,False,False,False,False,False,False,False,True,False,False,False,False,False,False,False,False,False,False,False,False,False,239686.0,1
11096,8,2006,2006,1656,1656,3,2,7,0,0.0,2006.0,24,146,4,4,4,3,0,5,False,False,False,False,False,False,False,False,False,False,False,False,False,False,False,False,False,False,False,False,False,True,False,False,False,249700.0,1
4456,4,1920,2008,736,1452,0,2,8,0,0.0,1980.0,0,0,3,3,3,0,0,4,False,False,False,False,False,False,False,False,False,False,False,False,False,False,False,False,False,True,False,False,False,False,False,False,False,113000.0,0
7742,5,1966,1966,955,955,1,1,6,0,0.0,1966.0,763,0,3,3,3,3,0,5,False,False,False,False,False,False,False,False,False,False,False,False,False,False,False,False,False,False,False,True,False,False,False,False,False,127000.0,0
13869,6,1997,1997,794,1470,2,2,6,0,0.0,1997.0,182,75,3,3,4,3,0,4,False,False,False,False,False,False,False,False,True,False,False,False,False,False,False,False,False,False,False,False,False,False,False,False,False,177000.0,1
6240,6,1934,1950,816,1176,2,1,6,1,0.0,1985.0,0,0,3,3,3,3,4,3,False,False,False,True,False,False,False,False,False,False,False,False,False,False,False,False,False,False,False,False,False,False,False,False,False,114500.0,0
8472,5,1963,1963,816,816,2,1,5,0,0.0,1963.0,104,0,2,3,4,3,0,3,False,False,False,False,False,False,False,False,False,True,False,False,False,False,False,False,False,False,False,False,False,False,False,False,False,110000.0,0
50271,9,1981,1987,1842,1842,3,0,5,1,0.0,1981.0,1810,72,4,4,5,3,4,4,False,False,False,False,False,False,False,False,False,False,False,False,False,False,False,False,False,False,False,False,False,False,False,False,True,385000.0,1
7134,5,1955,1955,384,1360,2,1,6,1,0.0,1962.0,384,50,3,3,3,3,3,3,False,False,False,False,False,False,False,False,False,False,False,False,True,False,False,False,False,False,False,False,False,False,False,False,False,130000.0,0
10175,6,1964,1964,1425,1425,2,2,7,1,272.0,1964.0,490,0,3,3,3,3,4,4,False,False,False,False,False,False,False,False,False,False,False,False,True,False,False,False,False,False,False,False,False,False,False,False,False,180500.0,1
2645,8,1999,2000,970,1739,2,2,7,0,456.0,1999.0,649,0,4,4,4,3,0,5,False,False,False,False,False,False,False,False,False,False,False,False,False,False,False,False,False,False,False,False,False,True,False,False,False,172500.0,1
11645,7,2004,2004,860,1720,2,2,7,0,0.0,2004.0,0,70,4,4,4,3,0,5,False,False,False,False,False,True,False,False,False,False,False,False,False,False,False,False,False,False,False,False,False,False,False,False,False,196500.0,1
13682,10,2006,2006,1410,2945,3,3,10,1,1031.0,2006.0,0,0,5,4,5,3,4,5,False,False,False,False,False,False,False,False,False,False,False,False,False,False,False,False,False,False,False,False,False,False,True,False,False,438780.0,1
7200,5,1972,1972,780,780,1,1,4,0,0.0,1973.0,632,0,3,3,3,3,0,5,False,False,False,False,False,True,False,False,False,False,False,False,False,False,False,False,False,False,False,False,False,False,False,False,False,124900.0,0
13072,6,2004,2004,1158,1158,2,1,5,0,0.0,2006.0,941,50,3,4,4,3,0,5,False,False,False,False,False,False,False,False,False,False,False,False,False,False,False,False,False,False,False,False,True,False,False,False,False,158000.0,0
7200,5,1920,1996,530,1111,1,1,6,0,0.0,1935.0,0,0,3,2,3,3,0,3,False,False,False,False,False,False,False,False,False,True,False,False,False,False,False,False,False,False,False,False,False,False,False,False,False,101000.0,0
6442,8,2006,2006,1370,1370,2,2,6,1,178.0,2006.0,24,49,4,4,4,3,4,5,False,False,False,False,False,False,False,False,False,False,False,False,False,False,False,False,True,False,False,False,False,False,False,False,False,202500.0,1
10300,7,1921,1950,576,1710,2,2,9,0,0.0,1990.0,0,11,3,3,3,3,0,4,False,False,False,False,False,False,False,False,False,False,False,False,False,False,False,False,False,True,False,False,False,False,False,False,False,140000.0,0
9375,7,1997,1998,1057,2034,2,2,8,0,573.0,1998.0,739,36,3,4,4,3,0,5,False,False,False,False,False,True,False,False,False,False,False,False,False,False,False,False,False,False,False,False,False,False,False,False,False,219500.0,1
9591,8,2004,2005,1143,2473,3,2,9,1,344.0,2004.0,0,151,4,4,5,3,4,5,False,False,False,False,False,False,False,False,False,False,False,False,False,False,False,False,True,False,False,False,False,False,False,False,False,317000.0,1
19900,7,1970,1989,1947,2207,2,2,7,1,287.0,1970.0,912,0,3,3,4,3,4,3,False,False,False,False,False,False,False,False,False,False,False,False,True,False,False,False,False,False,False,False,False,False,False,False,False,180000.0,1
10665,7,2003,2003,1453,1479,2,2,7,0,167.0,2003.0,1013,29,4,4,4,3,0,5,False,False,False,False,False,True,False,False,False,False,False,False,False,False,False,False,False,False,False,False,False,False,False,False,False,226000.0,1
4608,4,1945,1950,747,747,1,1,4,0,0.0,1945.0,0,0,3,3,3,3,0,3,False,False,False,False,False,False,False,False,False,False,False,False,False,False,False,False,False,True,False,False,False,False,False,False,False,80000.0,0
15593,7,1953,1953,1304,2287,2,2,7,1,0.0,1953.0,603,21,4,3,3,3,3,3,False,False,False,False,True,False,False,False,False,False,False,False,False,False,False,False,False,False,False,False,False,False,False,False,False,225000.0,1
13651,7,1973,1973,2223,2223,2,2,8,2,1115.0,1973.0,1880,0,3,3,4,3,4,5,False,False,False,False,False,False,False,False,False,False,False,False,True,False,False,False,False,False,False,False,False,False,False,False,False,244000.0,1
7599,4,1982,2006,845,845,2,1,4,0,0.0,1987.0,565,0,3,3,3,3,0,3,False,False,False,False,False,False,False,False,False,False,False,True,False,False,False,False,False,False,False,False,False,False,False,False,False,129500.0,0
10141,7,1998,1998,832,1718,2,2,7,1,40.0,1998.0,0,94,3,3,4,3,3,4,False,False,False,False,False,False,False,False,True,False,False,False,False,False,False,False,False,False,False,False,False,False,False,False,False,185000.0,1
10200,5,1954,2003,1086,1086,2,1,6,0,104.0,1989.0,320,0,3,3,3,3,0,4,False,False,False,False,False,False,False,False,False,False,False,False,True,False,False,False,False,False,False,False,False,False,False,False,False,144900.0,0
5790,3,1915,1950,840,1605,1,2,8,0,0.0,1915.0,0,0,4,3,2,3,0,4,False,False,False,False,False,False,False,False,False,False,False,False,False,False,False,False,False,True,False,False,False,False,False,False,False,107400.0,0
1596,4,1973,1973,462,988,1,1,5,0,0.0,1973.0,462,101,3,3,4,3,0,3,False,False,False,False,False,False,False,False,False,False,True,False,False,False,False,False,False,False,False,False,False,False,False,False,False,91000.0,0
8475,4,1956,1956,952,952,1,1,4,0,0.0,1956.0,228,0,3,3,3,3,0,5,False,False,False,False,False,False,False,False,False,False,False,False,True,False,False,False,False,False,False,False,False,False,False,False,False,135750.0,0
8635,5,1948,2001,672,1285,1,1,6,0,0.0,1948.0,336,0,3,3,3,3,0,3,False,False,False,True,False,False,False,False,False,False,False,False,False,False,False,False,False,False,False,False,False,False,False,False,False,127000.0,0
10778,4,1968,1968,1768,1768,0,2,8,0,0.0,1980.0,0,0,3,3,3,0,0,3,False,False,False,False,False,False,False,False,False,False,False,False,False,False,False,False,False,False,False,True,False,False,False,False,False,136500.0,0
10440,5,1910,1981,440,1230,2,1,5,0,0.0,1966.0,0,0,3,3,3,3,0,4,False,False,False,False,False,False,False,False,False,False,False,False,False,False,False,False,False,True,False,False,False,False,False,False,False,110000.0,0
13000,6,1968,1968,896,2142,1,2,8,1,576.0,1968.0,448,72,3,4,4,3,4,3,False,False,False,False,False,False,False,False,False,False,False,False,True,False,False,False,False,False,False,False,False,False,False,False,False,193500.0,1
4500,6,1998,1998,1237,1337,2,2,5,0,443.0,1998.0,1201,199,3,3,5,3,0,5,False,False,False,False,False,False,False,False,False,False,False,True,False,False,False,False,False,False,False,False,False,False,False,False,False,153500.0,0
10206,8,2007,2007,1563,1563,3,2,6,1,468.0,2007.0,33,99,3,4,4,3,4,5,False,False,False,False,False,False,False,False,False,False,False,False,False,False,False,False,False,False,False,False,False,True,False,False,False,245000.0,1
8892,5,1960,1960,1065,1065,2,1,6,0,66.0,1974.0,0,0,3,3,3,3,0,4,False,False,False,False,False,False,False,False,False,False,False,False,True,False,False,False,False,False,False,False,False,False,False,False,False,126500.0,0
8530,7,1995,1996,384,1474,2,2,7,1,22.0,1995.0,0,72,3,3,4,3,3,4,False,False,False,False,False,False,False,False,True,False,False,False,False,False,False,False,False,False,False,False,False,False,False,False,False,168500.0,1
16059,8,1991,1992,1288,2417,2,2,9,1,284.0,1991.0,0,82,4,4,4,3,3,5,False,False,False,False,False,False,False,False,False,False,False,False,False,False,False,True,False,False,False,False,False,False,False,False,False,260000.0,1
11911,6,2005,2005,684,1560,2,2,6,1,0.0,2005.0,0,38,4,4,4,3,4,5,False,False,False,False,False,False,False,False,True,False,False,False,False,False,False,False,False,False,False,False,False,False,False,False,False,174000.0,1
3951,6,2009,2009,612,1224,2,2,4,0,76.0,2009.0,0,234,4,4,4,3,0,5,False,False,False,False,False,False,False,False,False,False,False,False,False,False,False,False,False,False,False,False,False,True,False,False,False,164500.0,1
8470,3,1915,1982,1013,1526,0,1,6,0,0.0,1980.0,0,0,2,2,3,0,0,3,False,False,False,False,False,False,False,False,False,True,False,False,False,False,False,False,False,False,False,False,False,False,False,False,False,85000.0,0
8070,4,1994,1995,990,990,0,1,5,0,0.0,1980.0,588,0,3,3,4,0,0,5,False,False,False,False,False,True,False,False,False,False,False,False,False,False,False,False,False,False,False,False,False,False,False,False,False,123600.0,0
7200,4,1950,1950,0,1040,2,1,4,0,0.0,1950.0,0,29,3,3,0,3,0,3,False,False,False,False,False,False,False,False,False,False,False,False,True,False,False,False,False,False,False,False,False,False,False,False,False,109900.0,0
8500,5,1961,1961,1235,1235,2,1,6,0,203.0,1961.0,600,0,3,3,3,3,0,3,False,False,False,False,False,False,False,False,False,False,False,False,True,False,False,False,False,False,False,False,False,False,False,False,False,98600.0,0
13360,5,1921,2006,876,964,2,1,5,0,0.0,1921.0,713,0,3,3,4,3,0,5,False,False,False,False,False,False,True,False,False,False,False,False,False,False,False,False,False,False,False,False,False,False,False,False,False,163500.0,1
7200,6,1910,1998,1214,2291,2,2,9,1,0.0,1900.0,1046,0,3,3,3,3,4,5,False,False,False,False,False,False,False,False,False,False,False,False,False,False,False,False,False,True,False,False,False,False,False,False,False,133900.0,0
9337,6,1997,1997,824,1786,2,2,7,0,0.0,1997.0,648,162,3,4,4,3,0,5,False,False,False,False,False,True,False,False,False,False,False,False,False,False,False,False,False,False,False,False,False,False,False,False,False,204750.0,1
9765,6,1993,1993,680,1470,2,2,6,1,68.0,1993.0,310,63,5,3,4,3,3,4,False,False,False,False,False,False,False,False,True,False,False,False,False,False,False,False,False,False,False,False,False,False,False,False,False,185000.0,1
10264,7,1999,1999,1588,1588,2,2,6,0,183.0,1999.0,1162,29,4,4,4,3,0,5,False,False,False,False,False,True,False,False,False,False,False,False,False,False,False,False,False,False,False,False,False,False,False,False,False,214000.0,1
10921,4,1965,1965,960,960,1,1,6,0,48.0,1965.0,520,0,3,3,3,3,0,3,False,False,False,False,False,False,False,True,False,False,False,False,False,False,False,False,False,False,False,False,False,False,False,False,False,94750.0,0
10625,5,1920,1950,458,835,1,1,5,0,0.0,1920.0,108,0,3,3,3,2,0,2,False,False,False,False,False,False,False,True,False,False,False,False,False,False,False,False,False,False,False,False,False,False,False,False,False,83000.0,0
9320,4,1959,1959,950,1225,0,1,6,0,0.0,1980.0,569,0,3,3,3,0,0,2,False,False,False,False,False,False,False,False,False,False,False,False,True,False,False,False,False,False,False,False,False,False,False,False,False,128950.0,0
10603,6,1977,2001,1610,1610,2,2,6,2,28.0,1977.0,1200,68,3,4,3,3,3,4,False,False,False,False,False,False,False,False,False,False,False,False,False,False,True,False,False,False,False,False,False,False,False,False,False,205000.0,1
9206,6,1985,1985,741,1732,2,2,7,1,336.0,1985.0,0,46,4,4,4,3,3,3,False,False,False,False,False,False,False,False,False,False,False,False,False,False,False,False,False,False,False,False,True,False,False,False,False,178000.0,1
7018,5,1979,1979,0,1535,2,2,8,0,0.0,1979.0,0,0,3,3,0,3,0,3,False,False,False,False,False,False,False,False,False,False,False,False,False,False,False,False,False,False,False,False,True,False,False,False,False,118964.0,0
10402,7,2009,2009,1226,1226,3,2,6,0,0.0,2009.0,0,36,3,4,4,3,0,5,False,False,False,False,False,True,False,False,False,False,False,False,False,False,False,False,False,False,False,False,False,False,False,False,False,198900.0,1
7758,7,1931,1950,1040,1818,1,1,7,2,600.0,1951.0,224,0,3,3,3,3,3,5,False,False,False,False,False,False,False,False,False,True,False,False,False,False,False,False,False,False,False,False,False,False,False,False,False,169500.0,1
9375,8,2003,2004,1053,1992,2,2,9,1,768.0,2003.0,0,45,4,4,5,3,4,5,False,False,False,False,False,False,False,False,False,False,False,False,False,False,False,False,False,False,False,False,False,True,False,False,False,250000.0,1
10800,4,1885,1995,641,1047,1,1,6,0,0.0,1954.0,0,0,3,3,2,2,0,4,False,False,False,False,False,False,False,False,False,False,False,False,False,False,False,False,False,True,False,False,False,False,False,False,False,100000.0,0
6000,5,1948,1950,789,789,1,1,5,0,0.0,1948.0,104,0,3,3,3,3,0,5,False,False,False,False,False,False,False,False,False,False,False,False,False,False,False,False,False,True,False,False,False,False,False,False,False,115000.0,0
8500,5,1919,2005,793,1517,0,2,7,0,0.0,1980.0,0,0,3,2,3,0,0,3,False,False,False,False,False,False,False,False,False,True,False,False,False,False,False,False,False,False,False,False,False,False,False,False,False,115000.0,0
11751,6,1977,1977,1844,1844,2,2,7,1,480.0,1977.0,705,122,3,3,4,3,3,5,False,False,False,False,False,False,False,False,False,False,False,False,False,False,True,False,False,False,False,False,False,False,False,False,False,190000.0,1
9525,6,1954,1972,994,1855,1,2,7,0,0.0,1954.0,444,0,3,3,3,3,0,4,False,False,False,False,False,False,False,True,False,False,False,False,False,False,False,False,False,False,False,False,False,False,False,False,False,136900.0,0
7750,7,2000,2000,384,1430,2,2,7,1,0.0,2000.0,250,0,3,3,4,3,3,5,False,False,False,False,False,False,False,False,True,False,False,False,False,False,False,False,False,False,False,False,False,False,False,False,False,180000.0,1
9965,7,2007,2007,1264,2696,3,2,10,1,220.0,2007.0,984,184,4,5,5,3,4,5,False,False,False,False,False,True,False,False,False,False,False,False,False,False,False,False,False,False,False,False,False,False,False,False,False,383970.0,1
21000,6,1953,1953,1809,2259,2,2,7,2,184.0,1953.0,35,120,3,4,4,3,4,3,False,False,False,False,False,False,True,False,False,False,False,False,False,False,False,False,False,False,False,False,False,False,False,False,False,217000.0,1
7259,6,1945,2002,1028,2320,1,2,9,1,0.0,1945.0,774,0,3,4,3,3,3,5,False,False,False,False,False,False,True,False,False,False,False,False,False,False,False,False,False,False,False,False,False,False,False,False,False,259500.0,1
3230,6,1999,1999,729,1458,2,2,5,1,1129.0,1999.0,419,32,3,3,4,3,2,4,False,False,False,False,False,False,False,False,False,False,False,False,False,False,False,False,False,False,False,False,False,True,False,False,False,176000.0,1
11616,5,1962,1962,1092,1092,1,1,6,1,116.0,1962.0,170,20,3,3,3,3,1,3,False,False,False,False,False,False,False,False,False,False,False,False,False,False,False,False,False,False,False,True,False,False,False,False,False,139000.0,0
8536,5,2006,2007,1125,1125,2,1,5,0,0.0,2007.0,0,64,3,3,4,3,0,4,False,False,False,False,False,False,False,True,False,False,False,False,False,False,False,False,False,False,False,False,False,False,False,False,False,155000.0,0
12376,7,1990,1990,1673,3222,3,3,11,2,0.0,1990.0,1470,0,3,4,4,3,3,4,False,False,False,False,False,False,False,False,False,False,False,False,False,False,False,False,False,False,False,False,True,False,False,False,False,320000.0,1
8461,6,2005,2006,728,1456,2,2,8,1,0.0,2005.0,0,24,4,4,4,3,4,5,False,False,False,False,False,True,False,False,False,False,False,False,False,False,False,False,False,False,False,False,False,False,False,False,False,163990.0,1
21453,6,1969,1969,938,988,2,1,4,2,0.0,1969.0,938,130,3,3,3,3,3,5,False,False,False,False,True,False,False,False,False,False,False,False,False,False,False,False,False,False,False,False,False,False,False,False,False,180000.0,1
6060,4,1939,1950,732,1123,1,1,4,0,0.0,1979.0,0,0,3,3,3,3,0,4,False,False,False,False,False,False,False,False,False,True,False,False,False,False,False,False,False,False,False,False,False,False,False,False,False,100000.0,0
9464,6,1958,1958,1080,1080,1,1,5,0,135.0,1958.0,570,0,3,3,3,3,0,4,False,False,False,False,False,False,False,False,False,False,False,False,True,False,False,False,False,False,False,False,False,False,False,False,False,136000.0,0
7892,6,1993,1993,1199,1199,2,2,5,0,0.0,1993.0,300,63,4,4,4,3,0,5,False,False,False,False,False,False,False,False,False,False,False,False,False,False,False,False,False,False,False,False,True,False,False,False,False,153900.0,0
17043,6,1979,1998,1362,1586,2,2,7,1,0.0,1979.0,0,0,3,3,4,3,3,3,False,False,False,False,False,False,False,False,False,False,False,False,False,False,True,False,False,False,False,False,False,False,False,False,False,181000.0,1
6780,6,1935,1982,520,754,0,1,5,0,0.0,1980.0,490,0,3,3,3,0,0,4,False,False,False,False,False,False,False,False,False,True,False,False,False,False,False,False,False,False,False,False,False,False,False,False,False,84500.0,0
4928,6,1976,1976,1078,958,2,2,5,1,0.0,1977.0,120,205,3,3,4,3,3,3,False,False,False,False,False,False,False,False,False,False,False,False,False,True,False,False,False,False,False,False,False,False,False,False,False,128000.0,0
4388,5,1930,1950,672,840,0,1,5,1,0.0,1980.0,116,0,3,3,3,0,3,5,False,False,False,False,False,False,False,False,False,False,False,False,False,False,False,False,False,True,False,False,False,False,False,False,False,87000.0,0
7590,6,1966,1966,660,1348,2,1,6,1,266.0,1966.0,512,108,3,3,3,3,2,3,False,False,False,False,False,False,False,False,False,False,False,False,True,False,False,False,False,False,False,False,False,False,False,False,False,155000.0,0
8973,5,1958,1991,1008,1053,2,1,6,0,85.0,1998.0,567,80,3,5,3,3,0,3,False,False,False,False,False,False,False,False,False,False,False,False,True,False,False,False,False,False,False,False,False,False,False,False,False,150000.0,0
14200,7,1966,1966,924,2157,2,2,8,2,309.0,1966.0,445,66,3,4,3,3,4,5,False,False,False,False,False,False,False,False,False,False,False,False,True,False,False,False,False,False,False,False,False,False,False,False,False,226000.0,1
12224,6,2000,2000,992,2054,2,2,7,1,40.0,2000.0,695,48,4,4,4,3,3,5,False,False,False,False,False,False,False,False,True,False,False,False,False,False,False,False,False,False,False,False,False,False,False,False,False,244000.0,1
7388,5,1959,2002,1063,1327,2,1,7,0,0.0,1974.0,405,0,3,4,3,3,0,4,False,False,False,False,False,False,False,False,False,False,False,False,True,False,False,False,False,False,False,False,False,False,False,False,False,150750.0,0
6853,8,2001,2002,1267,1296,2,2,6,0,136.0,2001.0,1005,25,4,4,5,3,0,5,False,False,False,False,False,False,False,False,False,False,False,False,False,False,False,False,False,False,False,False,False,False,False,True,False,220000.0,1
10335,5,1968,1993,1461,1721,2,2,7,1,0.0,1968.0,570,96,3,3,3,3,3,4,False,False,False,False,False,False,False,False,False,False,False,False,False,False,False,False,False,False,False,True,False,False,False,False,False,180000.0,1
10400,7,1970,1970,1304,1682,2,2,7,1,288.0,1970.0,0,0,3,3,3,3,4,4,False,False,False,False,False,False,False,False,False,False,False,False,False,False,True,False,False,False,False,False,False,False,False,False,False,174000.0,1
10355,5,1967,1967,1214,1214,1,2,5,1,196.0,1967.0,695,111,3,3,3,3,2,3,False,False,False,False,False,False,False,False,False,False,False,False,True,False,False,False,False,False,False,False,False,False,False,False,False,143000.0,0
11070,7,1988,1989,1907,1959,3,3,9,0,70.0,1989.0,0,0,3,3,3,3,0,4,False,False,False,False,False,False,False,False,False,False,False,True,False,False,False,False,False,False,False,False,False,False,False,False,False,171000.0,1
9066,8,1999,2000,1004,1852,3,2,7,2,320.0,1999.0,668,106,4,4,4,3,3,5,False,False,False,False,False,True,False,False,False,False,False,False,False,False,False,False,False,False,False,False,False,False,False,False,False,230000.0,1
15426,6,1997,1997,928,1764,2,2,7,0,0.0,1997.0,821,99,3,4,4,3,0,5,False,False,False,False,False,True,False,False,False,False,False,False,False,False,False,False,False,False,False,False,False,False,False,False,False,231500.0,1
10500,4,1971,1971,864,864,0,1,5,1,0.0,1980.0,432,0,3,3,3,0,1,3,False,False,False,False,False,False,False,False,False,False,False,False,True,False,False,False,False,False,False,False,False,False,False,False,False,115000.0,0
11645,7,2005,2005,1734,1734,2,2,7,0,0.0,2005.0,1300,24,4,4,4,3,0,5,False,False,False,False,False,True,False,False,False,False,False,False,False,False,False,False,False,False,False,False,False,False,False,False,False,260000.0,1
8520,5,1952,1952,910,1385,2,2,6,0,0.0,2000.0,507,0,3,3,3,3,0,2,False,False,False,False,False,False,False,False,False,False,False,False,True,False,False,False,False,False,False,False,False,False,False,False,False,166000.0,1
10335,7,1999,1999,1490,1501,2,2,6,0,183.0,1999.0,679,29,4,4,4,3,0,5,False,False,False,False,False,True,False,False,False,False,False,False,False,False,False,False,False,False,False,False,False,False,False,False,False,204000.0,1
9100,5,1963,1963,1728,1728,2,2,10,0,336.0,1963.0,1332,0,3,3,3,3,0,3,False,False,False,False,False,False,False,False,False,False,False,False,False,False,False,False,False,False,False,True,False,False,False,False,False,125000.0,0
2522,6,2004,2006,970,1709,2,2,7,0,50.0,2004.0,0,40,4,4,4,3,0,5,False,False,False,False,False,False,False,True,False,False,False,False,False,False,False,False,False,False,False,False,False,False,False,False,False,130000.0,0
6120,5,1931,1993,715,875,1,1,5,0,0.0,1931.0,209,0,3,3,3,2,0,3,False,False,False,True,False,False,False,False,False,False,False,False,False,False,False,False,False,False,False,False,False,False,False,False,False,105000.0,0
9505,7,2001,2001,884,2035,2,2,8,1,180.0,2001.0,0,48,4,4,4,3,4,5,False,False,False,False,False,False,False,False,True,False,False,False,False,False,False,False,False,False,False,False,False,False,False,False,False,222500.0,1
7500,7,2004,2005,1080,1080,0,1,6,0,120.0,1980.0,680,0,3,4,4,0,0,5,False,False,False,False,False,False,False,False,False,False,False,False,False,False,False,False,False,False,False,False,True,False,False,False,False,141000.0,0
6240,5,1936,1950,896,1344,1,1,7,0,0.0,1936.0,0,114,3,3,4,2,0,4,False,False,False,True,False,False,False,False,False,False,False,False,False,False,False,False,False,False,False,False,False,False,False,False,False,115000.0,0
10356,5,1975,1975,969,969,2,1,5,0,0.0,1975.0,716,0,3,3,3,3,0,3,False,False,False,False,False,True,False,False,False,False,False,False,False,False,False,False,False,False,False,False,False,False,False,False,False,122000.0,0
13891,8,2007,2008,1710,1710,3,2,6,1,436.0,2007.0,1400,102,4,4,5,3,4,5,False,False,False,False,False,False,False,False,False,False,False,False,False,False,False,False,True,False,False,False,False,False,False,False,False,372402.0,1
14803,6,1971,1971,825,1993,2,2,8,1,252.0,1971.0,416,66,3,3,3,3,4,4,False,False,False,False,False,False,False,False,False,False,False,False,False,False,True,False,False,False,False,False,False,False,False,False,False,190000.0,1
13500,6,1960,1975,1602,1252,2,1,4,1,0.0,1960.0,429,0,3,3,4,3,4,4,False,False,False,False,True,False,False,False,False,False,False,False,False,False,False,False,False,False,False,False,False,False,False,False,False,235000.0,1
11340,6,1923,1950,1200,1200,1,1,7,0,0.0,1923.0,0,0,3,3,3,2,0,3,False,False,False,False,False,False,False,False,False,False,False,False,False,False,False,False,False,True,False,False,False,False,False,False,False,125000.0,0
9600,6,1924,1950,572,1096,0,1,5,0,0.0,1980.0,0,8,3,3,3,0,0,2,False,False,False,False,False,False,False,True,False,False,False,False,False,False,False,False,False,False,False,False,False,False,False,False,False,79000.0,0
7200,5,1950,1950,0,1040,2,1,5,0,0.0,1950.0,0,0,3,3,0,3,0,3,False,False,False,False,False,False,False,False,False,False,False,False,True,False,False,False,False,False,False,False,False,False,False,False,False,109500.0,0
12003,8,2009,2010,774,1968,3,2,8,1,84.0,2009.0,0,75,4,5,5,3,4,5,False,False,False,False,False,False,False,False,False,False,False,False,False,False,False,False,False,False,False,False,False,False,False,True,False,269500.0,1
12552,7,2004,2005,991,1947,2,2,8,1,0.0,2004.0,222,136,4,4,4,3,4,5,False,False,False,False,False,False,False,False,False,False,False,False,False,False,False,False,False,False,False,False,False,True,False,False,False,254900.0,1
19378,7,2005,2006,1392,2462,2,2,9,1,456.0,2006.0,57,132,4,4,4,3,4,5,False,False,False,False,False,False,False,False,True,False,False,False,False,False,False,False,False,False,False,False,False,False,False,False,False,320000.0,1
11120,6,1984,1984,1232,1232,2,2,6,0,0.0,1984.0,660,0,3,3,4,3,0,3,False,False,False,False,False,False,False,False,False,False,False,False,False,False,False,False,False,False,False,False,False,False,False,False,True,162500.0,0
13688,9,2003,2004,1572,2668,3,2,10,2,664.0,2003.0,1016,0,4,5,5,3,4,5,False,False,False,False,False,False,False,False,False,False,False,False,False,False,False,False,True,False,False,False,False,False,False,False,False,412500.0,1
12182,7,2005,2005,1541,1541,2,2,7,1,226.0,2005.0,1201,70,4,4,4,3,4,5,False,False,False,False,False,False,False,False,False,False,False,False,False,False,False,False,True,False,False,False,False,False,False,False,False,220000.0,1
5500,4,1956,1956,882,882,0,1,4,0,0.0,1980.0,0,0,3,3,3,0,0,5,False,False,False,False,False,False,False,False,False,False,False,False,False,False,False,False,False,True,False,False,False,False,False,False,False,103200.0,0
5400,6,1926,2004,1149,1616,1,2,5,0,0.0,1926.0,370,0,3,4,3,3,0,4,False,False,False,False,False,False,False,False,False,False,False,False,False,False,False,False,False,True,False,False,False,False,False,False,False,152000.0,0
10106,5,1940,1999,644,1355,0,2,6,0,0.0,1980.0,351,0,3,3,3,0,0,4,False,False,False,False,False,False,False,True,False,False,False,False,False,False,False,False,False,False,False,False,False,False,False,False,False,127500.0,0
10708,5,1955,1993,1617,1867,1,1,7,3,0.0,1955.0,379,0,4,3,3,3,4,5,False,False,False,False,True,False,False,False,False,False,False,False,False,False,False,False,False,False,False,False,False,False,False,False,False,190000.0,1
10562,8,2007,2007,1582,2161,3,1,8,1,300.0,2007.0,1288,120,4,5,5,3,4,5,False,False,False,False,False,False,False,False,False,False,False,False,False,False,False,False,True,False,False,False,False,False,False,False,False,325624.0,1
8244,7,2004,2004,840,1720,2,2,7,1,0.0,2004.0,0,48,4,4,4,3,4,5,False,False,False,False,False,False,False,False,True,False,False,False,False,False,False,False,False,False,False,False,False,False,False,False,False,183500.0,1
16669,8,1981,1981,1686,1707,2,2,6,1,653.0,1981.0,0,64,4,3,4,3,3,3,False,False,False,False,False,False,False,False,False,False,False,False,False,False,False,False,False,False,False,False,False,False,False,True,False,228000.0,1
12358,5,1941,1950,720,1382,2,1,7,0,0.0,1991.0,360,0,3,3,3,3,0,3,False,False,False,False,False,False,False,False,False,False,False,False,False,False,False,False,False,True,False,False,False,False,False,False,False,128500.0,0
31770,6,1960,1960,1080,1656,2,1,7,2,112.0,1960.0,639,62,3,3,3,3,4,2,False,False,False,False,False,False,False,False,False,False,False,False,True,False,False,False,False,False,False,False,False,False,False,False,False,215000.0,1
5306,7,1987,1987,1064,1767,2,2,5,1,0.0,1987.0,495,35,4,4,4,4,3,4,False,False,False,False,False,False,False,False,False,False,False,False,False,False,False,False,False,False,False,False,False,False,True,False,False,239000.0,1
10197,6,1961,1961,1362,1362,2,1,6,1,491.0,1961.0,288,20,3,3,3,3,3,3,False,False,False,False,False,False,False,False,False,False,False,False,True,False,False,False,False,False,False,False,False,False,False,False,False,163000.0,0
12416,6,1986,1986,1606,1651,2,2,7,1,132.0,1986.0,1398,0,3,3,4,3,3,3,False,False,False,False,False,False,False,False,False,False,False,False,False,False,False,False,False,False,False,False,False,False,False,True,False,184000.0,1
12615,6,1950,2001,1202,2158,2,2,7,1,0.0,1950.0,477,29,3,4,3,3,4,3,False,False,False,False,False,False,False,True,False,False,False,False,False,False,False,False,False,False,False,False,False,False,False,False,False,243000.0,1
10029,6,1988,1989,1151,2060,2,2,8,1,268.0,1988.0,831,228,4,3,4,3,3,3,False,False,False,False,True,False,False,False,False,False,False,False,False,False,False,False,False,False,False,False,False,False,False,False,False,211000.0,1
13650,5,1958,1958,1052,1920,2,2,8,1,0.0,1958.0,57,0,4,4,3,3,4,5,False,False,False,False,False,False,False,False,False,False,False,False,False,False,False,False,False,False,False,True,False,False,False,False,False,172500.0,1
17423,9,2008,2009,2216,2234,3,2,9,1,748.0,2009.0,1904,60,5,5,5,3,4,5,False,False,False,False,False,False,False,False,False,False,False,False,False,False,False,False,False,False,False,False,False,False,True,False,False,501837.0,1
8520,5,1923,2006,968,968,2,1,5,0,0.0,1935.0,0,0,4,3,3,2,0,3,False,False,False,False,False,False,False,False,False,False,False,False,False,False,False,False,False,True,False,False,False,False,False,False,False,100000.0,0
2117,6,2000,2000,756,1525,2,2,5,1,456.0,2000.0,436,0,4,4,4,3,3,5,False,False,False,False,False,False,False,False,False,False,False,False,False,False,False,False,False,False,False,False,False,True,False,False,False,177000.0,1
7588,7,1920,1950,793,1802,1,1,9,1,0.0,1920.0,352,0,3,3,2,2,4,4,False,False,False,False,False,False,True,False,False,False,False,False,False,False,False,False,False,False,False,False,False,False,False,False,False,200100.0,1
9060,5,1957,2006,0,1340,1,1,7,1,98.0,1957.0,0,0,3,3,0,3,4,5,False,False,False,False,False,False,False,True,False,False,False,False,False,False,False,False,False,False,False,False,False,False,False,False,False,120000.0,0
11426,7,2003,2003,1362,2082,2,2,6,0,0.0,2003.0,0,238,3,4,4,3,0,5,False,False,False,False,False,False,False,False,False,False,False,False,False,False,False,False,False,True,False,False,False,False,False,False,False,200000.0,1
7438,5,1908,1991,504,1252,2,1,5,0,0.0,1986.0,0,0,3,3,2,3,0,4,False,False,False,True,False,False,False,False,False,False,False,False,False,False,False,False,False,False,False,False,False,False,False,False,False,127000.0,0
22950,10,1892,1993,1107,3608,3,2,12,2,0.0,1993.0,0,260,4,5,3,5,3,5,False,False,False,False,False,False,False,False,False,False,False,False,False,False,False,False,False,True,False,False,False,False,False,False,False,475000.0,1
9947,7,1990,1991,1188,1217,2,2,6,0,0.0,1990.0,611,27,3,4,4,3,0,5,False,False,False,False,False,False,False,False,False,False,False,True,False,False,False,False,False,False,False,False,False,False,False,False,False,173000.0,1
10410,5,1916,1987,660,1656,1,2,8,0,0.0,1916.0,0,0,3,3,2,2,0,5,False,False,False,False,False,False,False,False,False,False,False,False,False,False,False,False,False,True,False,False,False,False,False,False,False,135000.0,0
7018,5,1979,1979,1086,1224,2,0,6,2,275.0,1979.0,1086,0,3,3,4,3,3,3,False,False,False,False,False,False,False,False,False,False,False,False,False,False,False,False,False,False,False,False,True,False,False,False,False,153337.0,0
4923,8,2001,2002,1593,1593,2,1,5,1,0.0,2001.0,1153,120,4,5,5,3,4,5,False,False,False,False,False,False,False,False,False,False,False,False,False,False,False,False,False,False,False,False,False,False,True,False,False,286000.0,1
10570,8,1932,1994,853,2727,2,2,10,2,0.0,1932.0,297,74,4,4,4,3,3,3,False,False,False,False,False,False,True,False,False,False,False,False,False,False,False,False,False,False,False,False,False,False,False,False,False,315000.0,1
7472,7,1972,2004,725,1479,2,1,7,0,138.0,1972.0,626,32,3,4,3,3,0,4,False,False,False,False,False,False,False,False,False,False,False,False,True,False,False,False,False,False,False,False,False,False,False,False,False,184000.0,1
9017,7,1999,1999,1431,1431,2,2,6,0,0.0,1999.0,560,35,4,4,4,3,0,5,False,False,False,False,False,True,False,False,False,False,False,False,False,False,False,False,False,False,False,False,False,False,False,False,False,192000.0,1
2522,7,2004,2004,970,1709,2,2,7,0,50.0,2004.0,0,40,4,4,4,3,0,5,False,False,False,False,False,False,False,True,False,False,False,False,False,False,False,False,False,False,False,False,False,False,False,False,False,130000.0,0
7180,5,1972,1972,864,864,1,1,5,0,0.0,1989.0,390,0,3,3,3,3,0,3,False,False,False,False,False,True,False,False,False,False,False,False,False,False,False,False,False,False,False,False,False,False,False,False,False,127000.0,0
2280,6,1976,1976,855,1456,2,2,7,1,0.0,1976.0,566,0,3,3,4,3,3,3,False,False,False,False,False,False,False,False,False,False,False,False,False,True,False,False,False,False,False,False,False,False,False,False,False,148500.0,0
9416,7,2007,2007,1726,1726,3,2,8,1,205.0,2007.0,1126,138,5,5,5,3,4,5,False,False,False,False,False,False,False,False,False,False,False,False,False,False,False,False,False,False,False,False,False,True,False,False,False,311872.0,1
25419,8,1918,1990,1360,3112,2,2,8,1,0.0,1918.0,1036,16,4,4,3,3,5,4,False,False,False,False,False,False,False,False,False,False,False,False,True,False,False,False,False,False,False,False,False,False,False,False,False,235000.0,1
5520,6,1912,1950,755,2229,0,1,8,0,0.0,1980.0,0,198,3,3,3,0,0,5,False,False,False,False,False,False,False,False,False,False,False,False,False,False,False,False,False,True,False,False,False,False,False,False,False,104000.0,0
9591,8,2004,2005,1713,1713,3,2,7,1,262.0,2004.0,1088,26,4,5,5,3,4,5,False,False,False,False,False,False,False,False,False,False,False,False,False,False,False,False,True,False,False,False,False,False,False,False,False,274900.0,1
8546,4,2003,2004,1121,1121,2,2,5,0,0.0,2003.0,0,64,3,3,4,3,0,5,False,False,False,False,False,False,False,True,False,False,False,False,False,False,False,False,False,False,False,False,False,False,False,False,False,140000.0,0
10125,6,1977,1977,1196,1279,2,2,6,2,0.0,1980.0,641,83,3,3,3,3,2,3,False,False,False,False,False,False,False,False,False,False,False,True,False,False,False,False,False,False,False,False,False,False,False,False,False,171500.0,1
7000,6,1924,1950,617,1310,1,2,6,0,0.0,1924.0,617,0,3,3,2,3,0,4,False,False,False,False,False,False,False,False,False,False,False,False,False,False,False,False,False,True,False,False,False,False,False,False,False,112000.0,0
4438,6,2004,2004,848,848,2,1,3,1,205.0,2004.0,662,0,4,4,4,3,4,5,False,False,False,False,False,True,False,False,False,False,False,False,False,False,False,False,False,False,False,False,False,False,False,False,False,149000.0,0
3500,5,1947,1950,720,1284,1,1,5,0,0.0,1948.0,312,35,3,3,3,3,0,3,False,False,False,False,False,False,False,False,False,False,False,False,False,False,False,False,False,True,False,False,False,False,False,False,False,110000.0,0
11851,7,1990,1990,1424,1442,2,2,5,0,0.0,1990.0,0,34,3,3,4,3,0,5,False,False,False,False,False,False,False,False,True,False,False,False,False,False,False,False,False,False,False,False,False,False,False,False,False,180500.0,1
13673,5,1962,1962,1140,1696,1,1,8,1,0.0,1962.0,0,30,3,3,3,3,3,3,False,False,False,False,False,False,False,False,False,False,False,False,False,False,False,False,False,False,False,True,False,False,False,False,False,143900.0,0
12493,4,1960,1960,1100,1100,1,1,6,1,0.0,1960.0,419,0,3,3,3,3,1,3,False,False,False,False,False,False,False,False,False,False,False,False,True,False,False,False,False,False,False,False,False,False,False,False,False,141000.0,0
14364,7,1988,1989,1157,2062,2,2,7,1,128.0,1988.0,1065,55,4,3,4,3,4,5,False,False,False,False,False,False,False,False,False,False,False,False,False,False,False,False,False,False,False,False,True,False,False,False,False,277000.0,1
8250,6,1964,1964,1092,1092,2,1,6,0,260.0,1964.0,787,0,3,3,4,3,0,5,False,False,False,False,False,False,False,False,False,False,False,False,True,False,False,False,False,False,False,False,False,False,False,False,False,145000.0,0
5604,5,1925,1950,864,864,0,1,5,0,0.0,1980.0,468,0,3,3,3,0,0,3,False,False,False,False,False,False,False,True,False,False,False,False,False,False,False,False,False,False,False,False,False,False,False,False,False,98000.0,0
10420,6,2009,2009,1212,1212,2,2,6,0,0.0,2009.0,36,22,3,4,4,3,0,5,False,False,False,False,False,False,False,True,False,False,False,False,False,False,False,False,False,False,False,False,False,False,False,False,False,186000.0,1
8640,7,2009,2009,900,1852,2,2,7,1,0.0,2009.0,822,108,3,4,4,3,3,5,False,False,False,False,False,False,False,False,False,False,False,False,False,False,False,False,False,False,False,False,False,True,False,False,False,252678.0,1
13568,5,1995,1995,990,990,2,1,5,0,0.0,1996.0,716,0,3,3,4,3,0,5,False,False,False,False,False,True,False,False,False,False,False,False,False,False,False,False,False,False,False,False,False,False,False,False,False,156000.0,0
10900,6,1977,1977,689,1392,1,1,6,0,153.0,1977.0,378,36,3,3,4,3,0,5,False,False,False,False,False,True,False,False,False,False,False,False,False,False,False,False,False,False,False,False,False,False,False,False,False,161750.0,0
10011,5,1957,1996,1070,1236,1,1,6,1,64.0,1957.0,360,0,3,4,3,3,2,3,False,False,False,False,False,False,False,False,False,False,False,False,True,False,False,False,False,False,False,False,False,False,False,False,False,134450.0,0
8450,7,2004,2004,1436,1436,2,2,8,0,266.0,2004.0,946,98,4,4,4,3,0,5,False,False,False,False,False,True,False,False,False,False,False,False,False,False,False,False,False,False,False,False,False,False,False,False,False,210000.0,1
9906,4,1925,1950,686,1328,1,1,8,0,0.0,1940.0,0,172,3,3,3,3,0,2,False,False,False,False,False,False,False,False,False,False,False,False,False,False,False,False,False,True,False,False,False,False,False,False,False,107000.0,0
15660,7,1939,2006,798,1954,2,1,8,2,312.0,1939.0,341,119,4,4,3,3,3,5,False,False,False,False,False,False,True,False,False,False,False,False,False,False,False,False,False,False,False,False,False,False,False,False,False,311500.0,1
3010,7,2005,2006,1248,1248,2,2,5,0,16.0,2005.0,16,0,4,4,4,3,0,5,True,False,False,False,False,False,False,False,False,False,False,False,False,False,False,False,False,False,False,False,False,False,False,False,False,167240.0,1
8990,7,2006,2006,1498,1498,2,2,5,0,0.0,2006.0,0,33,4,4,4,3,0,5,False,False,False,False,False,True,False,False,False,False,False,False,False,False,False,False,False,False,False,False,False,False,False,False,False,204900.0,1
8068,6,2002,2002,1010,2267,2,2,8,1,0.0,2002.0,0,46,4,4,4,3,3,5,False,False,False,False,False,False,False,False,True,False,False,False,False,False,False,False,False,False,False,False,False,False,False,False,False,200000.0,1
11475,6,1975,1975,713,1552,2,2,6,1,0.0,1975.0,550,208,3,3,4,3,3,3,False,False,False,False,False,False,False,False,False,False,False,False,False,False,True,False,False,False,False,False,False,False,False,False,False,179900.0,1
10500,4,1971,1971,864,864,2,1,4,0,0.0,1989.0,524,0,3,3,3,3,0,4,False,False,False,False,False,False,False,False,False,False,False,False,True,False,False,False,False,False,False,False,False,False,False,False,False,97000.0,0
13472,10,2003,2003,2392,2392,3,2,8,1,922.0,2003.0,56,105,5,5,5,3,5,5,False,False,False,False,False,False,False,False,False,False,False,False,False,False,False,False,True,False,False,False,False,False,False,False,False,386250.0,1
1680,5,1971,1971,630,1302,1,2,6,0,142.0,1991.0,0,0,3,3,3,3,0,3,False,False,True,False,False,False,False,False,False,False,False,False,False,False,False,False,False,False,False,False,False,False,False,False,False,112000.0,0
9950,7,1995,1995,1203,2520,3,2,9,1,290.0,1995.0,565,114,4,4,4,3,3,5,False,False,False,False,False,False,False,False,False,False,False,False,False,False,False,True,False,False,False,False,False,False,False,False,False,290000.0,1
1869,6,1970,1970,483,987,1,1,5,0,127.0,1987.0,321,0,3,3,3,3,0,3,False,False,True,False,False,False,False,False,False,False,False,False,False,False,False,False,False,False,False,False,False,False,False,False,False,106000.0,0
8521,5,1967,1967,912,912,1,1,5,1,0.0,1974.0,842,0,3,3,3,3,2,3,False,False,False,False,False,False,False,False,False,False,False,False,False,False,False,False,False,False,False,True,False,False,False,False,False,125000.0,0
3182,7,2005,2006,1373,1555,2,2,7,1,16.0,2005.0,16,20,4,4,4,3,3,5,True,False,False,False,False,False,False,False,False,False,False,False,False,False,False,False,False,False,False,False,False,False,False,False,False,192500.0,1
8760,6,1959,1959,1194,1194,1,1,6,0,220.0,1959.0,0,0,3,3,3,3,0,3,False,False,False,False,False,False,False,False,False,False,False,False,True,False,False,False,False,False,False,False,False,False,False,False,False,148000.0,0
15138,8,1995,1996,1462,2794,3,2,9,1,506.0,1995.0,689,146,4,5,4,3,3,5,False,False,False,False,False,False,False,False,False,False,False,False,False,False,False,True,False,False,False,False,False,False,False,False,False,403000.0,1
1680,6,1972,1972,483,987,1,1,5,1,297.0,1972.0,0,0,3,3,3,3,1,3,False,False,True,False,False,False,False,False,False,False,False,False,False,False,False,False,False,False,False,False,False,False,False,False,False,94500.0,0
10650,5,1976,1976,894,894,1,1,5,0,0.0,1976.0,182,0,3,3,3,3,0,3,False,False,False,False,False,True,False,False,False,False,False,False,False,False,False,False,False,False,False,False,False,False,False,False,False,128200.0,0
7851,6,2002,2002,860,1960,2,2,8,2,0.0,2002.0,625,48,4,4,4,3,3,5,False,False,False,False,False,False,False,False,True,False,False,False,False,False,False,False,False,False,False,False,False,False,False,False,False,216500.0,1
1680,6,1971,1971,483,987,1,1,5,0,604.0,1971.0,358,0,3,3,3,3,0,3,False,False,True,False,False,False,False,False,False,False,False,False,False,False,False,False,False,False,False,False,False,False,False,False,False,89500.0,0
8773,7,2004,2004,1414,1414,2,2,6,0,98.0,2004.0,24,105,4,4,4,3,0,5,False,False,False,False,False,True,False,False,False,False,False,False,False,False,False,False,False,False,False,False,False,False,False,False,False,185500.0,1
9453,7,1993,2003,996,1744,2,2,7,0,0.0,1993.0,402,70,4,4,4,3,0,5,False,False,False,False,False,False,False,False,False,False,False,False,False,False,False,False,False,False,False,False,True,False,False,False,False,194500.0,1
12030,8,2007,2007,1694,1694,3,2,7,0,254.0,2007.0,0,228,5,4,5,3,0,5,False,False,False,False,False,False,False,False,False,False,False,False,False,False,False,False,True,False,False,False,False,False,False,False,False,318000.0,1
8741,6,1945,1950,735,1487,1,1,7,1,0.0,1949.0,94,140,3,3,3,3,4,3,False,False,False,False,False,False,False,True,False,False,False,False,False,False,False,False,False,False,False,False,False,False,False,False,False,113000.0,0
9000,8,2008,2008,1566,1566,2,2,7,0,36.0,2008.0,1078,168,4,4,4,3,0,5,False,False,False,False,False,False,False,False,False,False,False,False,False,False,False,False,False,False,False,False,False,True,False,False,False,262500.0,1
3880,5,1945,1997,686,866,0,1,4,0,0.0,1980.0,329,42,3,4,3,0,0,4,False,False,False,False,False,False,False,False,False,False,False,False,False,False,False,False,False,True,False,False,False,False,False,False,False,110500.0,0
5000,5,1900,1950,540,1440,1,1,6,0,0.0,1940.0,0,0,3,3,3,2,0,4,False,False,False,False,False,False,False,False,False,False,False,False,False,False,False,False,False,True,False,False,False,False,False,False,False,79000.0,0
10762,6,1980,1980,626,1217,1,1,6,1,0.0,1980.0,0,28,3,3,4,3,3,3,False,False,False,False,False,False,False,False,False,False,False,False,False,False,False,False,False,False,False,False,True,False,False,False,False,120000.0,0
8880,7,1994,2002,948,2110,2,2,8,2,0.0,1994.0,695,130,4,4,4,3,2,5,False,False,False,False,False,False,False,False,False,False,False,False,False,False,False,False,False,False,False,False,True,False,False,False,False,205000.0,1
10400,7,1988,1988,1845,1872,2,2,6,1,102.0,1988.0,929,39,3,3,4,3,3,4,False,False,False,False,False,False,False,False,False,False,False,False,False,False,True,False,False,False,False,False,False,False,False,False,False,241500.0,1
9142,6,1910,1950,1020,1928,1,2,9,0,0.0,1910.0,0,60,3,2,2,1,0,4,False,False,False,False,False,False,False,False,False,False,False,False,False,False,False,False,False,True,False,False,False,False,False,False,False,137000.0,0
11310,6,1954,1954,1367,1375,2,1,5,1,0.0,1954.0,0,30,3,3,3,3,3,5,False,False,False,False,False,False,False,False,False,False,False,False,True,False,False,False,False,False,False,False,False,False,False,False,False,140000.0,0
11317,7,2003,2003,840,1668,2,2,8,0,101.0,2003.0,0,68,4,4,4,3,0,5,False,False,False,False,False,True,False,False,False,False,False,False,False,False,False,False,False,False,False,False,False,False,False,False,False,180000.0,1
159000,6,1958,2006,1444,2144,2,2,7,2,472.0,1958.0,697,98,4,4,4,3,3,4,False,False,False,False,True,False,False,False,False,False,False,False,False,False,False,False,False,False,False,False,False,False,False,False,False,277000.0,1
5350,3,1940,1966,728,1306,0,1,6,0,0.0,1980.0,0,0,3,2,3,0,0,5,False,False,False,True,False,False,False,False,False,False,False,False,False,False,False,False,False,False,False,False,False,False,False,False,False,76500.0,0
4750,8,2006,2007,1573,1625,2,2,5,1,481.0,2006.0,1573,0,4,4,4,3,4,5,False,False,False,False,False,False,True,False,False,False,False,False,False,False,False,False,False,False,False,False,False,False,False,False,False,235000.0,1
8366,6,2004,2004,798,1640,2,2,6,0,0.0,2004.0,0,45,4,4,4,3,0,5,False,False,False,False,False,False,False,False,False,False,False,False,False,False,False,False,False,False,False,False,True,False,False,False,False,173000.0,1
9350,6,1964,1991,1302,1302,1,2,7,0,108.0,1964.0,270,0,3,4,4,3,0,5,False,False,False,False,False,False,False,False,False,False,False,False,True,False,False,False,False,False,False,False,False,False,False,False,False,158000.0,0
8400,5,1957,1957,1314,1314,1,1,5,0,0.0,1957.0,922,0,3,3,3,3,0,3,False,False,False,False,False,False,False,False,False,False,False,False,True,False,False,False,False,False,False,False,False,False,False,False,False,145000.0,0
8738,7,1999,1999,975,2291,2,2,8,1,302.0,1999.0,0,0,4,4,4,3,3,5,False,False,False,False,False,False,False,False,True,False,False,False,False,False,False,False,False,False,False,False,False,False,False,False,False,230000.0,1
8791,6,2003,2003,864,1728,2,2,7,0,0.0,2003.0,503,56,4,4,4,3,0,5,False,False,False,False,False,False,False,False,False,False,False,False,False,False,False,False,False,False,False,False,False,True,False,False,False,207500.0,1
8814,7,2006,2006,1604,1604,2,2,8,1,180.0,2006.0,1334,110,4,4,4,3,4,5,False,False,False,False,False,True,False,False,False,False,False,False,False,False,False,False,False,False,False,False,False,False,False,False,False,220000.0,1
12435,7,2001,2001,963,1792,2,2,7,1,172.0,2001.0,361,96,4,4,4,3,3,5,False,False,False,False,False,True,False,False,False,False,False,False,False,False,False,False,False,False,False,False,False,False,False,False,False,231500.0,1
12702,5,1956,1956,0,882,1,1,4,0,0.0,1956.0,0,45,3,3,0,3,0,4,False,False,False,False,False,False,False,False,False,False,False,False,False,False,False,False,False,True,False,False,False,False,False,False,False,97000.0,0
19296,6,1962,1962,1362,1382,2,1,6,1,399.0,1991.0,672,0,3,3,3,3,3,3,False,False,False,False,False,False,False,False,False,False,False,False,True,False,False,False,False,False,False,False,False,False,False,False,False,176000.0,1
9588,8,2007,2007,1482,2574,3,2,10,1,270.0,2007.0,0,148,4,5,5,3,4,5,False,False,False,False,False,True,False,False,False,False,False,False,False,False,False,False,False,False,False,False,False,False,False,False,False,276000.0,1
8471,6,1977,1995,506,1212,2,1,6,1,46.0,1978.0,506,12,3,3,4,3,3,3,False,False,False,False,False,False,False,False,False,False,False,False,False,False,False,False,False,False,False,True,False,False,False,False,False,151000.0,0
5500,5,1929,2001,926,1316,2,1,6,0,0.0,1974.0,234,0,3,3,3,3,0,3,False,False,False,False,False,False,False,False,False,False,False,False,False,False,False,False,False,True,False,False,False,False,False,False,False,130000.0,0
5232,5,1925,2004,680,764,2,1,4,0,0.0,1965.0,0,0,3,3,2,3,0,4,False,False,False,False,False,False,False,False,False,False,False,False,False,False,False,False,False,True,False,False,False,False,False,False,False,73000.0,0
12090,6,1981,1981,1422,1422,2,2,7,1,210.0,1981.0,588,0,3,4,4,3,3,3,False,False,False,False,False,False,False,False,False,False,False,False,False,False,True,False,False,False,False,False,False,False,False,False,False,175500.0,1
11207,6,1997,1997,802,1511,2,2,8,1,0.0,1997.0,714,75,3,3,4,3,3,4,False,False,False,False,False,False,False,False,True,False,False,False,False,False,False,False,False,False,False,False,False,False,False,False,False,185000.0,1
8400,5,1939,1997,720,2192,1,2,8,1,0.0,1939.0,378,24,3,4,3,3,4,5,False,False,False,False,False,False,False,False,False,False,False,False,False,False,False,False,False,False,True,False,False,False,False,False,False,179500.0,1
6900,5,1940,1955,740,778,1,1,4,1,0.0,1966.0,403,25,3,3,3,5,4,5,False,False,False,False,False,False,False,False,False,True,False,False,False,False,False,False,False,False,False,False,False,False,False,False,False,120500.0,0
7917,6,1976,1976,1143,1113,1,1,6,1,174.0,1987.0,751,30,3,3,3,3,2,3,False,False,False,False,False,False,False,True,False,False,False,False,False,False,False,False,False,False,False,False,False,False,False,False,False,148000.0,0
10728,8,2006,2006,1095,1939,3,2,8,1,0.0,2006.0,0,51,4,4,4,3,4,4,False,False,False,False,False,False,False,False,False,False,False,False,False,False,False,False,False,False,False,False,False,True,False,False,False,266000.0,1
39104,7,1954,2005,1385,1363,2,1,5,2,0.0,1954.0,226,0,3,3,4,3,3,5,False,False,False,False,True,False,False,False,False,False,False,False,False,False,False,False,False,False,False,False,False,False,False,False,False,241500.0,1
11764,8,1999,2007,1152,2270,3,2,9,1,348.0,1999.0,524,57,4,4,4,3,4,5,False,False,False,False,False,False,False,False,False,False,False,False,False,False,False,True,False,False,False,False,False,False,False,False,False,290000.0,1
9600,6,1958,1988,1240,1632,1,2,6,1,183.0,1958.0,620,0,3,3,3,3,4,4,False,False,False,False,False,False,False,False,False,False,False,False,True,False,False,False,False,False,False,False,False,False,False,False,False,139000.0,0
8314,5,1982,1982,816,816,1,1,5,0,0.0,1982.0,546,0,3,3,3,3,0,3,False,False,False,False,False,False,False,False,False,False,False,True,False,False,False,False,False,False,False,False,False,False,False,False,False,124500.0,0
7264,7,1925,2007,952,1548,2,2,5,0,0.0,1978.0,0,0,4,5,3,3,0,4,False,False,False,True,False,False,False,False,False,False,False,False,False,False,False,False,False,False,False,False,False,False,False,False,False,205000.0,1
9196,7,2003,2003,1560,1560,2,2,7,0,0.0,2003.0,0,150,4,4,5,3,0,5,False,False,False,False,False,False,False,False,False,False,False,True,False,False,False,False,False,False,False,False,False,False,False,False,False,201000.0,1
19138,4,1951,1951,864,864,2,1,4,0,0.0,1951.0,120,0,3,3,3,3,0,5,False,False,False,False,False,False,False,False,True,False,False,False,False,False,False,False,False,False,False,False,False,False,False,False,False,141000.0,0
14450,9,2006,2007,2121,2121,3,2,8,1,315.0,2007.0,0,98,5,5,5,3,5,5,False,False,False,False,False,False,False,False,False,False,False,False,False,False,False,False,True,False,False,False,False,False,False,False,False,415298.0,1
10005,7,1977,1977,1160,2022,2,2,8,1,299.0,1977.0,392,117,3,3,4,3,3,5,False,False,False,False,True,False,False,False,False,False,False,False,False,False,False,False,False,False,False,False,False,False,False,False,False,192000.0,1
11287,7,1989,1989,807,1982,2,2,7,1,340.0,1989.0,421,84,4,4,4,3,3,4,False,False,False,False,False,False,False,False,False,False,False,False,False,False,False,False,False,False,False,False,True,False,False,False,False,228500.0,1
7200,6,2006,2006,1262,1262,2,2,5,0,68.0,2006.0,905,120,4,4,4,3,0,4,False,False,False,False,False,False,False,False,False,False,False,False,False,False,False,False,False,False,False,False,False,True,False,False,False,185000.0,1
5063,7,2007,2008,1314,1314,2,2,6,1,166.0,2008.0,904,62,4,4,4,3,4,5,False,False,False,False,False,False,False,False,False,False,False,False,False,False,False,False,True,False,False,False,False,False,False,False,False,207500.0,1
9612,8,2008,2009,1468,1468,3,2,6,1,72.0,2008.0,0,150,4,4,4,3,4,5,False,False,False,False,False,False,False,False,False,False,False,False,False,False,False,False,False,False,False,False,False,True,False,False,False,244600.0,1
8012,6,1992,1992,1575,1575,2,2,5,0,0.0,1992.0,430,0,4,4,4,3,0,4,False,False,False,False,False,False,False,False,False,False,False,False,False,False,False,False,False,False,False,False,True,False,False,False,False,179200.0,1
4251,7,2006,2007,625,1250,2,2,5,0,0.0,2006.0,0,54,4,4,4,3,0,5,False,False,False,False,False,False,False,False,False,False,False,False,False,False,False,False,False,False,False,False,False,True,False,False,False,164700.0,1
9786,6,1962,1981,912,1734,2,1,7,1,0.0,1962.0,600,0,3,4,3,3,4,3,False,False,False,False,False,False,False,False,False,False,False,False,True,False,False,False,False,False,False,False,False,False,False,False,False,159000.0,0
8125,4,1971,1971,858,858,0,1,5,0,0.0,1980.0,614,0,3,3,3,0,0,3,False,False,False,False,False,False,False,False,False,False,False,False,True,False,False,False,False,False,False,False,False,False,False,False,False,88000.0,0
9819,5,1967,1967,882,900,1,1,5,0,31.0,1970.0,450,0,3,3,3,3,0,3,False,False,False,False,False,False,False,False,False,False,False,False,False,False,False,False,False,False,False,True,False,False,False,False,False,122000.0,0
8730,6,1915,2003,698,1396,1,1,7,0,0.0,2003.0,0,0,3,3,3,3,0,5,False,False,False,True,False,False,False,False,False,False,False,False,False,False,False,False,False,False,False,False,False,False,False,False,False,153575.0,0
15611,8,2006,2006,1079,1919,2,2,8,1,0.0,2006.0,0,51,4,4,4,4,4,5,False,False,False,False,False,True,False,False,False,False,False,False,False,False,False,False,False,False,False,False,False,False,False,False,False,233230.0,1
5687,5,1912,2000,780,1716,0,2,9,0,0.0,1980.0,210,184,3,2,3,0,0,5,False,False,False,False,False,False,False,False,False,False,False,False,False,False,False,False,False,False,True,False,False,False,False,False,False,135900.0,0
11409,5,1949,2008,768,1716,1,1,8,1,0.0,1949.0,292,0,3,3,3,3,4,4,False,False,False,False,False,False,False,True,False,False,False,False,False,False,False,False,False,False,False,False,False,False,False,False,False,131000.0,0
16659,7,1977,1994,795,2263,2,2,9,1,34.0,1977.0,795,250,3,4,3,3,3,2,False,False,False,False,False,False,False,False,False,False,False,False,False,False,True,False,False,False,False,False,False,False,False,False,False,235000.0,1
9600,6,1953,1953,1416,1644,2,1,7,2,238.0,1953.0,1285,0,3,3,3,3,4,3,False,False,False,False,False,False,False,False,False,False,False,False,True,False,False,False,False,False,False,False,False,False,False,False,False,167000.0,1
7937,6,1984,1984,1003,1003,2,1,6,0,0.0,1984.0,819,0,3,3,3,3,0,3,False,False,False,False,False,False,False,False,False,False,False,True,False,False,False,False,False,False,False,False,False,False,False,False,False,142500.0,0
13710,5,1950,1950,910,1558,1,1,6,0,0.0,1950.0,420,0,3,3,3,3,0,3,False,False,False,False,False,False,False,False,False,True,False,False,False,False,False,False,False,False,False,False,False,False,False,False,False,152000.0,0
7399,7,1997,1998,975,1950,2,2,7,1,1600.0,1997.0,649,10,4,4,4,3,3,5,False,False,False,False,False,False,False,False,False,False,False,False,False,False,False,False,False,False,False,False,False,True,False,False,False,239000.0,1
11700,6,1968,1968,702,1743,2,1,7,1,365.0,1968.0,384,0,4,3,3,3,4,4,False,False,False,False,False,False,False,False,False,False,False,False,False,False,True,False,False,False,False,False,False,False,False,False,False,175000.0,1
14000,6,1950,2004,1092,1152,1,1,6,1,0.0,1950.0,0,36,3,4,3,3,4,5,False,False,False,False,False,False,True,False,False,False,False,False,False,False,False,False,False,False,False,False,False,False,False,False,False,158500.0,0
15750,5,1953,1953,1165,1336,1,1,5,2,56.0,1953.0,841,0,3,3,3,3,4,3,False,False,False,False,False,False,True,False,False,False,False,False,False,False,False,False,False,False,False,False,False,False,False,False,False,157000.0,0
16226,8,1998,1999,1028,2452,2,2,9,1,0.0,1998.0,281,50,4,4,4,3,3,5,False,False,False,False,False,True,False,False,False,False,False,False,False,False,False,False,False,False,False,False,False,False,False,False,False,267000.0,1
13704,7,2001,2002,1541,1541,3,2,6,1,150.0,2001.0,0,81,4,4,4,3,3,5,False,False,False,False,False,True,False,False,False,False,False,False,False,False,False,False,False,False,False,False,False,False,False,False,False,205000.0,1
9800,5,1972,1972,894,894,2,1,5,0,0.0,1975.0,894,0,3,3,3,3,0,3,False,False,False,False,False,True,False,False,False,False,False,False,False,False,False,False,False,False,False,False,False,False,False,False,False,149900.0,0
18386,7,1880,2002,1470,3493,3,3,10,1,0.0,2003.0,0,0,3,4,3,3,5,5,False,False,False,False,False,False,False,False,False,False,False,False,False,False,False,False,False,True,False,False,False,False,False,False,False,295000.0,1
10386,8,2004,2005,2000,2000,3,2,8,0,246.0,2004.0,1464,0,4,4,4,3,0,5,False,False,False,False,False,True,False,False,False,False,False,False,False,False,False,False,False,False,False,False,False,False,False,False,False,305900.0,1
13474,7,1990,1991,700,2243,3,2,8,1,246.0,1990.0,700,44,4,4,4,3,3,4,False,False,False,False,False,False,False,False,False,False,False,False,False,False,False,False,False,False,False,False,True,False,False,False,False,225000.0,1
7920,6,1920,1950,319,1406,0,1,6,0,0.0,1980.0,0,144,3,2,3,0,0,3,False,False,False,False,False,False,False,False,False,True,False,False,False,False,False,False,False,False,False,False,False,False,False,False,False,89500.0,0
12342,4,1940,1950,861,861,2,1,4,0,0.0,1961.0,262,0,3,3,3,3,0,5,False,False,False,False,False,False,False,True,False,False,False,False,False,False,False,False,False,False,False,False,False,False,False,False,False,82500.0,0
12378,9,2003,2004,1896,1944,3,2,8,3,0.0,2003.0,1274,175,4,5,5,3,5,5,False,False,False,False,False,False,False,False,False,False,False,False,False,False,False,False,True,False,False,False,False,False,False,False,False,360000.0,1
7685,6,1993,1994,697,1501,2,2,6,1,112.0,1993.0,518,63,3,4,4,3,3,4,False,False,False,False,False,False,False,False,True,False,False,False,False,False,False,False,False,False,False,False,False,False,False,False,False,165600.0,1
8000,6,1948,2002,972,972,1,1,5,1,0.0,1948.0,680,0,3,3,3,3,4,5,False,False,False,False,False,False,False,False,False,False,False,False,True,False,False,False,False,False,False,False,False,False,False,False,False,132000.0,0
7800,5,1939,1950,793,1118,2,1,5,1,0.0,1939.0,507,0,3,3,4,3,4,3,False,False,False,False,False,False,False,False,False,False,False,False,False,False,False,False,False,True,False,False,False,False,False,False,False,119900.0,0
215245,7,1965,1965,2136,2036,2,2,8,2,0.0,1965.0,1236,0,3,3,4,3,4,3,False,False,False,False,False,False,False,False,False,False,False,False,False,False,False,False,False,False,False,False,False,False,False,True,False,375000.0,1
9600,7,1925,1990,728,1641,2,1,6,1,0.0,1925.0,16,0,3,5,3,2,4,5,False,False,False,False,False,False,False,False,False,False,False,False,False,False,False,False,False,True,False,False,False,False,False,False,False,178000.0,1
7795,7,2004,2005,716,1432,2,2,6,1,0.0,2004.0,425,51,4,4,4,3,4,5,False,False,False,False,False,False,False,False,True,False,False,False,False,False,False,False,False,False,False,False,False,False,False,False,False,188500.0,1
13005,7,1980,1980,845,2353,2,2,10,1,278.0,1983.0,692,195,4,5,4,3,3,3,False,False,False,False,False,False,False,False,False,False,False,False,False,False,True,False,False,False,False,False,False,False,False,False,False,260000.0,1
9000,8,2006,2006,1088,1959,3,2,8,1,0.0,2006.0,0,46,4,4,4,3,4,5,False,False,False,False,False,False,False,False,False,False,False,False,False,False,False,False,False,False,False,False,False,True,False,False,False,270000.0,1
9900,7,1993,1993,1347,2646,3,2,9,1,256.0,1993.0,987,60,4,4,4,3,3,5,False,False,False,False,False,False,False,False,False,False,False,False,False,False,False,True,False,False,False,False,False,False,False,False,False,260000.0,1
14115,7,1980,1980,1372,1472,2,2,6,2,225.0,1980.0,1036,48,3,3,4,3,3,3,False,False,False,False,False,False,False,False,False,False,False,False,False,False,True,False,False,False,False,False,False,False,False,False,False,187500.0,1
16259,9,2006,2006,1249,2596,3,3,9,0,370.0,2006.0,0,154,3,4,5,3,0,5,False,False,False,False,False,False,False,False,False,False,False,False,False,False,False,False,True,False,False,False,False,False,False,False,False,342643.0,1
12099,8,2004,2004,1136,2468,3,2,10,1,388.0,2004.0,970,154,4,4,5,3,4,5,False,False,False,False,False,False,False,False,False,False,False,False,False,False,False,False,True,False,False,False,False,False,False,False,False,354000.0,1
10380,7,1986,1987,1502,2730,2,2,8,1,172.0,1987.0,28,96,4,4,3,3,3,5,False,False,False,False,False,False,False,False,False,False,False,False,False,False,False,False,False,False,False,False,True,False,False,False,False,301000.0,1
5820,3,1955,2005,1162,1163,1,1,6,0,0.0,1955.0,256,98,3,3,3,2,0,5,False,False,False,False,False,False,False,False,False,False,False,False,False,False,False,False,False,True,False,False,False,False,False,False,False,126175.0,0
11275,7,1967,2007,710,2978,2,2,11,1,300.0,1961.0,0,0,4,4,4,3,4,5,False,False,False,False,False,False,False,False,False,False,False,False,True,False,False,False,False,False,False,False,False,False,False,False,False,242000.0,1
5000,5,1941,1950,720,803,2,1,5,0,0.0,1941.0,116,0,3,3,3,3,0,1,False,False,False,False,False,False,False,False,False,True,False,False,False,False,False,False,False,False,False,False,False,False,False,False,False,87000.0,0
10846,8,1993,1993,1719,1719,2,1,6,2,0.0,1993.0,1619,30,4,4,4,3,4,5,False,False,False,False,False,False,False,False,False,False,False,False,False,False,False,False,False,False,False,False,False,False,False,False,True,324000.0,1
11600,6,1960,1960,1383,1383,1,1,7,0,175.0,1960.0,565,45,3,3,3,3,0,3,False,False,False,False,False,False,False,False,False,False,False,False,True,False,False,False,False,False,False,False,False,False,False,False,False,145250.0,0
11888,6,1916,1994,844,2134,2,2,10,0,0.0,1930.0,0,60,3,4,3,3,0,4,False,False,False,True,False,False,False,False,False,False,False,False,False,False,False,False,False,False,False,False,False,False,False,False,False,214500.0,1
6402,5,1920,1950,596,1192,1,1,6,0,0.0,1920.0,0,0,3,3,3,2,0,3,False,False,False,False,False,False,False,False,False,True,False,False,False,False,False,False,False,False,False,False,False,False,False,False,False,78000.0,0
10624,5,1964,1964,1728,1728,1,2,10,0,84.0,2002.0,40,0,3,3,3,3,0,3,False,False,False,False,False,False,False,False,False,False,False,False,True,False,False,False,False,False,False,False,False,False,False,False,False,119000.0,0
8176,5,1958,1992,1056,1056,1,1,6,0,0.0,1958.0,846,0,3,3,3,3,0,2,False,False,False,False,False,False,False,False,False,False,False,False,True,False,False,False,False,False,False,False,False,False,False,False,False,139000.0,0
10655,8,2003,2004,3206,1629,3,2,7,1,296.0,2003.0,1124,0,4,4,4,3,4,5,False,False,False,False,False,False,False,False,False,False,False,False,False,False,False,False,True,False,False,False,False,False,False,False,False,284000.0,1
8198,7,2004,2004,1358,1358,2,2,6,1,146.0,2004.0,720,30,4,4,4,3,4,5,False,False,False,False,False,False,False,False,False,False,False,False,False,False,False,False,True,False,False,False,False,False,False,False,False,207000.0,1
9042,6,1998,1998,943,1638,2,2,7,2,0.0,1998.0,828,38,3,3,4,3,3,4,False,False,False,False,False,False,False,False,True,False,False,False,False,False,False,False,False,False,False,False,False,False,False,False,False,192000.0,1
164660,5,1965,1965,1499,1786,2,2,7,2,0.0,1965.0,1249,0,3,3,3,3,4,5,False,False,False,False,False,False,False,False,False,False,False,False,False,False,False,False,False,False,False,False,False,False,False,True,False,228950.0,1
14157,9,2005,2006,1922,1922,3,2,8,1,200.0,2005.0,1249,51,4,4,5,3,4,5,False,False,False,False,False,False,False,False,False,False,False,False,False,False,False,False,False,False,False,False,False,False,True,False,False,377426.0,1
9135,7,2002,2003,1536,1536,2,2,7,0,113.0,2002.0,810,74,4,4,4,3,0,5,False,False,False,False,False,True,False,False,False,False,False,False,False,False,False,False,False,False,False,False,False,False,False,False,False,214000.0,1
14145,7,1984,1998,1208,1621,2,2,8,0,0.0,1984.0,213,45,4,4,4,3,0,5,False,False,False,False,False,False,False,False,False,False,False,False,False,False,True,False,False,False,False,False,False,False,False,False,False,202500.0,1
12400,6,1958,1998,1215,1215,1,1,6,0,176.0,1958.0,585,0,3,3,3,3,0,3,False,False,False,False,False,False,False,False,False,False,False,False,True,False,False,False,False,False,False,False,False,False,False,False,False,155000.0,0
14191,8,2002,2002,967,1908,2,2,9,0,0.0,2002.0,0,0,4,4,4,3,0,5,False,False,False,False,False,False,False,False,False,False,False,False,False,False,False,False,False,False,False,False,False,False,False,True,False,202900.0,1
8400,4,1950,1950,721,841,1,1,4,0,0.0,1950.0,0,0,2,3,3,3,0,4,False,False,False,False,False,False,False,False,False,False,False,False,False,False,False,False,False,False,False,False,True,False,False,False,False,82000.0,0
8544,3,1949,1950,0,1040,2,2,6,0,340.0,1949.0,0,0,3,3,0,3,0,2,False,False,False,False,False,False,False,False,False,False,False,False,True,False,False,False,False,False,False,False,False,False,False,False,False,87500.0,0
8849,9,2005,2005,1684,1684,2,2,6,1,616.0,2005.0,28,72,5,5,5,3,5,5,False,False,False,False,False,False,False,False,False,False,False,False,False,False,False,False,True,False,False,False,False,False,False,False,False,266000.0,1
2592,5,1976,1976,536,1112,1,1,4,0,0.0,1976.0,129,0,3,3,4,3,0,3,False,False,False,False,False,False,False,False,False,False,True,False,False,False,False,False,False,False,False,False,False,False,False,False,False,85000.0,0
6435,6,1939,1950,972,1577,1,1,6,1,0.0,1939.0,0,0,3,2,3,3,4,4,False,False,False,True,False,False,False,False,False,False,False,False,False,False,False,False,False,False,False,False,False,False,False,False,False,140200.0,0
12772,6,1960,1998,958,958,1,1,5,0,0.0,1960.0,498,0,3,3,3,3,0,3,False,False,False,False,False,False,False,False,False,False,False,False,True,False,False,False,False,False,False,False,False,False,False,False,False,151500.0,0
17600,6,1960,1960,1478,1478,2,2,6,2,30.0,1960.0,1270,40,3,3,3,3,4,5,False,False,False,False,False,False,False,False,False,False,False,False,True,False,False,False,False,False,False,False,False,False,False,False,False,157500.0,0
2448,7,2003,2004,764,1626,2,2,6,0,106.0,2003.0,573,27,4,4,4,3,0,5,False,False,False,False,False,False,False,False,False,False,False,False,False,False,False,False,True,False,False,False,False,False,False,False,False,154000.0,0
20431,9,2005,2006,1848,2728,3,2,10,2,870.0,2006.0,1410,0,5,5,5,3,5,5,False,False,False,False,False,False,False,False,False,False,False,False,False,False,False,False,True,False,False,False,False,False,False,False,False,437154.0,1
7820,9,2007,2007,1869,1869,2,2,6,1,362.0,2007.0,0,54,5,5,5,3,4,5,False,False,False,False,False,False,False,False,False,False,False,False,False,False,False,False,True,False,False,False,False,False,False,False,False,318061.0,1
5271,7,1986,1986,1453,1453,2,1,6,1,0.0,1986.0,1082,80,3,4,4,3,3,4,False,False,False,False,True,False,False,False,False,False,False,False,False,False,False,False,False,False,False,False,False,False,False,False,False,190000.0,1
9084,5,1941,1950,616,1111,1,1,5,0,0.0,1941.0,236,0,3,3,3,3,0,3,False,False,False,False,False,False,False,True,False,False,False,False,False,False,False,False,False,False,False,False,False,False,False,False,False,95000.0,0
8520,6,1928,2003,624,720,2,1,5,0,0.0,2005.0,0,0,3,3,3,3,0,4,False,False,False,False,False,False,False,False,False,False,False,False,False,False,False,False,False,True,False,False,False,False,False,False,False,105900.0,0
8400,6,1940,2000,940,1595,1,1,6,2,0.0,1940.0,388,0,3,3,3,3,4,5,False,False,False,False,False,False,False,False,False,False,False,False,False,False,False,False,False,False,True,False,False,False,False,False,False,140000.0,0
11249,6,1995,1995,1200,1200,2,2,6,0,0.0,1995.0,334,26,4,4,4,3,0,5,False,False,False,False,False,True,False,False,False,False,False,False,False,False,False,False,False,False,False,False,False,False,False,False,False,177500.0,1
9248,6,1992,1992,1158,1167,2,2,6,0,106.0,1992.0,560,26,3,4,4,3,0,4,False,False,False,False,False,False,False,False,True,False,False,False,False,False,False,False,False,False,False,False,False,False,False,False,False,173000.0,1
4224,5,1976,1976,1142,1142,2,1,6,1,0.0,1976.0,874,90,3,3,4,3,1,3,False,False,False,False,False,False,False,False,False,False,True,False,False,False,False,False,False,False,False,False,False,False,False,False,False,134000.0,0
6930,5,1958,1958,1062,1352,1,1,6,0,120.0,1958.0,300,0,3,4,3,3,0,5,False,False,False,False,True,False,False,False,False,False,False,False,False,False,False,False,False,False,False,False,False,False,False,False,False,130000.0,0
12011,8,1998,1998,1086,1924,2,2,7,1,530.0,1998.0,956,75,4,4,4,3,3,5,False,False,False,False,False,False,False,False,False,False,False,False,False,False,False,True,False,False,False,False,False,False,False,False,False,280000.0,1
7540,6,1978,1978,888,912,2,1,5,1,0.0,1978.0,773,0,3,3,4,3,3,5,False,False,False,False,False,False,False,False,False,False,False,True,False,False,False,False,False,False,False,False,False,False,False,False,False,156000.0,0
9144,5,1940,1982,883,1505,1,1,8,0,0.0,1940.0,399,0,3,3,3,3,0,4,False,False,False,True,False,False,False,False,False,False,False,False,False,False,False,False,False,False,False,False,False,False,False,False,False,145000.0,0
7301,7,2003,2003,0,1922,2,3,7,1,500.0,2003.0,0,0,4,4,0,3,5,5,False,False,False,False,False,False,False,True,False,False,False,False,False,False,False,False,False,False,False,False,False,False,False,False,False,198500.0,1
1680,6,1972,2007,483,987,1,1,5,0,510.0,1972.0,162,0,3,4,3,3,0,4,False,False,True,False,False,False,False,False,False,False,False,False,False,False,False,False,False,False,False,False,False,False,False,False,False,118000.0,0
18800,6,1976,1976,796,1574,2,2,6,1,120.0,1976.0,712,111,3,3,4,3,3,3,False,False,False,False,False,False,False,False,False,False,False,False,False,False,True,False,False,False,False,False,False,False,False,False,False,190000.0,1
10690,5,1920,1997,672,1344,1,1,6,0,0.0,1964.0,456,128,3,3,3,3,0,4,False,False,False,False,False,False,False,False,False,True,False,False,False,False,False,False,False,False,False,False,False,False,False,False,False,147000.0,0
9500,6,1963,1963,1394,1394,2,1,6,2,247.0,1963.0,609,76,3,3,4,3,4,4,False,False,False,False,False,False,False,False,False,False,False,False,True,False,False,False,False,False,False,False,False,False,False,False,False,159000.0,0
9150,6,1962,1962,1099,1431,1,1,6,1,305.0,1962.0,371,110,3,3,4,3,4,4,False,False,False,False,False,False,False,False,False,False,False,False,True,False,False,False,False,False,False,False,False,False,False,False,False,165000.0,1
7800,5,1954,1954,1268,1268,1,1,7,1,200.0,1954.0,540,98,3,3,3,3,4,4,False,False,False,False,False,False,False,False,False,False,False,False,True,False,False,False,False,False,False,False,False,False,False,False,False,132000.0,0
9830,5,1959,2006,1063,1287,2,1,7,1,0.0,1997.0,72,17,3,4,3,3,4,5,False,False,False,False,False,False,False,False,False,False,False,False,True,False,False,False,False,False,False,False,False,False,False,False,False,162000.0,0
8121,6,2000,2000,953,1664,2,2,7,1,0.0,2000.0,0,40,3,3,4,3,3,5,False,False,False,False,False,False,False,False,True,False,False,False,False,False,False,False,False,False,False,False,False,False,False,False,False,172400.0,1
17120,4,1959,1959,0,1588,2,2,7,1,0.0,1991.0,0,59,3,3,0,3,4,3,False,False,False,False,True,False,False,False,False,False,False,False,False,False,False,False,False,False,False,False,False,False,False,False,False,134432.0,0
7175,6,1984,1984,744,752,1,1,4,0,0.0,1984.0,623,0,3,3,4,3,0,3,False,False,False,False,False,False,False,False,False,False,False,False,False,False,False,False,False,False,False,False,True,False,False,False,False,125000.0,0
10634,5,1953,1953,608,1319,1,1,5,0,0.0,1953.0,428,0,3,3,3,3,0,3,False,False,False,False,False,False,False,False,False,False,False,False,True,False,False,False,False,False,False,False,False,False,False,False,False,123000.0,0
8200,7,2003,2004,847,1928,2,2,8,1,0.0,2003.0,0,48,4,4,4,3,4,5,False,False,False,False,False,True,False,False,False,False,False,False,False,False,False,False,False,False,False,False,False,False,False,False,False,219500.0,1
10020,1,1922,1950,683,904,0,0,4,0,0.0,1980.0,350,0,2,2,2,0,0,4,False,False,False,False,False,False,False,True,False,False,False,False,False,False,False,False,False,False,False,False,False,False,False,False,False,61000.0,0
8846,5,1996,1996,870,914,2,1,5,0,0.0,1998.0,298,0,4,3,4,3,0,5,False,False,False,False,False,True,False,False,False,False,False,False,False,False,False,False,False,False,False,False,False,False,False,False,False,148000.0,0
11143,8,2004,2005,1580,2466,2,3,8,1,0.0,2004.0,0,214,4,4,4,3,4,5,False,False,False,False,False,False,False,False,False,False,False,False,False,False,False,False,False,False,False,False,False,True,False,False,False,340000.0,1
11394,9,2010,2010,1856,1856,3,1,8,1,350.0,2010.0,1445,0,4,5,5,3,5,5,False,False,False,False,False,False,False,False,False,False,False,False,False,False,False,False,False,False,False,False,False,False,True,False,False,394432.0,1
8123,6,2000,2000,982,1800,2,2,7,1,16.0,2000.0,0,63,3,3,4,3,3,5,False,False,False,False,False,False,False,False,True,False,False,False,False,False,False,False,False,False,False,False,False,False,False,False,False,179000.0,1
5000,5,1924,1950,1026,1691,1,2,6,1,0.0,1924.0,218,0,3,4,3,3,4,3,False,False,False,False,False,False,False,False,False,False,False,False,False,False,False,False,False,False,True,False,False,False,False,False,False,127000.0,0
7200,7,2006,2006,1293,1301,2,2,5,1,0.0,2006.0,0,121,4,4,4,3,4,5,False,False,False,False,False,False,False,False,False,False,False,False,False,False,False,False,False,False,False,False,False,True,False,False,False,187750.0,1
9245,7,2006,2006,939,1797,2,2,8,0,0.0,2006.0,0,53,4,4,4,3,0,5,False,False,False,False,False,True,False,False,False,False,False,False,False,False,False,False,False,False,False,False,False,False,False,False,False,213500.0,1
9000,6,1928,1950,784,784,2,1,5,0,0.0,1950.0,0,0,3,3,2,2,0,3,False,False,False,False,False,False,False,False,False,False,False,False,False,False,False,False,False,False,False,False,True,False,False,False,False,76000.0,0
53107,6,1992,1992,1580,1953,2,2,9,2,0.0,1992.0,985,231,4,4,4,3,2,5,False,False,False,False,True,False,False,False,False,False,False,False,False,False,False,False,False,False,False,False,False,False,False,False,False,240000.0,1
3182,8,2004,2005,1256,1269,2,2,6,1,16.0,2004.0,24,20,4,4,4,3,3,5,True,False,False,False,False,False,False,False,False,False,False,False,False,False,False,False,False,False,False,False,False,False,False,False,False,192000.0,1
8410,5,1910,1996,658,1184,0,1,8,0,0.0,1980.0,0,151,3,3,3,0,0,3,False,False,False,False,False,False,False,True,False,False,False,False,False,False,False,False,False,False,False,False,False,False,False,False,False,81000.0,0
7200,6,1976,1976,1041,1125,1,1,6,1,255.0,1977.0,631,0,3,3,3,3,2,5,False,False,False,False,False,False,False,True,False,False,False,False,False,False,False,False,False,False,False,False,False,False,False,False,False,125000.0,0
9382,7,1999,2000,1468,1479,2,2,6,0,125.0,1999.0,0,25,4,4,4,3,0,5,False,False,False,False,False,True,False,False,False,False,False,False,False,False,False,False,False,False,False,False,False,False,False,False,False,191000.0,1
12474,10,2007,2008,1682,2332,3,2,9,1,272.0,2008.0,1280,134,5,5,5,3,5,5,False,False,False,False,False,False,False,False,False,False,False,False,False,False,False,False,True,False,False,False,False,False,False,False,False,426000.0,1
8405,5,1900,1950,861,1367,1,1,7,0,0.0,1978.0,241,130,3,3,3,3,0,5,False,False,False,False,False,False,False,True,False,False,False,False,False,False,False,False,False,False,False,False,False,False,False,False,False,119000.0,0
12209,6,2001,2002,804,1961,2,2,7,1,0.0,2001.0,690,192,3,4,5,3,3,5,False,False,False,False,False,False,False,False,False,False,False,True,False,False,False,False,False,False,False,False,False,False,False,False,False,215000.0,1
8339,5,1959,1959,0,882,1,1,5,0,0.0,1959.0,0,0,3,3,0,3,0,3,False,False,False,False,False,False,False,False,False,False,False,False,True,False,False,False,False,False,False,False,False,False,False,False,False,106500.0,0
7446,4,1941,1950,788,788,0,1,4,2,0.0,1980.0,266,0,3,3,3,0,3,3,False,False,False,True,False,False,False,False,False,False,False,False,False,False,False,False,False,False,False,False,False,False,False,False,False,100000.0,0
10134,5,1940,1950,735,1034,1,1,5,0,0.0,1940.0,0,39,3,3,3,3,0,4,False,False,False,False,False,False,False,False,False,False,False,False,False,False,False,False,False,True,False,False,False,False,False,False,False,109000.0,0
9571,5,1956,1956,1144,1144,1,1,6,0,0.0,1956.0,739,0,3,3,3,3,0,3,False,False,False,False,False,False,False,True,False,False,False,False,False,False,False,False,False,False,False,False,False,False,False,False,False,129000.0,0
7200,5,1972,1972,894,894,2,1,6,0,0.0,1985.0,777,0,3,3,3,3,0,3,False,False,False,False,False,True,False,False,False,False,False,False,False,False,False,False,False,False,False,False,False,False,False,False,False,123000.0,0
7590,5,1962,1962,864,1812,1,2,8,1,288.0,1962.0,540,168,3,3,3,3,3,3,False,False,False,False,False,False,False,False,False,False,False,False,True,False,False,False,False,False,False,False,False,False,False,False,False,169500.0,1
8967,5,1920,1950,961,1077,1,1,6,0,0.0,1920.0,0,0,3,3,2,1,0,4,False,False,False,False,False,False,False,False,False,True,False,False,False,False,False,False,False,False,False,False,False,False,False,False,False,67000.0,0
8125,7,2006,2007,1092,1550,2,2,7,0,100.0,2007.0,812,168,4,4,4,3,0,5,False,False,False,False,False,False,False,False,False,False,False,False,False,False,False,False,False,False,False,False,False,True,False,False,False,241000.0,1
14963,8,1996,1996,1260,1288,2,1,4,2,0.0,1996.0,786,30,4,5,4,3,4,5,False,False,False,False,False,False,False,False,False,False,False,False,False,False,False,False,False,False,False,False,False,False,False,False,True,245500.0,1
8767,7,2005,2005,1310,1310,2,2,6,1,0.0,2005.0,24,0,4,4,4,3,4,5,False,False,False,False,False,True,False,False,False,False,False,False,False,False,False,False,False,False,False,False,False,False,False,False,False,164990.0,1
10200,5,1940,1997,672,672,1,1,4,0,0.0,1940.0,0,0,3,3,3,3,0,5,False,False,False,False,False,False,False,False,False,False,False,False,False,False,False,False,False,False,False,True,False,False,False,False,False,108000.0,0
12090,8,1998,1998,1141,2263,2,2,10,1,650.0,1998.0,0,123,4,4,4,3,3,4,False,False,False,False,False,False,False,False,False,False,False,False,False,False,False,True,False,False,False,False,False,False,False,False,False,258000.0,1
10364,6,1995,1996,806,1572,2,2,7,1,0.0,1995.0,0,40,3,3,4,3,3,4,False,False,False,False,False,False,False,False,True,False,False,False,False,False,False,False,False,False,False,False,False,False,False,False,False,168000.0,1
9991,4,1976,1993,1281,1620,2,2,8,1,0.0,1993.0,1116,78,3,3,3,3,3,5,False,False,False,False,False,False,False,False,False,False,False,False,False,False,False,False,False,False,False,True,False,False,False,False,False,150000.0,0
10480,6,1936,1950,1064,1639,1,1,6,0,0.0,1936.0,0,0,3,3,3,3,0,5,False,False,False,False,False,False,False,False,False,False,False,False,False,False,False,False,False,False,True,False,False,False,False,False,False,115000.0,0
15576,6,1915,1976,840,1680,1,2,8,0,0.0,1960.0,0,0,3,3,4,3,0,5,False,False,False,False,False,False,True,False,False,False,False,False,False,False,False,False,False,False,False,False,False,False,False,False,False,177000.0,1
14154,7,2006,2006,1063,2172,3,2,9,1,350.0,2006.0,0,62,4,4,5,3,4,5,False,False,False,False,False,False,False,False,False,False,False,False,False,False,False,False,True,False,False,False,False,False,False,False,False,280000.0,1
10800,8,2007,2008,1034,2078,3,2,8,1,100.0,2008.0,789,102,4,5,5,3,4,5,False,False,False,False,False,False,False,False,False,False,False,False,False,False,False,False,False,False,False,False,False,True,False,False,False,339750.0,1
9571,5,1958,1958,1276,1276,1,1,5,0,0.0,1958.0,0,0,3,3,3,3,0,3,False,False,False,False,False,False,False,True,False,False,False,False,False,False,False,False,False,False,False,False,False,False,False,False,False,60000.0,0
34650,5,1955,1955,1056,1056,2,1,5,0,0.0,1955.0,1056,0,3,3,3,3,0,3,False,False,False,False,False,False,False,False,True,False,False,False,False,False,False,False,False,False,False,False,False,False,False,False,False,145000.0,0
4403,7,2009,2009,1470,1478,2,2,7,1,432.0,2009.0,578,144,5,4,5,3,4,5,False,False,False,False,False,False,False,False,False,False,False,False,False,False,False,False,False,False,False,False,False,True,False,False,False,222000.0,1
8960,5,1927,1950,1008,1028,2,1,5,1,0.0,1927.0,0,0,3,3,3,3,4,4,False,False,False,False,False,False,False,False,False,False,False,False,False,False,False,False,False,True,False,False,False,False,False,False,False,115000.0,0
11228,7,1993,1993,1080,2097,3,2,9,1,0.0,1993.0,50,187,4,4,4,3,3,5,False,False,False,False,False,False,False,False,False,False,False,False,False,False,False,False,False,False,False,False,True,False,False,False,False,228000.0,1
8899,7,2007,2007,1340,1340,2,2,6,0,0.0,2007.0,24,30,4,4,4,3,0,5,False,False,False,False,False,False,False,False,True,False,False,False,False,False,False,False,False,False,False,False,False,False,False,False,False,181134.0,1
7844,6,1978,1978,672,1400,2,1,6,1,203.0,1978.0,209,0,3,3,3,3,3,3,False,False,False,False,False,False,False,False,False,False,False,False,False,False,False,False,False,False,False,True,False,False,False,False,False,149500.0,0
22420,6,1918,1950,1370,2624,3,2,10,1,0.0,1918.0,1128,0,3,3,4,3,4,3,False,False,False,False,False,False,True,False,False,False,False,False,False,False,False,False,False,False,False,False,False,False,False,False,False,239000.0,1
8160,5,1940,1950,756,1134,1,1,7,0,0.0,1940.0,312,0,3,3,3,3,0,2,False,False,False,False,False,False,False,True,False,False,False,False,False,False,False,False,False,False,False,False,False,False,False,False,False,126000.0,0
8450,5,1968,1968,1056,1056,1,1,6,1,0.0,1968.0,775,85,3,3,3,3,2,5,False,False,False,False,False,False,False,False,False,False,False,False,True,False,False,False,False,False,False,False,False,False,False,False,False,142000.0,0
7060,7,1997,1998,1344,1344,4,2,8,0,200.0,1997.0,1309,0,3,3,4,3,0,5,False,False,False,False,False,False,False,False,False,False,False,True,False,False,False,False,False,False,False,False,False,False,False,False,False,206300.0,1
16635,6,1977,2000,1602,1602,2,2,8,1,126.0,1977.0,1246,0,4,4,4,3,3,4,False,False,False,False,False,False,False,False,False,False,False,False,False,False,True,False,False,False,False,False,False,False,False,False,False,215000.0,1
21750,5,1954,1954,988,988,2,1,4,0,0.0,1954.0,0,0,3,3,3,3,0,5,False,False,False,False,False,False,False,False,False,False,False,True,False,False,False,False,False,False,False,False,False,False,False,False,False,113000.0,0
9200,8,1998,1998,1470,2630,3,2,8,1,473.0,1998.0,986,66,4,4,4,3,3,4,False,False,False,False,False,False,False,False,False,False,False,False,False,False,False,True,False,False,False,False,False,False,False,False,False,315000.0,1
9000,6,1956,1956,1196,1196,1,1,6,1,74.0,1956.0,616,44,3,3,4,3,4,4,False,False,False,False,False,False,False,False,False,False,False,False,True,False,False,False,False,False,False,False,False,False,False,False,False,139000.0,0
3378,7,1946,1992,651,1389,1,1,6,2,0.0,1947.0,0,0,3,3,3,3,4,4,False,False,False,False,False,False,False,False,False,False,False,False,False,False,False,False,False,True,False,False,False,False,False,False,False,135000.0,0
12800,7,1989,1989,1518,1644,2,2,5,1,145.0,1989.0,1518,0,4,4,4,3,3,4,False,False,False,False,False,False,False,False,False,False,False,False,False,False,False,False,False,False,False,False,True,False,False,False,False,275000.0,1
8593,4,1957,1957,907,907,1,1,5,0,0.0,1964.0,288,0,3,3,3,3,0,5,False,False,False,False,False,False,False,False,False,False,False,False,True,False,False,False,False,False,False,False,False,False,False,False,False,109008.0,0
6762,7,2007,2007,1208,1208,2,2,6,0,108.0,2007.0,664,54,4,4,4,3,0,5,False,False,False,False,False,True,False,False,False,False,False,False,False,False,False,False,False,False,False,False,False,False,False,False,False,195400.0,1
11457,6,1988,1988,1392,1412,2,2,6,1,0.0,1988.0,1005,0,3,4,4,3,3,3,False,False,False,False,False,False,False,False,False,False,False,False,False,False,False,False,False,False,False,False,False,False,False,True,False,175000.0,1
1680,6,1971,1971,483,987,1,1,4,0,232.0,1971.0,387,0,3,3,3,3,0,3,False,False,True,False,False,False,False,False,False,False,False,False,False,False,False,False,False,False,False,False,False,False,False,False,False,85400.0,0
5586,6,1920,1998,901,1198,0,1,7,0,0.0,1980.0,0,98,3,3,3,0,0,4,False,False,False,False,False,False,False,False,False,False,False,False,False,False,False,False,False,True,False,False,False,False,False,False,False,79900.0,0
1920,5,1971,1971,765,1365,2,1,6,0,376.0,1971.0,471,36,3,3,3,3,0,5,False,False,True,False,False,False,False,False,False,False,False,False,False,False,False,False,False,False,False,False,False,False,False,False,False,122500.0,0
10839,6,1997,1998,926,1604,2,2,7,1,0.0,1997.0,0,36,3,3,4,3,3,5,False,False,False,False,False,False,False,False,True,False,False,False,False,False,False,False,False,False,False,False,False,False,False,False,False,181000.0,1
1890,4,1972,1972,630,630,0,1,3,0,0.0,1980.0,495,0,3,3,4,0,0,4,False,False,False,False,False,False,False,False,False,False,True,False,False,False,False,False,False,False,False,False,False,False,False,False,False,81000.0,0
10667,7,1996,1996,799,1661,2,2,6,1,0.0,1996.0,385,61,4,4,4,3,3,5,False,False,False,False,False,True,False,False,False,False,False,False,False,False,False,False,False,False,False,False,False,False,False,False,False,212000.0,1
4400,6,1920,1950,648,1118,2,1,6,0,0.0,1990.0,0,0,3,3,2,3,0,3,False,False,False,False,False,False,False,False,False,False,False,False,False,False,False,False,False,True,False,False,False,False,False,False,False,116000.0,0
6000,6,1926,2004,884,904,1,1,4,0,0.0,1926.0,0,0,4,3,3,3,0,4,False,False,False,True,False,False,False,False,False,False,False,False,False,False,False,False,False,False,False,False,False,False,False,False,False,119000.0,0
4280,5,1913,2002,440,694,1,1,4,1,0.0,1990.0,365,0,3,4,3,4,4,3,False,False,False,False,False,False,True,False,False,False,False,False,False,False,False,False,False,False,False,False,False,False,False,False,False,90350.0,0
12354,6,1920,2000,684,1196,2,1,7,0,0.0,2005.0,0,46,3,4,3,3,0,4,False,False,False,False,False,False,False,True,False,False,False,False,False,False,False,False,False,False,False,False,False,False,False,False,False,110000.0,0
15431,10,2008,2008,3094,2402,3,2,10,2,200.0,2008.0,1767,72,5,5,5,3,4,5,False,False,False,False,False,False,False,False,False,False,False,False,False,False,False,False,True,False,False,False,False,False,False,False,False,555000.0,1
12108,4,1955,1955,1440,1440,0,2,8,0,270.0,1980.0,133,0,3,2,3,0,0,3,False,False,False,False,False,False,False,True,False,False,False,False,False,False,False,False,False,False,False,False,False,False,False,False,False,118000.0,0
6240,5,1930,1992,1078,1573,2,2,8,1,0.0,1930.0,0,0,3,3,3,3,4,3,False,False,False,True,False,False,False,False,False,False,False,False,False,False,False,False,False,False,False,False,False,False,False,False,False,162900.0,0
3922,7,2006,2007,1258,1258,3,2,6,1,72.0,2007.0,0,16,4,4,5,3,4,5,True,False,False,False,False,False,False,False,False,False,False,False,False,False,False,False,False,False,False,False,False,False,False,False,False,172500.0,1
8750,7,1994,1995,915,1908,2,2,8,1,0.0,1994.0,642,133,4,4,4,3,3,5,False,False,False,False,False,True,False,False,False,False,False,False,False,False,False,False,False,False,False,False,False,False,False,False,False,210000.0,1
9855,6,1956,1956,1436,1689,2,1,7,1,0.0,1956.0,0,0,3,3,3,3,4,2,False,False,False,False,False,False,False,True,False,False,False,False,False,False,False,False,False,False,False,False,False,False,False,False,False,127500.0,0
16492,6,1966,2002,1517,1888,2,2,6,1,0.0,1966.0,247,0,4,4,3,3,4,5,False,False,False,False,False,False,False,False,False,False,False,False,True,False,False,False,False,False,False,False,False,False,False,False,False,190000.0,1
11214,7,1998,1999,930,1886,2,2,10,1,0.0,1998.0,0,0,4,4,4,3,3,4,False,False,False,False,False,False,False,False,True,False,False,False,False,False,False,False,False,False,False,False,False,False,False,False,False,199900.0,1
8600,6,1937,1950,780,1376,1,2,7,1,0.0,1937.0,0,0,3,3,3,3,4,3,False,False,False,False,False,False,False,False,False,True,False,False,False,False,False,False,False,False,False,False,False,False,False,False,False,119500.0,0
6000,3,1948,2002,649,1183,1,1,6,0,0.0,1981.0,331,176,3,3,3,3,0,5,False,False,False,False,False,False,False,False,False,False,False,False,False,False,False,False,False,True,False,False,False,False,False,False,False,120000.0,0
5684,6,1930,2005,813,813,1,1,5,0,0.0,1932.0,0,113,3,4,3,2,0,5,False,False,False,False,False,False,False,False,False,False,False,False,False,False,False,False,False,True,False,False,False,False,False,False,False,110000.0,0
70761,7,1975,1975,1533,1533,2,2,5,2,0.0,1975.0,655,54,3,4,4,3,3,3,False,False,False,False,True,False,False,False,False,False,False,False,False,False,False,False,False,False,False,False,False,False,False,False,False,280000.0,1
9303,6,1996,1997,872,1756,2,2,7,0,42.0,1996.0,742,122,4,3,5,3,0,5,False,False,False,False,False,False,False,False,False,False,False,False,False,False,False,False,False,False,False,False,False,False,False,True,False,204000.0,1
9000,8,2008,2008,768,1590,2,2,6,0,0.0,2008.0,0,30,4,4,4,3,0,5,False,False,False,False,False,False,False,False,False,False,False,False,False,False,False,False,False,False,False,False,False,True,False,False,False,210000.0,1
9297,5,1976,1976,1728,1728,2,2,8,0,0.0,1976.0,1606,0,3,3,3,3,0,3,False,False,False,False,False,False,False,False,False,False,False,True,False,False,False,False,False,False,False,False,False,False,False,False,False,188000.0,1
9600,7,1973,1973,1242,1242,2,1,6,1,320.0,1973.0,916,0,3,3,3,3,3,2,False,False,False,False,False,False,False,False,False,False,False,False,False,False,True,False,False,False,False,False,False,False,False,False,False,175500.0,1
4571,5,1916,1950,624,1344,3,1,7,0,0.0,1916.0,0,0,3,3,3,2,0,2,False,False,False,False,False,False,False,False,False,False,False,False,False,False,False,False,False,True,False,False,False,False,False,False,False,98000.0,0
53227,4,1954,1994,1364,1663,2,1,6,2,0.0,1954.0,1116,137,3,4,4,3,4,5,False,False,False,False,True,False,False,False,False,False,False,False,False,False,False,False,False,False,False,False,False,False,False,False,False,256000.0,1
5100,8,1925,1996,588,1666,1,1,7,1,0.0,1925.0,0,63,3,4,3,3,4,2,False,False,False,False,False,False,False,False,False,False,False,False,False,False,False,False,False,True,False,False,False,False,False,False,False,161000.0,0
7015,5,1950,1950,709,1203,1,1,5,1,161.0,1950.0,185,0,3,4,3,3,3,3,False,False,False,True,False,False,False,False,False,False,False,False,False,False,False,False,False,False,False,False,False,False,False,False,False,110000.0,0
8004,8,2009,2009,832,1935,2,2,8,0,110.0,2009.0,544,150,4,3,4,3,0,5,False,False,False,False,False,False,False,False,False,False,False,False,False,False,False,False,False,False,False,False,False,True,False,False,False,263435.0,1
7200,7,1936,2007,560,1135,2,1,6,0,0.0,1971.0,350,0,4,4,4,3,0,5,False,False,False,False,False,False,False,False,False,False,False,False,False,False,False,False,False,False,True,False,False,False,False,False,False,155000.0,0
8281,5,1965,1965,864,864,1,1,5,1,0.0,1965.0,553,0,3,3,3,3,1,4,False,False,False,False,False,False,False,False,False,False,False,False,False,False,False,False,False,False,False,True,False,False,False,False,False,62383.0,0
11988,6,1934,1995,715,1660,1,1,6,1,0.0,1939.0,326,0,3,3,3,3,4,2,False,False,False,False,False,False,True,False,False,False,False,False,False,False,False,False,False,False,False,False,False,False,False,False,False,188700.0,1
8430,5,1978,1978,1040,1040,0,2,5,0,136.0,1980.0,616,0,3,3,4,0,0,3,False,False,False,False,False,True,False,False,False,False,False,False,False,False,False,False,False,False,False,False,False,False,False,False,False,124000.0,0
3072,7,2004,2004,1375,1414,2,2,6,1,18.0,2004.0,0,20,4,4,4,3,3,5,True,False,False,False,False,False,False,False,False,False,False,False,False,False,False,False,False,False,False,False,False,False,False,False,False,178740.0,1
10628,7,1970,1970,1277,1277,2,1,5,1,0.0,1970.0,778,0,3,3,3,3,1,3,False,False,False,False,False,False,False,False,False,False,False,False,True,False,False,False,False,False,False,False,False,False,False,False,False,167000.0,1
9480,5,1942,1995,728,1644,1,1,7,2,224.0,1942.0,386,0,3,4,3,3,4,5,False,False,False,False,False,False,False,False,False,False,False,False,True,False,False,False,False,False,False,False,False,False,False,False,False,146500.0,0
11428,8,2006,2006,1626,1634,3,2,7,1,248.0,2006.0,0,44,4,4,4,3,4,5,False,False,False,False,False,False,False,False,False,False,False,False,False,False,False,False,True,False,False,False,False,False,False,False,False,250000.0,1
9291,6,1993,1993,832,1710,2,2,7,0,120.0,1993.0,426,70,4,4,4,3,0,5,False,False,False,False,False,False,False,False,False,False,False,False,False,False,False,False,False,False,False,False,True,False,False,False,False,187000.0,1
6820,8,1985,1985,1488,1502,2,1,4,0,0.0,1985.0,368,54,4,4,4,3,0,3,False,False,False,False,False,False,False,False,False,False,False,False,False,False,False,False,False,False,False,False,False,False,True,False,False,212000.0,1
11952,7,1977,1977,808,1969,2,2,8,1,0.0,1977.0,0,0,3,3,4,3,4,3,False,False,False,False,False,False,False,False,False,False,False,False,False,False,True,False,False,False,False,False,False,False,False,False,False,190000.0,1
3675,6,2005,2005,547,1072,2,1,5,0,80.0,2005.0,459,28,3,3,4,3,0,5,False,False,False,False,False,False,False,True,False,False,False,False,False,False,False,False,False,False,False,False,False,False,False,False,False,148000.0,0
14977,8,2006,2007,1976,1976,3,2,7,1,304.0,2006.0,1350,63,4,4,5,3,5,5,False,False,False,False,False,False,False,False,False,False,False,False,False,False,False,False,True,False,False,False,False,False,False,False,False,440000.0,1
5330,8,2000,2000,1494,1652,2,2,6,0,0.0,2000.0,1196,48,4,5,4,3,0,5,False,False,False,False,False,False,False,False,False,False,False,False,False,False,False,False,False,False,False,False,False,False,True,False,False,251000.0,1
8480,5,1963,1963,970,970,2,1,5,0,0.0,1996.0,630,24,3,3,3,3,0,3,False,False,False,False,False,False,False,False,False,False,False,False,False,False,False,False,False,False,False,True,False,False,False,False,False,132500.0,0
13125,6,1997,1998,1478,1493,2,2,7,1,215.0,1997.0,994,39,3,4,4,3,3,5,False,False,False,False,False,True,False,False,False,False,False,False,False,False,False,False,False,False,False,False,False,False,False,False,False,208900.0,1
13693,9,2006,2006,2153,2643,3,2,9,1,772.0,2006.0,0,84,5,5,4,3,4,5,False,False,False,False,False,False,False,False,False,False,False,False,False,False,False,False,True,False,False,False,False,False,False,False,False,380000.0,1
10637,8,2007,2008,1705,1718,3,2,7,1,336.0,2007.0,1288,44,4,4,5,3,4,5,False,False,False,False,False,True,False,False,False,False,False,False,False,False,False,False,False,False,False,False,False,False,False,False,False,297000.0,1
5925,4,1937,2000,907,1131,2,1,7,0,435.0,1995.0,168,72,3,3,2,3,0,3,False,False,False,False,False,False,False,False,False,False,False,False,False,False,False,False,False,True,False,False,False,False,False,False,False,89471.0,0
16033,9,2004,2005,1833,1850,3,2,8,1,378.0,2004.0,1261,112,4,4,5,3,4,5,False,False,False,False,False,False,False,False,False,False,False,False,False,False,False,False,True,False,False,False,False,False,False,False,False,326000.0,1
11846,9,2003,2004,1792,1792,3,2,6,1,562.0,2003.0,1567,49,4,5,5,3,4,5,False,False,False,False,False,False,False,False,False,False,False,False,False,False,False,False,True,False,False,False,False,False,False,False,False,374000.0,1
2500,7,1915,2005,910,1826,1,1,7,1,0.0,1915.0,299,0,4,5,3,2,4,5,False,False,False,False,False,False,False,False,False,False,False,False,False,False,False,False,False,True,False,False,False,False,False,False,False,155000.0,0
4500,6,1998,1998,1216,1216,2,2,5,0,116.0,1998.0,897,125,3,3,5,3,0,5,False,False,False,False,False,False,False,False,False,False,False,True,False,False,False,False,False,False,False,False,False,False,False,False,False,164000.0,1
7758,5,1962,2001,999,999,1,1,6,0,0.0,1963.0,588,132,3,4,3,3,0,4,False,False,False,False,False,False,False,False,False,False,False,False,False,False,False,False,False,False,False,True,False,False,False,False,False,132500.0,0
9600,5,1950,2007,1113,1113,1,1,5,1,0.0,1950.0,607,80,4,4,3,3,4,4,False,False,False,False,False,False,False,False,False,False,False,False,True,False,False,False,False,False,False,False,False,False,False,False,False,147000.0,0
10289,5,1965,1965,1073,1073,2,1,6,0,168.0,1965.0,836,0,3,3,3,3,0,3,False,False,False,False,False,False,False,False,False,False,False,False,True,False,False,False,False,False,False,False,False,False,False,False,False,156000.0,0
12243,5,1971,1971,1484,1484,2,2,7,1,0.0,1971.0,998,0,3,3,4,3,3,4,False,False,False,False,False,False,False,False,False,False,False,False,False,False,True,False,False,False,False,False,False,False,False,False,False,175000.0,1
10800,5,1900,1970,954,2414,2,2,10,1,0.0,1970.0,664,0,3,3,3,3,4,3,False,False,False,False,False,False,False,False,False,False,False,False,False,False,False,False,False,True,False,False,False,False,False,False,False,160000.0,0
1526,4,1970,2002,630,630,1,1,3,0,0.0,1970.0,515,0,3,4,4,3,0,3,False,False,False,False,False,False,False,False,False,False,True,False,False,False,False,False,False,False,False,False,False,False,False,False,False,86000.0,0
2665,5,1976,1976,264,1304,1,1,4,1,0.0,1976.0,0,24,3,3,4,3,4,3,False,False,False,False,False,False,False,False,False,False,True,False,False,False,False,False,False,False,False,False,False,False,False,False,False,115000.0,0
9490,6,1941,1950,806,1578,1,1,5,2,0.0,1941.0,403,0,3,2,3,3,3,3,False,False,False,False,False,False,False,False,False,False,False,False,True,False,False,False,False,False,False,False,False,False,False,False,False,133000.0,0
15578,6,2006,2006,728,1456,2,2,8,0,0.0,2006.0,0,0,4,3,4,3,0,4,False,False,False,False,False,False,False,False,True,False,False,False,False,False,False,False,False,False,False,False,False,False,False,False,False,172785.0,1
7931,5,1960,1960,1269,1269,1,1,6,1,0.0,1964.0,374,0,3,3,3,3,2,3,False,False,False,False,False,False,False,False,False,False,False,False,True,False,False,False,False,False,False,False,False,False,False,False,False,155000.0,0
5784,5,1938,1996,190,886,1,1,4,0,0.0,1938.0,0,20,3,3,2,3,0,4,False,False,False,False,False,False,False,False,False,False,False,False,False,False,False,False,False,True,False,False,False,False,False,False,False,91300.0,0
7879,4,1920,1950,720,720,0,1,4,0,0.0,1980.0,495,523,3,3,3,0,0,3,False,False,False,False,False,False,False,False,False,True,False,False,False,False,False,False,False,False,False,False,False,False,False,False,False,34900.0,0
12692,8,1992,1993,3200,3228,2,3,10,1,0.0,1992.0,1231,75,4,4,4,3,4,5,False,False,False,False,False,False,False,False,False,False,False,False,False,False,False,True,False,False,False,False,False,False,False,False,False,430000.0,1
9120,7,1925,1950,1026,1820,1,2,8,0,0.0,1925.0,329,100,3,3,3,3,0,5,False,False,False,True,False,False,False,False,False,False,False,False,False,False,False,False,False,False,False,False,False,False,False,False,False,184000.0,1
7800,5,1967,2004,864,899,1,1,5,0,89.0,1967.0,450,0,3,4,3,3,0,5,False,False,False,False,False,False,False,False,False,False,False,False,False,False,False,False,False,False,False,True,False,False,False,False,False,130000.0,0
7535,5,1958,1985,912,912,1,1,5,0,0.0,1958.0,111,285,3,3,3,3,0,2,False,False,False,False,False,False,False,False,False,False,False,False,True,False,False,False,False,False,False,False,False,False,False,False,False,120000.0,0
1890,6,1973,1973,672,1218,1,1,7,0,285.0,1973.0,356,28,3,3,3,3,0,3,False,False,True,False,False,False,False,False,False,False,False,False,False,False,False,False,False,False,False,False,False,False,False,False,False,113000.0,0
9803,7,2005,2005,866,1768,2,2,7,0,0.0,2005.0,400,108,4,4,4,3,0,4,False,False,False,False,False,False,False,False,False,False,False,False,False,False,False,False,False,False,False,False,False,True,False,False,False,226700.0,1
9170,5,1965,1965,1214,1214,2,1,6,0,0.0,1965.0,698,0,3,3,3,2,0,5,False,False,False,False,False,False,False,True,False,False,False,False,False,False,False,False,False,False,False,False,False,False,False,False,False,140000.0,0
15602,7,1959,1997,1501,1801,2,2,6,2,0.0,1959.0,1247,54,3,3,3,3,3,3,False,False,False,False,False,False,True,False,False,False,False,False,False,False,False,False,False,False,False,False,False,False,False,False,False,289000.0,1
2308,6,1974,1974,855,1322,2,2,6,1,0.0,1974.0,257,0,3,3,3,3,2,3,False,False,False,False,False,False,False,False,False,False,False,False,False,True,False,False,False,False,False,False,False,False,False,False,False,147000.0,0
7596,5,1952,1952,960,1960,2,2,10,0,360.0,1952.0,0,0,3,3,3,3,0,4,False,False,False,False,False,False,False,False,False,False,False,False,False,False,False,False,False,True,False,False,False,False,False,False,False,124500.0,0
9554,8,1993,1994,777,1911,2,2,8,1,125.0,1993.0,380,81,4,4,4,3,3,5,False,False,False,False,False,False,False,False,False,False,False,False,False,False,False,False,False,False,False,False,True,False,False,False,False,215000.0,1
7862,6,2009,2009,1218,1218,2,2,4,0,0.0,2009.0,27,102,4,4,4,3,0,5,False,False,False,False,False,False,False,False,False,False,False,False,False,False,False,False,False,False,False,False,False,True,False,False,False,208300.0,1
9600,7,1928,2005,689,1378,2,2,7,1,0.0,1928.0,141,0,3,4,3,3,4,5,False,False,False,False,False,False,False,False,False,False,False,False,False,False,False,False,False,True,False,False,False,False,False,False,False,161000.0,0
9600,5,1959,1959,1041,1041,1,1,6,0,132.0,1959.0,991,88,3,3,3,3,0,5,False,False,False,False,False,False,False,False,False,False,False,False,True,False,False,False,False,False,False,False,False,False,False,False,False,124500.0,0
14559,5,1951,2000,1008,1363,1,1,6,2,70.0,1951.0,650,42,4,3,3,3,3,5,False,False,False,False,False,False,False,False,False,False,False,False,True,False,False,False,False,False,False,False,False,False,False,False,False,164900.0,1
6792,7,2005,2006,1368,1368,2,2,6,1,94.0,2005.0,0,35,4,4,4,3,4,5,False,False,False,False,False,False,False,False,False,False,False,False,False,False,False,False,True,False,False,False,False,False,False,False,False,202665.0,1
9100,5,1958,1958,864,864,2,1,5,0,0.0,1964.0,521,0,3,3,3,3,0,3,False,False,False,False,False,False,False,False,False,False,False,False,True,False,False,False,False,False,False,False,False,False,False,False,False,129900.0,0
9187,6,1983,1983,1084,1080,2,1,5,0,0.0,1983.0,336,0,3,3,3,3,0,3,False,False,False,False,False,False,False,False,False,False,False,True,False,False,False,False,False,False,False,False,False,False,False,False,False,134000.0,0
10594,5,1926,1950,768,789,1,1,5,0,0.0,1926.0,0,0,3,3,3,1,0,2,False,False,False,False,False,False,True,False,False,False,False,False,False,False,False,False,False,False,False,False,False,False,False,False,False,96500.0,0
12220,10,2009,2009,2006,2020,3,2,9,1,305.0,2009.0,1436,54,5,5,5,3,4,5,False,False,False,False,False,False,False,False,False,False,False,False,False,False,False,False,True,False,False,False,False,False,False,False,False,402861.0,1
10448,6,1972,1972,689,2119,2,2,7,1,333.0,1972.0,0,104,3,3,3,3,3,3,False,False,False,False,False,False,False,False,False,False,False,False,False,False,True,False,False,False,False,False,False,False,False,False,False,158000.0,0
10208,7,1996,1997,1264,2344,3,2,7,1,921.0,1996.0,0,0,4,4,4,3,3,5,False,False,False,False,False,False,False,False,False,False,False,False,False,False,False,True,False,False,False,False,False,False,False,False,False,265000.0,1
9531,6,1998,1998,794,1796,2,2,7,0,0.0,1998.0,706,36,3,3,4,3,0,5,False,False,False,False,False,True,False,False,False,False,False,False,False,False,False,False,False,False,False,False,False,False,False,False,False,211000.0,1
10918,7,1926,2004,1276,2080,1,1,9,2,0.0,1926.0,0,0,4,4,4,3,4,5,False,False,False,False,False,False,True,False,False,False,False,False,False,False,False,False,False,False,False,False,False,False,False,False,False,234000.0,1
10800,4,1900,2000,0,1294,0,2,7,0,0.0,1980.0,0,114,3,3,0,0,0,3,False,False,False,False,False,False,False,False,False,False,False,False,False,False,False,False,False,True,False,False,False,False,False,False,False,106250.0,0
11988,6,1957,1957,1244,1244,1,1,6,2,0.0,1957.0,777,40,3,3,3,3,4,5,False,False,False,False,False,False,False,False,False,False,False,False,True,False,False,False,False,False,False,False,False,False,False,False,False,150000.0,0
5000,6,1947,1950,1004,1664,2,2,7,2,0.0,1950.0,399,24,3,3,3,3,4,5,False,False,False,True,False,False,False,False,False,False,False,False,False,False,False,False,False,False,False,False,False,False,False,False,False,159000.0,0
40094,10,2007,2008,3138,4676,3,3,11,1,762.0,2007.0,2260,406,5,5,5,3,4,5,False,False,False,False,False,False,False,True,False,False,False,False,False,False,False,False,False,False,False,False,False,False,False,False,False,184750.0,1
11787,7,1996,1997,1379,2398,3,2,8,1,594.0,1996.0,719,60,4,4,4,3,3,5,False,False,False,False,False,False,False,False,False,False,False,False,False,False,False,True,False,False,False,False,False,False,False,False,False,315750.0,1
7500,7,2005,2005,1257,1266,2,2,6,1,0.0,2005.0,0,144,4,4,4,3,3,5,False,False,False,False,False,False,False,False,False,False,False,False,False,False,False,False,False,False,False,False,False,True,False,False,False,176000.0,1
13300,5,1956,2000,928,928,1,1,4,0,0.0,1956.0,377,0,3,3,4,3,0,3,False,False,False,False,False,False,False,False,False,False,False,False,True,False,False,False,False,False,False,False,False,False,False,False,False,132000.0,0
14948,9,2008,2008,1452,2713,3,2,11,1,268.0,2008.0,1330,66,5,5,5,3,4,5,False,False,False,False,False,False,False,False,False,False,False,False,False,False,False,False,True,False,False,False,False,False,False,False,False,446261.0,1
9098,4,1920,2002,528,605,0,1,5,0,0.0,1980.0,348,0,3,3,3,0,0,5,False,False,False,False,False,False,False,True,False,False,False,False,False,False,False,False,False,False,False,False,False,False,False,False,False,86000.0,0
32668,6,1957,1975,2035,2515,2,3,9,2,0.0,1975.0,1219,0,4,3,3,3,3,3,False,False,False,False,False,False,True,False,False,False,False,False,False,False,False,False,False,False,False,False,False,False,False,False,False,200624.0,1
10200,6,1988,1989,1461,1509,2,2,5,1,219.0,1988.0,783,0,4,4,4,3,2,5,False,False,False,False,False,False,False,False,False,False,False,False,False,False,False,False,False,False,False,False,False,False,False,True,False,175000.0,1
6155,6,1920,1999,611,1362,2,2,6,0,0.0,1920.0,0,0,3,3,2,3,0,5,False,False,False,True,False,False,False,False,False,False,False,False,False,False,False,False,False,False,False,False,False,False,False,False,False,128000.0,0
7200,5,1955,2007,0,827,1,1,5,1,0.0,1967.0,0,0,3,3,0,3,1,5,False,False,False,False,False,False,False,False,False,False,False,False,True,False,False,False,False,False,False,False,False,False,False,False,False,107500.0,0
5000,1,1946,1950,0,334,0,1,2,0,0.0,1980.0,0,0,2,2,0,0,0,2,False,False,False,True,False,False,False,False,False,False,False,False,False,False,False,False,False,False,False,False,False,False,False,False,False,39300.0,0
9056,8,2004,2004,707,1414,2,2,6,1,0.0,2004.0,0,35,4,4,5,3,4,5,False,False,False,False,False,False,False,False,True,False,False,False,False,False,False,False,False,False,False,False,False,False,False,False,False,178000.0,1
7000,5,1910,1991,1117,1347,0,1,5,0,0.0,1980.0,969,0,3,3,4,0,0,3,False,False,False,False,False,False,False,True,False,False,False,False,False,False,False,False,False,False,False,False,False,False,False,False,False,107500.0,0
8924,7,1998,1999,880,1724,2,2,8,0,0.0,1998.0,0,155,3,4,4,3,0,5,False,False,False,False,False,True,False,False,False,False,False,False,False,False,False,False,False,False,False,False,False,False,False,False,False,188000.0,1
12735,4,1972,1972,864,864,2,1,5,0,0.0,1980.0,600,0,3,3,3,3,0,3,False,False,False,False,False,False,False,False,False,False,False,False,True,False,False,False,False,False,False,False,False,False,False,False,False,111250.0,0
11553,5,1968,1968,1051,1159,1,1,7,1,188.0,1968.0,673,0,3,3,3,3,2,3,False,False,False,False,False,False,False,False,False,False,False,False,False,False,False,False,False,False,False,True,False,False,False,False,False,158000.0,0
11423,8,2001,2002,1581,1601,2,2,6,1,479.0,2001.0,1358,0,4,4,4,3,3,5,False,False,False,False,False,True,False,False,False,False,False,False,False,False,False,False,False,False,False,False,False,False,False,False,False,272000.0,1
14601,9,2006,2006,1838,1838,3,2,8,1,584.0,2006.0,1260,68,5,5,5,3,4,5,False,False,False,False,False,False,False,False,False,False,False,False,False,False,False,False,False,False,False,False,False,False,False,True,False,315000.0,1
11000,8,2000,2000,969,2285,3,2,8,1,72.0,2000.0,0,56,4,4,4,3,3,5,False,False,False,False,False,False,False,False,False,False,False,False,False,False,False,True,False,False,False,False,False,False,False,False,False,248000.0,1
10140,7,1998,1999,1650,1680,2,2,7,1,0.0,1998.0,144,73,4,4,5,3,3,5,False,False,False,False,False,False,False,False,False,False,False,False,False,False,True,False,False,False,False,False,False,False,False,False,False,213250.0,1
4058,7,1998,1998,723,767,1,1,4,0,182.0,1998.0,584,40,3,3,4,3,0,5,False,False,False,False,False,False,False,False,False,False,False,False,True,False,False,False,False,False,False,False,False,False,False,False,False,133000.0,0
17104,7,2006,2006,654,1496,2,2,7,1,0.0,2006.0,554,24,4,4,4,3,4,5,False,False,False,False,False,False,False,False,True,False,False,False,False,False,False,False,False,False,False,False,False,False,False,False,False,179665.0,1
13837,7,1988,1988,1204,2183,3,2,9,0,178.0,1988.0,1002,0,4,4,4,3,0,4,False,False,False,False,False,False,False,False,False,False,False,False,False,False,True,False,False,False,False,False,False,False,False,False,False,229000.0,1
8737,6,1923,1950,1065,1635,2,1,6,1,0.0,1950.0,300,38,3,3,4,3,4,5,False,False,False,True,False,False,False,False,False,False,False,False,False,False,False,False,False,False,False,False,False,False,False,False,False,210000.0,1
7244,5,1970,1970,768,768,2,1,5,0,0.0,1987.0,619,0,3,3,4,3,0,5,False,False,False,False,False,False,False,False,False,False,False,True,False,False,False,False,False,False,False,False,False,False,False,False,False,129500.0,0
8235,5,1955,1995,825,825,2,1,4,0,0.0,1963.0,180,50,3,3,3,3,0,3,False,False,False,False,False,False,False,False,False,False,False,False,False,False,False,False,False,True,False,False,False,False,False,False,False,125000.0,0
9375,7,2003,2004,912,2094,2,2,8,1,0.0,2003.0,0,182,4,4,4,3,4,5,False,False,False,False,False,False,False,False,False,False,False,False,False,False,False,False,False,False,False,False,False,True,False,False,False,263000.0,1
4043,6,1977,1977,1069,1069,2,2,4,0,0.0,1977.0,559,55,3,3,4,3,0,3,False,False,False,False,False,False,False,False,False,False,False,False,False,True,False,False,False,False,False,False,False,False,False,False,False,140000.0,0
6000,5,1957,1957,928,928,1,1,5,0,0.0,1957.0,308,0,3,3,3,3,0,4,False,False,False,False,False,False,False,False,False,False,False,False,False,False,False,False,False,True,False,False,False,False,False,False,False,112500.0,0
11146,8,2006,2006,1709,1717,3,2,7,1,250.0,2006.0,0,39,4,4,5,3,4,5,False,False,False,False,False,False,False,False,False,False,False,False,False,False,False,False,True,False,False,False,False,False,False,False,False,255500.0,1
8777,4,1949,2003,0,1126,2,2,5,0,0.0,2002.0,0,96,3,4,0,3,0,5,False,False,False,False,False,False,False,True,False,False,False,False,False,False,False,False,False,False,False,False,False,False,False,False,False,108000.0,0
10625,7,2003,2004,998,2046,3,2,8,1,292.0,2003.0,866,62,4,4,4,3,4,5,False,False,False,False,False,False,False,False,False,False,False,False,False,False,False,False,True,False,False,False,False,False,False,False,False,284000.0,1
6380,5,1922,1950,993,1048,1,1,5,1,0.0,1922.0,0,0,3,3,3,3,4,3,False,False,False,True,False,False,False,False,False,False,False,False,False,False,False,False,False,False,False,False,False,False,False,False,False,113000.0,0
14850,5,1957,1957,1092,1092,1,1,6,1,0.0,1957.0,895,0,3,3,3,3,3,3,False,False,False,False,False,False,False,False,False,False,False,False,True,False,False,False,False,False,False,False,False,False,False,False,False,141000.0,0
11040,4,1920,1950,637,1336,1,1,7,0,0.0,1994.0,637,47,3,3,3,3,0,4,False,False,False,False,False,False,False,False,False,True,False,False,False,False,False,False,False,False,False,False,False,False,False,False,False,108000.0,0
21872,7,1996,1997,729,1446,2,2,6,1,0.0,1996.0,604,22,3,3,4,3,3,5,False,False,False,False,False,False,False,False,True,False,False,False,False,False,False,False,False,False,False,False,False,False,False,False,False,175000.0,1
3196,7,2003,2004,1374,1557,2,2,7,1,18.0,2003.0,0,20,4,4,4,3,3,5,True,False,False,False,False,False,False,False,False,False,False,False,False,False,False,False,False,False,False,False,False,False,False,False,False,234000.0,1
11341,5,1957,1996,1392,1392,2,1,5,1,180.0,1957.0,1302,0,3,3,4,3,4,3,False,False,False,False,False,False,False,False,False,False,False,False,False,False,False,False,False,False,False,True,False,False,False,False,False,121500.0,0
10010,5,1974,1975,1389,1389,2,1,6,1,0.0,1975.0,1071,38,3,3,4,3,3,4,False,False,False,False,False,False,False,False,False,False,False,True,False,False,False,False,False,False,False,False,False,False,False,False,False,170000.0,1
13907,5,1940,1969,996,996,0,1,6,1,0.0,1980.0,290,0,3,3,3,0,4,5,False,False,False,False,False,False,False,True,False,False,False,False,False,False,False,False,False,False,False,False,False,False,False,False,False,108000.0,0
21780,6,1918,1950,1163,1674,2,2,8,1,0.0,1955.0,0,36,3,3,4,3,4,5,False,False,False,False,False,False,False,True,False,False,False,False,False,False,False,False,False,False,False,False,False,False,False,False,False,185000.0,1
13346,7,1992,2000,1095,2295,2,2,9,1,0.0,1992.0,728,40,4,4,4,3,3,5,False,False,False,False,False,False,False,False,False,False,False,False,False,False,False,True,False,False,False,False,False,False,False,False,False,268000.0,1
6858,6,1915,1950,806,1647,1,1,6,0,0.0,1920.0,0,66,3,2,4,3,0,3,False,False,False,False,False,False,False,False,False,False,False,False,False,False,False,False,False,False,True,False,False,False,False,False,False,128000.0,0
11198,9,2005,2007,1122,2504,3,2,11,1,245.0,2005.0,0,39,4,5,4,3,4,5,False,False,False,False,False,False,False,False,False,False,False,False,False,False,False,False,False,False,False,False,False,False,True,False,False,325000.0,1
10171,7,2004,2004,1517,1535,2,2,7,0,168.0,2004.0,2,0,4,4,4,3,0,5,False,False,False,False,False,False,False,False,False,False,False,False,False,False,False,False,True,False,False,False,False,False,False,False,False,214000.0,1
12327,8,1983,2009,1496,2132,2,1,5,1,0.0,1983.0,1441,40,4,4,4,4,4,5,False,False,False,False,False,False,False,False,False,False,False,False,False,False,False,False,False,False,False,False,True,False,False,False,False,316600.0,1
7032,5,1979,1979,943,943,2,1,4,2,0.0,1979.0,943,0,3,3,4,3,3,3,False,False,False,False,False,False,False,False,False,False,False,False,True,False,False,False,False,False,False,False,False,False,False,False,False,135960.0,0
13101,5,1965,1965,1728,1728,2,2,10,0,108.0,1987.0,231,0,3,3,3,3,0,3,False,False,False,False,False,False,False,False,False,False,False,False,True,False,False,False,False,False,False,False,False,False,False,False,False,142600.0,0
7332,6,1959,1959,864,864,1,1,4,0,207.0,1959.0,414,0,3,4,3,3,0,5,False,False,False,False,False,False,False,False,False,False,False,False,True,False,False,False,False,False,False,False,False,False,False,False,False,120000.0,0
13159,7,2009,2009,846,1692,2,2,6,0,0.0,2009.0,0,114,3,4,5,3,0,4,False,False,False,False,False,False,False,False,False,False,False,False,False,False,False,False,False,False,False,False,False,False,False,True,False,224500.0,1
9967,7,2000,2000,384,1430,2,2,8,1,0.0,2000.0,0,0,3,3,4,3,3,5,False,False,False,False,False,False,False,False,True,False,False,False,False,False,False,False,False,False,False,False,False,False,False,False,False,170000.0,1
10500,5,1971,2005,372,1109,1,1,5,0,82.0,1971.0,349,0,3,3,3,3,0,3,False,False,False,False,False,False,False,False,False,False,False,False,True,False,False,False,False,False,False,False,False,False,False,False,False,139000.0,0
8480,5,1947,1950,832,1216,1,1,6,0,0.0,1947.0,442,0,3,3,3,3,0,3,False,False,False,False,False,False,False,False,False,False,False,False,True,False,False,False,False,False,False,False,False,False,False,False,False,118500.0,0
6292,7,1928,1950,861,1477,1,2,6,1,0.0,1928.0,0,50,3,3,3,3,4,4,False,False,False,False,False,False,False,False,False,False,False,False,False,False,False,False,False,False,True,False,False,False,False,False,False,145000.0,0
11777,5,1966,1966,1164,1320,2,1,6,2,97.0,1966.0,328,68,3,3,3,3,2,5,False,False,False,False,False,False,False,False,False,False,False,False,False,False,False,False,False,False,False,True,False,False,False,False,False,164500.0,1
3604,7,2007,2007,689,1392,2,2,5,0,0.0,2007.0,0,102,4,4,4,3,0,5,False,False,False,False,False,False,False,False,False,False,False,False,False,False,False,False,False,False,False,False,False,True,False,False,False,146000.0,0
12150,5,1954,1954,1050,1795,1,2,7,0,335.0,1954.0,0,0,3,3,3,2,0,5,False,False,False,False,False,False,False,False,False,False,False,False,False,False,False,False,False,True,False,False,False,False,False,False,False,131500.0,0
14585,6,1960,1987,1144,1429,2,1,7,2,85.0,1960.0,594,110,3,4,3,3,4,5,False,False,False,False,False,False,False,False,False,False,False,False,True,False,False,False,False,False,False,False,False,False,False,False,False,181900.0,1
12704,8,2008,2009,2042,2042,3,2,8,1,306.0,2009.0,0,90,5,5,5,3,4,5,False,False,False,False,False,False,False,False,False,False,False,False,False,False,False,False,True,False,False,False,False,False,False,False,False,253293.0,1
11841,6,1990,1990,816,816,0,1,5,0,104.0,1980.0,816,32,3,3,4,0,0,3,False,False,False,False,False,False,False,True,False,False,False,False,False,False,False,False,False,False,False,False,False,False,False,False,False,118500.0,0
13500,10,1893,2000,1237,2775,2,3,9,1,0.0,1988.0,0,502,5,4,3,4,4,4,False,False,False,False,False,False,False,False,False,False,False,False,False,False,False,False,False,True,False,False,False,False,False,False,False,325000.0,1
6120,4,1935,1995,884,1573,1,1,6,0,0.0,1935.0,0,0,3,4,3,3,0,5,False,False,False,True,False,False,False,False,False,False,False,False,False,False,False,False,False,False,False,False,False,False,False,False,False,133000.0,0
11443,8,2005,2006,1868,2028,3,2,7,2,208.0,2005.0,1460,66,4,4,5,3,4,5,False,False,False,False,False,False,False,False,False,False,False,False,False,False,False,False,False,False,False,False,False,False,False,True,False,369900.0,1
10267,6,1918,2000,816,838,1,1,5,0,0.0,1961.0,210,0,3,2,3,3,0,5,False,False,False,True,False,False,False,False,False,False,False,False,False,False,False,False,False,False,False,False,False,False,False,False,False,130000.0,0
8740,5,1982,1982,840,860,2,1,4,0,0.0,1996.0,672,0,3,3,3,3,0,3,False,False,False,False,False,False,False,False,False,False,False,False,False,False,False,False,False,False,False,True,False,False,False,False,False,137000.0,0
25095,5,1968,2003,1437,1473,1,1,5,2,0.0,1968.0,1324,48,3,5,3,3,4,5,False,False,False,False,True,False,False,False,False,False,False,False,False,False,False,False,False,False,False,False,False,False,False,False,False,143000.0,0
9100,5,1930,1960,742,935,1,1,4,0,0.0,1988.0,0,0,3,3,3,3,0,3,False,False,False,True,False,False,False,False,False,False,False,False,False,False,False,False,False,False,False,False,False,False,False,False,False,79500.0,0
8320,7,2004,2004,770,1582,2,2,6,0,0.0,2004.0,490,45,4,4,4,3,0,5,False,False,False,False,False,True,False,False,False,False,False,False,False,False,False,False,False,False,False,False,False,False,False,False,False,185900.0,1
13478,10,2008,2008,1722,2296,3,2,10,1,420.0,2008.0,1338,274,5,5,5,3,4,5,False,False,False,False,False,False,False,False,False,False,False,False,False,False,False,False,True,False,False,False,False,False,False,False,False,451950.0,1
6600,5,1982,2003,816,816,2,1,4,0,0.0,1985.0,816,0,3,3,3,3,0,5,False,False,False,False,False,False,False,False,False,False,False,True,False,False,False,False,False,False,False,False,False,False,False,False,False,138000.0,0
4435,6,2003,2003,848,848,2,1,4,0,170.0,2003.0,685,0,4,4,4,3,0,5,False,False,False,False,False,True,False,False,False,False,False,False,False,False,False,False,False,False,False,False,False,False,False,False,False,140000.0,0
7990,5,1975,1975,924,924,1,1,5,0,0.0,1981.0,0,0,3,3,4,3,0,3,False,False,False,False,False,True,False,False,False,False,False,False,False,False,False,False,False,False,False,False,False,False,False,False,False,110000.0,0
11302,8,2005,2006,1814,1826,3,2,7,1,238.0,2005.0,1422,75,4,4,4,3,3,5,False,False,False,False,False,False,False,False,False,False,False,False,False,False,False,False,False,False,False,False,False,False,True,False,False,319000.0,1
3600,6,1910,1993,684,1368,1,1,7,0,0.0,1930.0,0,158,3,3,3,3,0,5,False,False,False,False,False,False,False,False,False,False,False,False,False,False,False,False,False,True,False,False,False,False,False,False,False,114504.0,0
3922,7,2006,2007,1258,1402,3,0,7,1,72.0,2006.0,0,16,4,4,5,3,4,5,True,False,False,False,False,False,False,False,False,False,False,False,False,False,False,False,False,False,False,False,False,False,False,False,False,194201.0,1
12984,5,1977,1977,1430,1647,2,2,7,1,459.0,1977.0,1283,0,3,4,4,3,3,5,False,False,False,False,False,False,True,False,False,False,False,False,False,False,False,False,False,False,False,False,False,False,False,False,False,217500.0,1
1950,6,1980,1980,716,1556,2,2,6,1,0.0,1980.0,81,0,3,3,4,3,3,3,False,True,False,False,False,False,False,False,False,False,False,False,False,False,False,False,False,False,False,False,False,False,False,False,False,151000.0,0
10927,8,2005,2005,1058,1904,2,2,8,1,280.0,2003.0,546,60,4,5,4,3,4,5,False,False,False,False,False,False,False,False,False,False,False,False,False,False,False,False,True,False,False,False,False,False,False,False,False,275000.0,1
9000,6,1937,1950,780,1375,1,1,6,1,0.0,1979.0,0,162,3,4,3,3,4,3,False,False,False,False,False,False,False,False,False,True,False,False,False,False,False,False,False,False,False,False,False,False,False,False,False,141000.0,0
10041,8,1992,1992,908,1915,2,2,8,1,0.0,1992.0,789,150,4,4,4,3,3,5,False,False,False,False,False,False,False,False,False,False,False,False,False,False,False,False,False,False,False,False,True,False,False,False,False,220000.0,1
3182,7,2004,2005,600,1200,2,2,4,0,0.0,2004.0,0,172,4,4,4,3,0,5,False,False,False,False,False,False,False,False,False,False,False,False,False,False,False,False,False,False,False,False,False,True,False,False,False,151000.0,0
12803,7,2002,2002,1494,1494,2,2,6,1,99.0,2002.0,922,36,4,4,4,3,3,5,False,False,False,False,False,True,False,False,False,False,False,False,False,False,False,False,False,False,False,False,False,False,False,False,False,221000.0,1
13600,7,1965,1990,768,1986,2,2,7,3,176.0,1965.0,454,42,3,3,3,3,2,3,False,False,False,False,False,False,False,False,False,False,False,False,True,False,False,False,False,False,False,False,False,False,False,False,False,205000.0,1
12464,5,1996,1996,1040,1040,2,1,6,0,0.0,2000.0,732,0,3,4,4,3,0,4,False,False,False,False,False,True,False,False,False,False,False,False,False,False,False,False,False,False,False,False,False,False,False,False,False,152000.0,0
7800,5,1948,2002,896,2008,1,3,8,0,0.0,1948.0,603,0,3,5,3,3,0,5,False,False,False,False,False,False,False,True,False,False,False,False,False,False,False,False,False,False,False,False,False,False,False,False,False,225000.0,1
12168,8,1934,1998,965,3194,2,2,10,2,0.0,1934.0,428,0,3,3,4,3,4,3,False,False,False,False,False,False,True,False,False,False,False,False,False,False,False,False,False,False,False,False,False,False,False,False,False,359100.0,1
7943,4,1961,1961,1029,1029,1,1,5,0,192.0,1961.0,903,0,3,3,3,3,0,4,False,False,False,False,False,False,False,False,False,False,False,False,False,False,False,False,False,False,False,True,False,False,False,False,False,118500.0,0
11050,9,2000,2000,1440,2153,3,2,8,2,204.0,2000.0,904,142,4,5,5,3,5,5,False,False,False,False,False,True,False,False,False,False,False,False,False,False,False,False,False,False,False,False,False,False,False,False,False,313000.0,1
10395,6,1978,1978,1032,1032,2,2,6,1,233.0,1978.0,605,0,3,3,4,3,3,3,False,False,False,False,False,False,False,False,False,False,False,False,False,False,True,False,False,False,False,False,False,False,False,False,False,148000.0,0
11885,8,2001,2001,1299,1872,2,2,7,1,108.0,2001.0,990,122,4,5,4,3,3,5,False,False,False,False,False,True,False,False,False,False,False,False,False,False,False,False,False,False,False,False,False,False,False,False,False,261500.0,1
8402,5,2007,2007,1120,1120,0,1,6,0,0.0,1980.0,206,30,3,3,4,0,0,5,False,False,False,False,False,False,False,False,False,False,False,True,False,False,False,False,False,False,False,False,False,False,False,False,False,147000.0,0
1491,4,1972,1972,630,630,0,1,3,0,0.0,1980.0,150,24,3,3,4,0,0,5,False,False,False,False,False,False,False,False,False,False,True,False,False,False,False,False,False,False,False,False,False,False,False,False,False,75500.0,0
8800,6,1963,1963,936,1054,2,1,6,0,156.0,1963.0,763,0,3,4,3,3,0,5,False,False,False,False,False,False,False,False,False,False,False,False,True,False,False,False,False,False,False,False,False,False,False,False,False,137500.0,0
7861,6,2002,2003,783,1509,2,2,7,1,0.0,2002.0,457,75,4,4,4,3,4,5,False,False,False,False,False,False,False,False,True,False,False,False,False,False,False,False,False,False,False,False,False,False,False,False,False,183200.0,1
7227,6,1954,1954,832,832,2,1,4,0,0.0,1962.0,0,0,3,4,3,3,0,4,False,False,False,False,False,False,False,False,False,False,False,False,True,False,False,False,False,False,False,False,False,False,False,False,False,105500.0,0
11694,9,2007,2007,1822,1828,3,2,9,1,452.0,2007.0,48,108,5,4,5,3,4,5,False,False,False,False,False,False,False,False,False,False,False,False,False,False,False,False,True,False,False,False,False,False,False,False,False,314813.0,1
12244,8,2003,2003,1482,2262,3,2,10,2,226.0,2003.0,871,0,4,4,4,3,4,5,False,False,False,False,False,False,False,False,False,False,False,False,False,False,False,False,False,False,False,False,False,False,False,True,False,305000.0,1
8248,3,1914,1950,864,864,0,1,5,0,0.0,1980.0,41,0,3,3,3,0,0,3,False,False,False,False,False,False,False,True,False,False,False,False,False,False,False,False,False,False,False,False,False,False,False,False,False,67000.0,0
10800,6,1974,1997,1522,2614,2,2,9,1,0.0,1974.0,956,243,3,3,3,3,3,3,False,False,False,False,False,False,False,False,False,False,False,False,False,False,True,False,False,False,False,False,False,False,False,False,False,240000.0,1
7064,5,1977,1977,980,980,2,1,6,0,153.0,1986.0,560,0,3,3,3,3,0,3,False,False,False,False,False,False,False,False,False,False,False,False,False,False,False,False,False,False,False,True,False,False,False,False,False,135000.0,0
2117,6,2000,2000,756,1512,2,2,4,1,513.0,2000.0,420,32,4,4,4,3,3,5,False,False,False,False,False,False,False,False,False,False,False,False,False,False,False,False,False,False,False,False,False,True,False,False,False,168500.0,1
10400,6,1972,1972,732,1790,2,1,8,1,288.0,1972.0,247,0,3,3,3,3,3,4,False,False,False,False,False,False,False,False,False,False,False,False,False,False,True,False,False,False,False,False,False,False,False,False,False,165150.0,1
10000,6,1962,1962,1116,1116,2,1,5,0,261.0,1962.0,0,0,3,3,3,3,0,3,False,False,False,False,False,False,False,False,False,False,False,False,True,False,False,False,False,False,False,False,False,False,False,False,False,160000.0,0
12342,5,1960,1978,978,1422,1,1,6,1,0.0,1960.0,0,0,3,3,3,3,3,3,False,False,False,False,False,False,False,False,False,False,False,False,True,False,False,False,False,False,False,False,False,False,False,False,False,139900.0,0
9600,6,1955,1972,1156,1520,1,1,7,2,164.0,1955.0,674,0,3,3,3,3,4,5,False,False,False,False,False,False,False,False,False,False,False,False,True,False,False,False,False,False,False,False,False,False,False,False,False,153000.0,0
11606,5,1969,1969,1040,2080,2,1,9,2,192.0,1969.0,650,0,3,2,4,3,3,3,False,False,False,False,False,False,False,False,False,False,False,False,True,False,False,False,False,False,False,False,False,False,False,False,False,135000.0,0
9020,6,1964,1964,1248,1350,2,1,6,0,259.0,1964.0,624,0,3,3,3,3,0,3,False,False,False,False,False,False,False,False,False,False,False,False,True,False,False,False,False,False,False,False,False,False,False,False,False,168500.0,1
9000,5,1880,1991,636,1750,1,1,8,0,0.0,1937.0,0,0,3,5,2,2,0,3,False,False,False,False,False,False,False,False,False,False,False,False,False,False,False,False,False,True,False,False,False,False,False,False,False,124000.0,0
4590,8,2006,2006,1554,1554,2,2,6,1,108.0,2006.0,24,73,4,4,4,3,4,5,False,False,False,False,False,False,False,False,False,False,False,False,False,False,False,False,True,False,False,False,False,False,False,False,False,209500.0,1
11900,7,1977,1977,1386,1411,2,2,6,1,209.0,1977.0,822,0,3,3,3,3,3,3,False,False,False,False,False,False,False,False,False,False,False,False,False,False,True,False,False,False,False,False,False,False,False,False,False,82500.0,0
9250,5,1954,2005,1056,1056,1,1,6,0,0.0,1954.0,480,0,3,3,3,3,0,3,False,False,False,False,False,False,False,False,False,False,False,False,True,False,False,False,False,False,False,False,False,False,False,False,False,139400.0,0
6979,6,1980,1980,1056,1056,2,0,4,0,0.0,1980.0,1056,56,3,3,3,3,0,4,False,False,False,False,False,False,False,False,False,False,False,False,False,False,False,False,False,True,False,False,False,False,False,False,False,144000.0,0
10896,6,1914,1995,1440,3395,0,2,14,0,0.0,1980.0,256,110,2,2,3,0,0,5,False,False,False,False,False,False,False,False,False,False,False,False,False,False,False,False,False,False,True,False,False,False,False,False,False,200000.0,1
6120,2,1936,1950,264,800,0,1,4,1,0.0,1980.0,0,0,2,2,3,0,1,2,False,False,False,True,False,False,False,False,False,False,False,False,False,False,False,False,False,False,False,False,False,False,False,False,False,60000.0,0
6000,5,1954,1954,811,1387,1,2,7,0,0.0,1954.0,0,0,3,4,3,3,0,3,False,False,False,False,False,False,False,False,False,False,False,False,False,False,False,False,False,True,False,False,False,False,False,False,False,93000.0,0
8777,5,1910,1950,796,796,0,1,4,0,0.0,1980.0,0,0,3,3,2,0,0,4,False,False,False,False,False,False,False,True,False,False,False,False,False,False,False,False,False,False,False,False,False,False,False,False,False,85000.0,0
3982,8,2006,2006,1520,1567,3,2,7,1,0.0,2006.0,1154,0,4,5,4,3,4,5,True,False,False,False,False,False,False,False,False,False,False,False,False,False,False,False,False,False,False,False,False,False,False,False,False,264561.0,1
12677,8,2003,2004,1518,1518,2,1,6,1,472.0,2003.0,1218,140,5,5,5,3,4,5,False,False,False,False,False,False,False,False,False,False,False,False,False,False,False,False,True,False,False,False,False,False,False,False,False,274000.0,1
7050,7,2001,2001,1057,1929,2,2,7,1,0.0,2001.0,738,235,4,4,4,3,3,5,False,False,False,False,False,False,False,False,False,False,False,False,False,False,False,False,False,False,False,False,False,True,False,False,False,226000.0,1
13860,8,1972,1995,1952,2704,2,2,9,3,0.0,1972.0,1410,111,4,5,4,3,3,4,False,False,False,False,False,False,False,False,False,False,False,False,True,False,False,False,False,False,False,False,False,False,False,False,False,345000.0,1
10793,5,1969,1969,780,1620,2,2,7,0,263.0,1969.0,493,0,3,3,3,3,0,5,False,False,False,False,False,False,False,False,False,False,False,False,False,False,True,False,False,False,False,False,False,False,False,False,False,152000.0,0
9187,9,2009,2009,1766,1766,3,2,7,1,162.0,2009.0,1121,130,5,5,5,3,4,5,False,False,False,False,False,False,False,False,False,False,False,False,False,False,False,False,False,False,False,False,False,True,False,False,False,370878.0,1
10530,6,1971,1971,981,981,2,1,5,0,0.0,1979.0,282,312,3,3,3,3,0,3,False,False,False,False,False,False,False,False,False,False,False,False,True,False,False,False,False,False,False,False,False,False,False,False,False,143250.0,0
7200,5,1950,1950,0,1048,2,1,7,0,0.0,1950.0,0,27,3,3,0,3,0,4,False,False,False,False,False,False,False,False,False,False,False,False,True,False,False,False,False,False,False,False,False,False,False,False,False,98300.0,0
10452,6,1953,1953,1094,1094,2,1,5,2,216.0,1953.0,500,0,3,3,3,3,4,5,False,False,False,False,False,False,False,True,False,False,False,False,False,False,False,False,False,False,False,False,False,False,False,False,False,155000.0,0
7700,6,1966,1966,756,1839,2,1,7,1,351.0,1966.0,0,124,3,3,3,3,3,3,False,False,False,False,False,False,False,False,False,False,False,False,True,False,False,False,False,False,False,False,False,False,False,False,False,155000.0,0
1936,4,1970,1970,630,630,0,1,3,0,0.0,1980.0,131,0,3,3,4,0,0,4,False,False,False,False,False,False,False,False,False,False,True,False,False,False,False,False,False,False,False,False,False,False,False,False,False,84500.0,0
8125,7,2007,2007,813,1665,2,2,7,0,0.0,2007.0,0,0,4,4,4,3,0,5,False,False,False,False,False,False,False,False,False,False,False,False,False,False,False,False,False,False,False,False,False,True,False,False,False,205950.0,1
9084,4,1940,1950,755,1510,1,1,7,1,0.0,1940.0,0,0,3,3,3,2,4,3,False,False,False,False,False,False,False,True,False,False,False,False,False,False,False,False,False,False,False,False,False,False,False,False,False,108000.0,0
8750,7,1996,1996,880,1716,2,2,7,1,0.0,1996.0,0,120,4,4,4,3,3,5,False,False,False,False,False,True,False,False,False,False,False,False,False,False,False,False,False,False,False,False,False,False,False,False,False,191000.0,1
10320,6,1906,1995,756,1469,1,1,7,0,0.0,1906.0,0,0,3,3,3,3,0,5,False,False,False,False,False,False,False,False,False,True,False,False,False,False,False,False,False,False,False,False,False,False,False,False,False,135000.0,0
10437,8,1995,1995,2109,2113,3,2,7,1,660.0,1995.0,1696,46,4,4,4,3,3,5,False,False,False,False,False,False,False,False,False,False,False,False,False,False,False,True,False,False,False,False,False,False,False,False,False,350000.0,1
1680,6,1971,1971,525,1092,1,1,6,0,381.0,1971.0,0,0,3,3,3,3,0,3,False,False,True,False,False,False,False,False,False,False,False,False,False,False,False,False,False,False,False,False,False,False,False,False,False,88000.0,0
10007,5,1959,2006,1053,1053,1,1,5,0,54.0,1959.0,806,0,4,4,3,3,0,5,False,False,False,False,False,False,False,False,False,False,False,False,True,False,False,False,False,False,False,False,False,False,False,False,False,145500.0,0
7200,7,1931,2000,776,1502,1,1,6,1,0.0,1931.0,0,0,3,3,4,3,4,3,False,False,False,False,False,False,True,False,False,False,False,False,False,False,False,False,False,False,False,False,False,False,False,False,False,149000.0,0
17503,6,1948,1950,912,1458,1,1,6,1,0.0,1948.0,0,0,3,3,3,3,4,3,False,False,False,False,False,False,False,False,False,False,False,False,True,False,False,False,False,False,False,False,False,False,False,False,False,97500.0,0
9937,5,1964,1999,1486,1486,2,1,7,0,0.0,1968.0,637,0,3,3,3,3,0,5,False,False,False,False,False,False,False,True,False,False,False,False,False,False,False,False,False,False,False,False,False,False,False,False,False,167000.0,1
12384,7,1976,1976,793,1935,2,2,7,1,233.0,1976.0,0,113,3,3,4,3,3,3,False,False,False,False,False,False,False,False,False,False,False,False,False,False,True,False,False,False,False,False,False,False,False,False,False,197900.0,1
46589,8,1994,2005,1629,2448,3,2,8,1,528.0,1994.0,1361,76,4,4,4,3,3,5,False,False,False,False,False,False,False,False,False,False,False,False,False,False,False,True,False,False,False,False,False,False,False,False,False,402000.0,1
13560,6,1968,1968,1392,1392,2,1,5,2,216.0,1968.0,0,0,3,3,2,3,3,4,False,False,False,False,False,False,False,False,False,False,False,False,True,False,False,False,False,False,False,False,False,False,False,False,False,110000.0,0
10012,4,1972,1972,1138,1181,2,2,6,0,0.0,1974.0,920,0,3,3,4,3,0,3,False,False,False,False,False,False,False,True,False,False,False,False,False,False,False,False,False,False,False,False,False,False,False,False,False,137500.0,0
20896,8,2005,2006,2077,2097,3,1,8,1,0.0,2005.0,1721,267,4,5,5,3,5,5,False,False,False,False,False,False,False,False,False,False,False,False,False,False,False,False,False,False,False,False,False,True,False,False,False,423000.0,1
11194,8,2000,2000,1406,1936,2,2,7,1,40.0,2000.0,0,124,4,4,4,3,3,5,False,False,False,False,False,False,False,False,True,False,False,False,False,False,False,False,False,False,False,False,False,False,False,False,False,230500.0,1
18450,6,1965,1979,1021,2380,2,2,7,1,113.0,1965.0,187,265,3,3,4,3,1,3,False,False,False,False,False,False,False,False,False,False,False,False,True,False,False,False,False,False,False,False,False,False,False,False,False,129000.0,0
8125,6,1994,1998,1408,1679,2,2,7,1,258.0,1994.0,1138,42,3,4,4,3,2,5,False,False,False,False,False,False,False,False,False,False,False,False,False,False,False,False,False,False,False,False,True,False,False,False,False,193500.0,1
14175,5,1956,1987,1188,1437,2,1,6,1,0.0,1999.0,988,0,3,3,3,3,3,4,False,False,False,False,False,False,False,False,False,False,False,False,False,False,False,False,False,False,False,True,False,False,False,False,False,168000.0,1
11600,4,1922,1950,700,1180,1,1,5,1,0.0,1922.0,0,0,3,2,2,3,4,5,False,False,False,False,False,False,True,False,False,False,False,False,False,False,False,False,False,False,False,False,False,False,False,False,False,137500.0,0
8633,6,2005,2005,738,1476,2,2,7,0,0.0,2005.0,193,35,4,4,4,3,0,5,False,False,False,False,False,True,False,False,False,False,False,False,False,False,False,False,False,False,False,False,False,False,False,False,False,173500.0,1
6629,6,1925,1950,672,1369,1,2,6,0,0.0,1930.0,551,0,3,3,3,3,0,3,False,False,False,False,False,False,False,True,False,False,False,False,False,False,False,False,False,False,False,False,False,False,False,False,False,103600.0,0
11250,6,1977,1977,1208,1208,2,1,6,1,0.0,1977.0,767,42,4,3,4,3,3,3,False,False,False,False,False,False,False,False,False,False,False,False,False,False,False,False,False,False,False,False,False,False,False,False,True,165000.0,1
14442,6,1957,2004,1477,1839,2,2,7,2,106.0,1957.0,1186,87,3,4,3,3,3,5,False,False,False,False,False,False,True,False,False,False,False,False,False,False,False,False,False,False,False,False,False,False,False,False,False,257500.0,1
9200,6,1965,1965,1136,1136,1,1,5,1,0.0,1965.0,892,0,3,3,3,3,4,3,False,False,False,False,False,False,False,False,False,False,False,False,True,False,False,False,False,False,False,False,False,False,False,False,False,140000.0,0
2289,6,1978,1978,855,1441,2,2,7,1,0.0,1978.0,311,0,3,3,3,3,3,3,False,False,False,False,False,False,False,False,False,False,False,False,False,True,False,False,False,False,False,False,False,False,False,False,False,148500.0,0
9600,4,1900,1950,1095,1774,3,2,8,0,0.0,1920.0,0,0,3,3,3,2,0,2,False,False,False,False,False,False,False,False,False,False,False,False,False,False,False,False,False,True,False,False,False,False,False,False,False,87000.0,0
9022,5,1924,2006,768,792,1,1,5,0,0.0,1924.0,0,0,4,4,3,2,0,5,False,False,False,False,False,False,False,False,False,False,False,False,False,False,False,False,False,True,False,False,False,False,False,False,False,109500.0,0
11844,8,2008,2008,2046,2046,3,2,7,1,464.0,2008.0,0,82,4,4,5,3,4,5,False,False,False,False,False,False,False,False,False,False,False,False,False,False,False,False,False,False,False,False,False,False,True,False,False,372500.0,1
9945,5,1961,1961,988,988,2,1,5,0,57.0,1963.0,827,0,3,3,3,3,0,3,False,False,False,False,False,False,False,False,False,False,False,False,False,False,False,False,False,False,False,True,False,False,False,False,False,128500.0,0
8012,6,1980,1980,923,923,1,2,5,1,0.0,1980.0,543,0,3,3,4,3,3,3,False,False,False,False,False,False,False,False,False,False,False,False,False,False,False,False,False,False,False,False,True,False,False,False,False,143000.0,0
4500,5,1932,2000,793,1520,1,1,6,0,0.0,1968.0,182,0,3,3,3,3,0,5,False,False,False,False,False,False,False,False,False,False,False,False,False,False,False,False,False,False,True,False,False,False,False,False,False,159434.0,0
2887,6,1996,1997,1291,1291,2,1,6,1,0.0,1996.0,1003,0,3,4,4,3,4,5,False,False,False,False,True,False,False,False,False,False,False,False,False,False,False,False,False,False,False,False,False,False,False,False,False,173000.0,1
11248,9,2002,2002,1626,1668,3,2,7,1,215.0,2002.0,1059,45,4,4,4,3,3,5,False,False,False,False,False,True,False,False,False,False,False,False,False,False,False,False,False,False,False,False,False,False,False,False,False,285000.0,1
16770,7,1998,1998,1195,1839,2,2,7,0,30.0,1998.0,0,81,4,3,4,3,0,4,False,False,False,False,False,False,False,False,False,False,False,False,False,False,False,True,False,False,False,False,False,False,False,False,False,221000.0,1
5062,7,1984,1984,1190,2090,2,2,6,1,0.0,1984.0,828,0,4,4,4,3,3,4,False,False,False,False,False,False,False,False,False,False,False,False,False,False,False,False,False,False,False,False,False,False,True,False,False,207500.0,1
10207,7,2007,2007,874,1761,2,3,7,0,0.0,2007.0,0,105,4,4,4,3,0,5,False,False,False,False,False,False,False,False,False,False,False,False,False,False,False,False,False,False,False,False,False,True,False,False,False,227875.0,1
5105,7,2004,2004,551,1102,2,2,4,0,0.0,2004.0,239,60,4,4,4,3,0,5,False,False,False,False,False,False,False,False,False,False,False,False,False,False,False,False,False,False,False,False,False,True,False,False,False,148800.0,0
8089,8,2007,2007,1419,1419,2,2,7,1,0.0,2007.0,945,0,4,4,4,3,4,5,False,False,False,False,False,False,False,False,False,False,False,False,False,False,False,False,False,False,False,False,False,False,True,False,False,392000.0,1
7577,6,2005,2006,1362,1362,2,2,6,1,256.0,2005.0,20,28,4,4,4,3,4,5,False,False,False,False,False,False,False,False,False,False,False,False,False,False,False,False,True,False,False,False,False,False,False,False,False,194700.0,1
4426,6,2004,2004,848,848,2,1,3,1,147.0,2004.0,697,0,4,4,4,3,3,5,False,False,False,False,False,True,False,False,False,False,False,False,False,False,False,False,False,False,False,False,False,False,False,False,False,141000.0,0
21535,10,1994,1995,2444,4316,3,3,10,2,1170.0,1994.0,1455,50,5,5,5,3,5,5,False,False,False,False,False,False,False,False,False,False,False,False,False,False,False,True,False,False,False,False,False,False,False,False,False,755000.0,1
26178,7,1989,1990,1210,2519,2,2,9,2,293.0,1989.0,965,27,4,4,4,3,4,5,False,False,False,False,False,False,False,False,False,False,False,False,False,False,False,False,False,False,False,False,False,False,False,True,False,335000.0,1
5400,5,1921,1968,1073,1073,1,1,4,0,0.0,1968.0,0,0,3,3,3,3,0,5,False,False,False,False,False,False,False,False,False,False,False,False,False,False,False,False,False,True,False,False,False,False,False,False,False,108480.0,0
6120,5,1936,1950,927,1539,2,1,5,0,0.0,1995.0,0,0,3,3,3,3,0,3,False,False,False,True,False,False,False,False,False,False,False,False,False,False,False,False,False,False,False,False,False,False,False,False,False,141500.0,0
13811,6,1987,1987,1112,1137,2,2,5,1,72.0,1987.0,980,0,3,4,4,3,3,4,False,False,False,False,False,False,False,False,False,False,False,False,False,False,False,False,False,False,False,False,False,False,False,True,False,176000.0,1
6000,5,1921,1950,616,616,1,1,4,0,0.0,1921.0,616,0,3,3,3,3,0,4,False,False,False,True,False,False,False,False,False,False,False,False,False,False,False,False,False,False,False,False,False,False,False,False,False,89000.0,0
6420,5,1952,1952,980,1148,1,1,6,0,0.0,1952.0,210,0,3,3,5,3,0,2,False,False,False,False,False,False,False,True,False,False,False,False,False,False,False,False,False,False,False,False,False,False,False,False,False,123500.0,0
8450,5,1965,2009,894,894,1,1,5,1,0.0,1973.0,553,144,3,3,3,3,4,5,False,False,False,False,False,False,False,False,False,False,False,False,False,False,False,False,False,False,False,True,False,False,False,False,False,138500.0,0
4282,7,2004,2004,1391,1391,2,2,5,0,0.0,2004.0,16,158,4,4,4,3,0,5,False,False,False,False,False,False,False,False,False,False,False,False,False,False,False,False,False,False,False,False,False,True,False,False,False,196000.0,1
14331,8,2002,2002,1800,1800,3,2,7,1,630.0,2002.0,1274,78,4,4,5,3,4,5,False,False,False,False,False,False,False,False,False,False,False,False,False,False,False,False,False,False,False,False,False,False,False,True,False,312500.0,1
9600,7,1969,1969,1164,1164,2,1,6,0,168.0,1969.0,0,0,3,3,3,3,0,3,False,False,False,False,False,False,False,False,False,False,False,False,False,False,True,False,False,False,False,False,False,False,False,False,False,140000.0,0
12438,8,2006,2006,1234,2576,3,2,10,1,466.0,2006.0,0,100,5,5,5,3,4,5,False,False,False,False,False,False,False,False,False,False,False,False,False,False,False,False,False,False,False,False,False,False,True,False,False,361919.0,1
7630,5,1900,1996,360,1812,2,2,8,1,0.0,1999.0,0,0,3,4,4,3,1,4,False,False,False,False,False,False,False,False,False,False,False,False,False,False,False,False,False,True,False,False,False,False,False,False,False,140000.0,0
8400,7,2004,2005,1473,1484,2,2,7,0,109.0,2004.0,712,35,4,4,4,3,0,5,False,False,False,False,False,True,False,False,False,False,False,False,False,False,False,False,False,False,False,False,False,False,False,False,False,213000.0,1
5600,4,1930,1950,0,1092,0,2,7,0,0.0,1980.0,0,0,2,2,0,0,0,2,False,False,False,False,False,False,False,False,False,True,False,False,False,False,False,False,False,False,False,False,False,False,False,False,False,55000.0,0
115149,7,1971,2002,1643,1824,2,2,5,2,351.0,1971.0,1219,48,3,4,4,3,3,3,False,False,False,False,True,False,False,False,False,False,False,False,False,False,False,False,False,False,False,False,False,False,False,False,False,302000.0,1
6240,8,2006,2006,1324,1324,2,2,6,1,176.0,2006.0,863,38,4,4,4,3,4,5,False,False,False,False,False,False,False,False,False,False,False,False,False,False,False,False,True,False,False,False,False,False,False,False,False,254000.0,1
9018,7,2007,2007,728,1456,2,2,8,1,0.0,2007.0,0,24,4,4,4,3,4,5,False,False,False,False,False,False,False,False,True,False,False,False,False,False,False,False,False,False,False,False,False,False,False,False,False,179540.0,1
7162,5,1966,1966,876,904,1,1,6,0,41.0,1966.0,0,0,3,3,3,3,0,3,False,False,False,False,False,False,False,False,False,False,False,False,False,False,False,False,False,False,False,True,False,False,False,False,False,109900.0,0
4130,3,1935,2003,270,729,0,1,5,0,0.0,1980.0,0,0,4,3,3,0,0,4,False,False,False,True,False,False,False,False,False,False,False,False,False,False,False,False,False,False,False,False,False,False,False,False,False,52000.0,0
8712,4,1900,1950,859,1178,1,1,7,0,0.0,1964.0,0,0,3,3,3,3,0,4,False,False,False,False,False,False,False,False,False,True,False,False,False,False,False,False,False,False,False,False,False,False,False,False,False,102776.0,0
4671,8,1988,1989,1228,1228,2,2,5,1,0.0,1988.0,767,120,4,4,4,3,4,4,False,False,False,False,False,False,False,False,False,False,False,False,False,False,False,False,False,False,False,False,False,False,True,False,False,189000.0,1
9873,4,1970,1970,960,960,2,1,6,0,160.0,1970.0,789,288,3,3,3,3,0,3,False,False,False,True,False,False,False,False,False,False,False,False,False,False,False,False,False,False,False,False,False,False,False,False,False,129000.0,0
13517,6,1976,2005,725,1479,2,2,6,0,289.0,1976.0,533,44,4,4,3,3,0,5,False,False,False,False,False,False,False,False,False,False,False,False,False,False,False,False,False,False,False,True,False,False,False,False,False,130500.0,0
10140,6,1974,1974,1064,1350,2,2,7,1,174.0,1974.0,0,0,3,3,4,3,3,3,False,False,False,False,False,False,False,False,False,False,False,False,False,False,True,False,False,False,False,False,False,False,False,False,False,165000.0,1
10800,7,1890,1998,718,2554,2,1,8,0,0.0,1996.0,0,48,3,3,3,3,0,5,False,False,False,False,False,False,False,False,False,False,False,False,False,False,False,False,False,True,False,False,False,False,False,False,False,159500.0,0
10000,5,1973,2000,1176,1178,2,1,5,1,0.0,1973.0,1084,0,3,4,4,3,2,4,False,False,False,False,False,False,False,False,False,False,False,False,False,False,True,False,False,False,False,False,False,False,False,False,False,157000.0,0
10542,7,1993,1994,1311,2418,3,2,9,1,651.0,1993.0,1173,154,4,4,4,3,3,5,False,False,False,False,False,False,False,False,False,False,False,False,False,False,False,True,False,False,False,False,False,False,False,False,False,341000.0,1
9920,5,1969,1969,971,971,1,1,5,1,0.0,1969.0,523,0,3,3,4,3,1,3,False,False,False,False,False,True,False,False,False,False,False,False,False,False,False,False,False,False,False,False,False,False,False,False,False,128500.0,0
6563,8,1985,1985,1742,1742,2,2,5,1,0.0,1985.0,1148,28,4,4,4,3,3,3,False,False,False,False,False,False,False,False,False,False,False,False,False,False,False,False,False,False,False,False,False,False,True,False,False,275000.0,1
4426,6,2004,2004,848,848,2,1,3,0,169.0,2004.0,662,0,4,4,4,3,0,5,False,False,False,False,False,True,False,False,False,False,False,False,False,False,False,False,False,False,False,False,False,False,False,False,False,143000.0,0
8120,4,1970,1970,864,864,2,1,5,0,0.0,1994.0,191,0,3,3,3,3,0,5,False,False,False,False,False,False,False,False,False,False,False,False,True,False,False,False,False,False,False,False,False,False,False,False,False,124500.0,0
8172,4,1954,1972,941,1470,1,2,7,0,0.0,1958.0,0,0,3,3,3,3,0,5,False,False,False,False,False,False,False,True,False,False,False,False,False,False,False,False,False,False,False,False,False,False,False,False,False,135000.0,0
13286,9,2007,2008,1698,1698,3,2,8,1,340.0,2007.0,1234,64,5,5,5,3,4,5,False,False,False,False,False,False,False,True,False,False,False,False,False,False,False,False,False,False,False,False,False,False,False,False,False,320000.0,1
6960,4,1970,1970,864,864,2,1,5,0,0.0,1989.0,375,0,3,4,3,3,0,3,False,False,False,False,False,False,False,False,False,False,False,False,True,False,False,False,False,False,False,False,False,False,False,False,False,120500.0,0
21695,6,1988,2007,880,1680,2,2,5,1,260.0,1988.0,808,44,4,4,4,3,4,5,False,False,False,False,False,False,True,False,False,False,False,False,False,False,False,False,False,False,False,False,False,False,False,False,False,222000.0,1
7314,7,2007,2007,1232,1232,2,2,6,0,82.0,2007.0,724,0,4,4,4,3,0,5,False,False,False,False,False,True,False,False,False,False,False,False,False,False,False,False,False,False,False,False,False,False,False,False,False,194500.0,1
11475,5,1958,1958,1584,1776,3,2,9,0,95.0,1968.0,0,25,3,3,3,3,0,3,False,False,False,False,False,False,False,False,False,False,False,False,True,False,False,False,False,False,False,False,False,False,False,False,False,110000.0,0
6240,4,1925,1950,780,1208,2,1,5,0,0.0,1962.0,152,23,3,3,3,3,0,3,False,False,False,False,False,False,False,False,False,True,False,False,False,False,False,False,False,False,False,False,False,False,False,False,False,103000.0,0
5389,8,1995,1996,1595,1616,2,2,5,1,0.0,1995.0,1180,152,4,4,4,3,3,5,False,False,False,False,False,False,False,False,False,False,False,False,False,False,False,False,False,False,False,False,False,False,True,False,False,236500.0,1
9590,7,2003,2003,868,1146,2,2,6,1,442.0,2003.0,786,22,4,4,5,3,4,5,False,False,False,False,False,False,False,False,False,False,False,False,False,False,False,False,False,False,False,False,False,False,False,True,False,187500.0,1
11404,7,1998,1999,1153,2031,2,2,8,1,202.0,1998.0,252,84,4,4,4,3,3,5,False,False,False,False,False,True,False,False,False,False,False,False,False,False,False,False,False,False,False,False,False,False,False,False,False,222500.0,1
10000,5,1961,1983,864,1144,1,1,6,1,0.0,1961.0,594,0,3,3,3,3,3,5,False,False,False,False,False,False,False,False,False,False,False,False,False,False,False,False,False,False,False,True,False,False,False,False,False,131400.0,0
8978,5,1968,1968,948,948,1,1,6,0,0.0,1968.0,0,0,3,3,3,3,0,3,False,False,False,False,False,False,False,False,False,False,False,False,False,False,False,False,False,False,False,True,False,False,False,False,False,108000.0,0
10800,7,1914,1970,880,1768,2,1,6,2,0.0,1914.0,390,341,3,3,4,3,3,2,False,False,False,False,False,False,False,False,False,False,False,False,False,False,False,False,False,True,False,False,False,False,False,False,False,163000.0,0
8544,3,1950,1950,0,1040,2,2,6,0,0.0,1949.0,0,0,3,3,0,3,0,4,False,False,False,False,False,False,False,False,False,False,False,False,True,False,False,False,False,False,False,False,False,False,False,False,False,93500.0,0
10463,8,2005,2005,893,1801,3,2,8,1,0.0,2005.0,0,116,4,4,4,3,4,5,False,False,False,False,False,False,False,False,True,False,False,False,False,False,False,False,False,False,False,False,False,False,False,False,False,239900.0,1
10800,5,1987,1988,1200,1200,0,3,5,0,0.0,1980.0,1200,0,3,3,4,0,0,3,False,False,False,False,False,False,False,True,False,False,False,False,False,False,False,False,False,False,False,False,False,False,False,False,False,179000.0,1
9313,7,2004,2004,864,1728,2,2,7,0,0.0,2004.0,0,56,4,4,4,3,0,5,False,False,False,False,False,True,False,False,False,False,False,False,False,False,False,False,False,False,False,False,False,False,False,False,False,190000.0,1
9600,5,1910,2002,264,1432,2,2,7,0,0.0,1910.0,0,0,3,3,2,3,0,5,False,False,False,False,False,False,False,False,False,False,False,False,False,False,False,False,False,True,False,False,False,False,False,False,False,132000.0,0
6768,6,1961,1996,912,912,1,1,5,0,0.0,1962.0,832,0,3,4,3,3,0,4,False,False,False,False,False,False,False,False,False,False,False,False,False,False,False,False,False,False,False,True,False,False,False,False,False,142000.0,0
8450,7,2000,2001,1349,1349,2,2,6,0,108.0,2000.0,0,55,3,3,4,3,0,5,False,False,False,False,False,False,False,False,False,False,False,False,False,False,False,False,False,False,False,False,True,False,False,False,False,179000.0,1
12886,5,1963,1999,520,1464,2,2,6,1,0.0,1997.0,444,0,3,3,4,3,3,5,False,False,False,False,False,False,False,False,False,False,False,False,False,False,False,False,False,False,False,True,False,False,False,False,False,175000.0,1
5395,8,1993,1993,1337,1337,2,2,5,1,0.0,1993.0,733,0,4,4,4,3,3,4,False,False,False,False,False,False,False,False,False,False,False,False,False,False,False,False,False,False,False,False,False,False,True,False,False,180000.0,1
8963,8,1976,1996,1142,2715,2,3,11,2,289.0,1994.0,575,204,5,4,3,3,3,5,False,False,False,False,False,False,False,False,False,False,False,False,False,False,True,False,False,False,False,False,False,False,False,False,False,299800.0,1
8795,7,2000,2000,952,2256,2,2,8,1,0.0,2000.0,300,54,4,4,4,3,3,5,False,False,False,False,False,False,False,False,True,False,False,False,False,False,False,False,False,False,False,False,False,False,False,False,False,236000.0,1
11700,7,1880,2003,1240,2640,4,1,8,1,0.0,1950.0,0,0,4,4,3,3,4,3,False,False,False,False,False,False,False,False,False,False,False,False,False,False,False,False,False,True,False,False,False,False,False,False,False,265979.0,1
10593,7,1996,1996,1720,1720,2,2,7,1,338.0,1996.0,919,56,4,4,4,3,3,5,False,False,False,False,False,False,False,False,False,False,False,False,False,False,False,True,False,False,False,False,False,False,False,False,False,260400.0,1
8405,4,1945,1950,0,1529,1,2,9,0,0.0,1945.0,0,0,3,3,0,3,0,3,False,False,False,False,False,False,False,True,False,False,False,False,False,False,False,False,False,False,False,False,False,False,False,False,False,98000.0,0
8800,4,1910,2004,576,1140,0,1,7,0,0.0,1980.0,0,160,3,3,3,0,0,4,False,False,False,False,False,False,False,False,False,False,False,False,False,False,False,False,False,True,False,False,False,False,False,False,False,96500.0,0
7750,7,2003,2003,660,1320,2,2,6,0,0.0,2003.0,0,48,4,4,4,3,0,5,False,False,False,False,False,False,False,False,True,False,False,False,False,False,False,False,False,False,False,False,False,False,False,False,False,162000.0,0
9236,6,1997,1997,1479,1494,2,2,6,0,0.0,1997.0,1200,27,3,4,4,3,0,5,False,False,False,False,False,True,False,False,False,False,False,False,False,False,False,False,False,False,False,False,False,False,False,False,False,217000.0,1
10240,8,2005,2005,1030,2098,3,2,8,1,178.0,2005.0,0,52,4,5,4,3,4,4,False,False,False,False,False,False,False,False,False,False,False,False,False,False,False,False,True,False,False,False,False,False,False,False,False,275500.0,1
7930,6,1969,2005,1026,1026,2,1,5,0,0.0,1969.0,439,48,3,4,3,3,0,4,False,False,False,False,False,False,False,False,False,False,False,False,True,False,False,False,False,False,False,False,False,False,False,False,False,156000.0,0
3230,6,1999,1999,729,1471,2,2,6,0,894.0,1999.0,381,24,3,3,4,3,0,4,False,False,False,False,False,False,False,False,False,False,False,False,False,False,False,False,False,False,False,False,False,True,False,False,False,172500.0,1
10769,8,2007,2007,866,1768,2,2,7,0,0.0,2007.0,20,105,4,4,4,3,0,5,False,False,False,False,False,True,False,False,False,False,False,False,False,False,False,False,False,False,False,False,False,False,False,False,False,212000.0,1
11616,6,1978,1978,672,1386,2,2,6,1,328.0,1978.0,438,0,3,3,3,3,3,3,False,False,False,False,False,False,False,False,False,False,False,False,False,False,False,False,False,False,False,True,False,False,False,False,False,158900.0,0
2280,7,1999,1999,744,1501,2,2,6,0,360.0,1999.0,549,0,3,3,4,3,0,4,False,False,False,False,False,False,False,False,False,False,False,False,False,False,False,False,False,False,False,False,False,True,False,False,False,179400.0,1
12257,8,1995,1995,1318,2531,3,2,9,1,513.0,1995.0,56,98,4,4,4,3,3,5,False,False,False,False,False,False,False,False,False,False,False,False,False,False,False,True,False,False,False,False,False,False,False,False,False,290000.0,1
9100,6,1959,1959,864,864,1,1,5,0,0.0,2008.0,612,0,3,3,3,5,0,5,False,False,False,False,False,False,False,False,False,False,False,False,True,False,False,False,False,False,False,False,False,False,False,False,False,127500.0,0
6911,5,1924,1950,1145,1301,2,1,5,0,0.0,1965.0,405,0,3,2,3,3,0,3,False,False,False,True,False,False,False,False,False,False,False,False,False,False,False,False,False,False,False,False,False,False,False,False,False,100000.0,0
8640,7,2009,2009,756,1547,2,2,7,0,0.0,2009.0,24,45,3,4,4,3,0,5,False,False,False,False,False,False,False,False,False,False,False,False,False,False,False,False,False,False,False,False,False,True,False,False,False,215200.0,1
9430,8,1999,1999,1252,2365,3,2,8,1,673.0,1999.0,1163,128,4,4,4,3,4,5,False,False,False,False,False,False,False,False,False,False,False,False,False,False,False,True,False,False,False,False,False,False,False,False,False,337000.0,1
9549,8,1995,1996,1494,1494,2,1,6,1,0.0,1995.0,437,30,4,5,4,3,4,5,False,False,False,False,False,False,False,False,False,False,False,False,False,False,False,False,False,False,False,False,False,False,False,False,True,270000.0,1
14587,9,2008,2008,1498,1506,2,2,6,1,284.0,2008.0,0,174,4,5,4,3,4,5,False,False,False,False,False,False,False,False,False,False,False,False,False,False,False,False,False,False,False,False,False,True,False,False,False,264132.0,1
10421,7,1988,1988,980,1714,2,2,7,1,42.0,1988.0,394,66,3,3,4,3,3,3,False,False,False,False,False,False,False,False,False,False,False,False,False,False,True,False,False,False,False,False,False,False,False,False,False,196500.0,1
12508,6,1940,1985,983,1750,1,2,7,0,0.0,1989.0,660,0,3,3,4,3,0,5,False,False,False,False,False,False,False,False,False,False,False,True,False,False,False,False,False,False,False,False,False,False,False,False,False,160000.0,0
9100,7,2004,2005,1860,1836,2,2,8,1,0.0,2004.0,24,33,4,4,4,3,4,5,False,False,False,False,False,True,False,False,False,False,False,False,False,False,False,False,False,False,False,False,False,False,False,False,False,216837.0,1
53504,8,2003,2003,1650,3279,3,3,12,1,603.0,2003.0,1416,36,5,5,4,3,4,5,False,False,False,False,False,False,False,False,False,False,False,False,False,False,False,False,False,False,False,False,False,False,True,False,False,538000.0,1
7252,5,1982,1982,858,858,2,1,5,0,0.0,1983.0,685,0,3,3,4,3,0,3,False,False,False,False,False,False,False,False,False,False,False,False,False,False,False,False,False,False,False,True,False,False,False,False,False,134900.0,0
8877,4,1951,1951,836,1220,2,1,6,0,0.0,1951.0,836,0,3,3,2,3,0,3,False,False,False,False,False,False,False,True,False,False,False,False,False,False,False,False,False,False,False,False,False,False,False,False,False,102000.0,0
7819,6,1976,1976,1029,1117,2,1,6,1,0.0,1976.0,422,0,3,3,3,3,3,3,False,False,False,False,False,False,False,True,False,False,False,False,False,False,False,False,False,False,False,False,False,False,False,False,False,107000.0,0
10150,5,1958,1958,912,912,1,1,5,0,1.0,1958.0,456,0,3,3,3,3,0,5,False,False,False,False,False,False,False,False,False,False,False,False,True,False,False,False,False,False,False,False,False,False,False,False,False,114500.0,0
14226,8,2006,2006,1935,1973,3,2,9,1,375.0,2006.0,0,45,4,4,4,3,4,4,False,False,False,False,False,False,False,False,False,False,False,False,False,False,False,False,True,False,False,False,False,False,False,False,False,395000.0,1
4500,6,1998,1998,1204,1204,2,2,5,0,320.0,1998.0,866,247,3,3,5,3,0,5,False,False,False,False,False,False,False,False,False,False,False,True,False,False,False,False,False,False,False,False,False,False,False,False,False,162000.0,0
11210,7,2005,2006,1614,1614,3,2,7,0,240.0,2005.0,20,59,4,4,4,3,0,5,False,False,False,False,False,True,False,False,False,False,False,False,False,False,False,False,False,False,False,False,False,False,False,False,False,221500.0,1
13350,5,1974,1974,864,894,2,1,5,1,0.0,1974.0,762,0,3,3,3,3,2,3,False,False,False,False,False,False,False,False,False,False,False,False,False,False,False,False,False,False,False,True,False,False,False,False,False,142500.0,0
8400,5,1977,1977,0,2020,2,2,10,2,320.0,1977.0,0,0,3,3,0,3,3,3,False,False,False,False,False,False,False,False,False,False,False,False,False,False,False,False,False,False,False,False,True,False,False,False,False,144000.0,0
10530,6,1977,1977,975,1004,2,1,4,0,90.0,1977.0,975,0,3,3,4,3,0,3,False,False,False,False,False,False,False,False,False,False,False,True,False,False,False,False,False,False,False,False,False,False,False,False,False,135000.0,0
7875,7,1995,1996,1237,1253,2,2,6,1,38.0,1995.0,0,21,3,3,4,3,3,4,False,False,False,False,False,False,False,False,True,False,False,False,False,False,False,False,False,False,False,False,False,False,False,False,False,176000.0,1
7153,6,1992,1992,761,1603,2,2,7,0,0.0,1992.0,387,124,4,4,4,3,0,5,False,False,False,False,False,False,False,False,False,False,False,False,False,False,False,False,False,False,False,False,True,False,False,False,False,175900.0,1
16285,7,2001,2002,1413,1430,2,2,6,0,0.0,2001.0,0,33,4,4,4,3,0,5,False,False,False,False,False,True,False,False,False,False,False,False,False,False,False,False,False,False,False,False,False,False,False,False,False,187100.0,1
9101,5,1978,1978,1097,1110,2,1,4,1,104.0,1978.0,1097,30,3,4,4,3,3,5,False,False,False,False,False,False,False,False,False,False,False,True,False,False,False,False,False,False,False,False,False,False,False,False,False,165500.0,1
6300,6,1914,2001,742,1484,0,2,9,1,0.0,1980.0,0,291,3,3,3,0,4,5,False,False,False,False,False,False,False,False,False,False,False,False,False,False,False,False,False,True,False,False,False,False,False,False,False,128000.0,0
9790,6,1967,1967,1372,1342,2,2,7,1,0.0,1967.0,251,0,3,3,3,3,4,3,False,False,False,False,False,False,False,False,False,False,False,False,False,False,True,False,False,False,False,False,False,False,False,False,False,161500.0,0
10800,5,1915,1950,686,1652,1,2,7,0,0.0,1961.0,686,0,3,3,2,3,0,3,False,False,False,False,False,False,False,False,False,False,False,False,False,False,False,False,False,True,False,False,False,False,False,False,False,139000.0,0
10142,7,2004,2004,956,2084,2,2,8,0,0.0,2004.0,656,45,4,4,4,3,0,5,False,False,False,False,False,False,False,False,False,False,False,False,False,False,False,False,False,False,False,False,True,False,False,False,False,233000.0,1
6000,4,1954,2000,901,901,1,1,4,0,0.0,1954.0,0,0,3,3,3,2,0,5,False,False,False,False,False,False,False,False,False,False,False,False,False,False,False,False,False,True,False,False,False,False,False,False,False,107900.0,0
12205,6,1966,2007,832,2087,2,2,9,0,157.0,1966.0,568,168,3,4,3,3,0,4,False,False,False,False,True,False,False,False,False,False,False,False,False,False,False,False,False,False,False,False,False,False,False,False,False,187500.0,1
3182,7,2005,2006,1145,1145,2,2,5,1,11.0,2005.0,16,16,4,4,4,3,4,5,True,False,False,False,False,False,False,False,False,False,False,False,False,False,False,False,False,False,False,False,False,False,False,False,False,160200.0,0
11333,6,1976,1976,1029,1062,2,1,5,2,0.0,1976.0,539,0,3,3,4,3,3,3,False,False,False,False,False,False,False,False,False,False,False,True,False,False,False,False,False,False,False,False,False,False,False,False,False,146800.0,0
9920,7,1996,1997,1117,2013,2,2,8,1,0.0,1997.0,862,130,4,3,4,3,3,5,False,False,False,False,False,False,False,False,False,False,False,False,False,False,False,True,False,False,False,False,False,False,False,False,False,269790.0,1
9158,8,2007,2007,1496,1496,2,2,7,0,140.0,2007.0,0,130,4,4,4,3,0,5,False,False,False,False,False,False,False,False,False,False,False,False,False,False,False,False,False,False,False,False,False,True,False,False,False,225000.0,1
10832,7,1994,1996,712,1895,2,2,7,1,0.0,1994.0,0,46,4,4,4,3,3,5,False,False,False,False,False,False,False,False,True,False,False,False,False,False,False,False,False,False,False,False,False,False,False,False,False,194500.0,1
8400,6,1980,1981,650,1564,2,2,7,1,130.0,1980.0,0,50,3,3,4,3,3,3,False,False,False,False,False,False,False,False,False,False,False,False,False,False,False,False,False,False,False,False,True,False,False,False,False,171000.0,1
8197,6,1977,1977,660,1285,2,1,7,1,148.0,1977.0,0,0,3,3,3,3,3,5,False,False,False,False,False,False,False,False,False,False,False,False,False,False,False,False,False,False,False,True,False,False,False,False,False,143500.0,0
7677,5,1953,1953,773,773,1,1,4,0,0.0,1953.0,570,0,3,3,3,3,0,4,False,False,False,False,False,False,False,False,False,False,False,False,True,False,False,False,False,False,False,False,False,False,False,False,False,110000.0,0
13518,9,2008,2009,1926,3140,3,3,11,2,860.0,2009.0,0,78,5,5,5,3,4,5,False,False,False,False,False,False,False,False,False,False,False,False,False,False,False,False,True,False,False,False,False,False,False,False,False,485000.0,1
7200,5,1937,1950,731,1768,1,1,7,2,252.0,1939.0,569,0,3,4,4,3,3,5,False,False,False,False,False,False,False,False,False,False,False,False,False,False,False,False,False,False,True,False,False,False,False,False,False,175000.0,1
12798,6,1997,1997,616,1688,2,2,8,0,0.0,1997.0,462,114,3,4,4,3,0,4,False,False,False,False,True,False,False,False,False,False,False,False,False,False,False,False,False,False,False,False,False,False,False,False,False,200000.0,1
4800,4,1916,1990,1196,1196,2,1,5,0,0.0,1957.0,197,0,3,3,3,3,0,5,False,False,False,False,False,False,False,False,False,True,False,False,False,False,False,False,False,False,False,False,False,False,False,False,False,109900.0,0
8199,7,2005,2005,728,1456,2,2,7,1,0.0,2005.0,648,18,4,4,4,3,4,5,False,False,False,False,False,True,False,False,False,False,False,False,False,False,False,False,False,False,False,False,False,False,False,False,False,189000.0,1
13891,9,2008,2009,1734,2822,3,3,12,1,424.0,2009.0,0,170,5,5,5,3,4,5,False,False,False,False,False,False,False,False,False,False,False,False,False,False,False,False,True,False,False,False,False,False,False,False,False,582933.0,1
9000,5,1954,1954,936,1128,1,1,5,0,0.0,1954.0,812,0,3,3,3,3,0,3,False,False,False,False,False,False,False,False,False,False,False,False,True,False,False,False,False,False,False,False,False,False,False,False,False,118000.0,0
12274,7,2008,2008,1417,1428,2,2,6,0,256.0,2008.0,0,60,4,5,4,3,0,5,False,False,False,False,False,False,False,False,False,False,False,False,False,False,False,False,False,False,False,False,False,True,False,False,False,227680.0,1
9750,5,1967,1967,980,980,1,2,6,0,0.0,1967.0,400,0,3,3,3,3,0,4,False,False,False,False,False,False,False,False,False,False,False,False,True,False,False,False,False,False,False,False,False,False,False,False,False,135500.0,0
21384,5,1923,2004,1324,1576,2,1,6,1,0.0,1923.0,1309,312,3,4,3,3,3,5,False,False,False,True,False,False,False,False,False,False,False,False,False,False,False,False,False,False,False,False,False,False,False,False,False,223500.0,1
13400,5,1966,1966,1024,1086,2,1,6,1,1047.0,1966.0,516,0,3,3,3,3,4,3,False,False,False,False,False,False,False,False,False,False,False,False,True,False,False,False,False,False,False,False,False,False,False,False,False,159950.0,0
8100,5,1898,1965,849,2138,2,2,11,0,0.0,1910.0,0,156,3,3,3,2,0,3,False,False,False,False,False,False,False,False,False,False,False,False,False,False,False,False,False,True,False,False,False,False,False,False,False,106000.0,0
10140,6,1974,1999,1040,1309,2,1,5,1,99.0,1974.0,663,0,3,4,3,3,2,2,False,False,False,False,False,False,False,False,False,False,False,False,False,False,True,False,False,False,False,False,False,False,False,False,False,181000.0,1
4438,6,2004,2004,848,848,2,1,4,1,169.0,2004.0,662,0,4,4,4,3,4,5,False,False,False,False,False,True,False,False,False,False,False,False,False,False,False,False,False,False,False,False,False,False,False,False,False,144500.0,0
8712,5,1952,1952,540,1044,2,1,4,0,0.0,1952.0,0,0,2,2,3,3,0,3,False,False,False,False,False,False,False,False,False,True,False,False,False,False,False,False,False,False,False,False,False,False,False,False,False,55993.0,0
9750,6,1958,1958,1442,1442,1,1,7,0,243.0,1958.0,608,0,3,3,3,3,0,4,False,False,False,False,False,False,False,False,False,False,False,False,True,False,False,False,False,False,False,False,False,False,False,False,False,157900.0,0
8248,5,1918,1950,686,1250,1,1,7,0,0.0,1955.0,0,0,3,2,3,3,0,4,False,False,False,False,False,False,False,True,False,False,False,False,False,False,False,False,False,False,False,False,False,False,False,False,False,116000.0,0
12137,7,1998,1998,1649,1661,2,2,6,0,442.0,1998.0,0,34,3,4,4,3,0,5,False,False,False,False,False,True,False,False,False,False,False,False,False,False,False,False,False,False,False,False,False,False,False,False,False,224900.0,1
11425,5,1954,1954,1008,1008,1,1,4,1,0.0,1954.0,486,0,3,3,3,3,4,4,False,False,False,False,False,False,False,False,False,False,False,False,True,False,False,False,False,False,False,False,False,False,False,False,False,137000.0,0
13265,8,2002,2002,1568,1689,3,2,7,2,148.0,2002.0,1218,59,4,4,4,3,4,5,False,False,False,False,False,False,False,False,False,False,False,True,False,False,False,False,False,False,False,False,False,False,False,False,False,271000.0,1
8816,6,1971,1971,1010,1052,2,1,6,0,80.0,1971.0,504,0,3,3,3,3,0,4,False,False,False,False,True,False,False,False,False,False,False,False,False,False,False,False,False,False,False,False,False,False,False,False,False,155000.0,0
6371,7,2009,2010,1358,1358,2,2,6,1,128.0,2010.0,733,35,4,4,4,3,4,5,False,False,False,False,False,False,False,False,False,False,False,False,False,False,False,False,True,False,False,False,False,False,False,False,False,224000.0,1
7226,7,2003,2003,798,1640,2,2,6,0,0.0,2003.0,0,45,4,4,4,3,0,5,False,False,False,False,False,True,False,False,False,False,False,False,False,False,False,False,False,False,False,False,False,False,False,False,False,183000.0,1
6000,4,1953,1953,936,936,2,1,4,0,0.0,1974.0,0,32,2,3,2,3,0,3,False,False,False,False,False,False,False,False,False,False,False,False,False,False,False,False,False,True,False,False,False,False,False,False,False,93000.0,0
12394,7,2003,2003,847,1733,2,2,7,1,0.0,2003.0,0,48,4,4,4,3,4,5,False,False,False,False,False,False,False,False,True,False,False,False,False,False,False,False,False,False,False,False,False,False,False,False,False,225000.0,1
9900,6,1940,1950,778,1489,1,2,7,1,0.0,1940.0,0,0,3,3,3,3,4,3,False,False,False,False,False,False,False,False,False,False,False,False,False,False,False,False,False,False,True,False,False,False,False,False,False,139500.0,0
11216,8,2006,2006,1489,1489,2,2,7,1,0.0,2006.0,0,140,4,4,4,3,4,5,False,False,False,False,False,False,False,False,False,False,False,False,False,False,False,False,False,False,False,False,False,True,False,False,False,232600.0,1
14803,10,2007,2008,2078,2084,3,2,7,1,816.0,2007.0,1636,45,5,5,5,3,4,5,False,False,False,False,False,False,False,False,False,False,False,False,False,False,False,False,True,False,False,False,False,False,False,False,False,385000.0,1
6130,5,1924,1950,784,784,0,1,5,0,0.0,1980.0,784,0,3,4,3,0,0,4,False,False,False,True,False,False,False,False,False,False,False,False,False,False,False,False,False,False,False,False,False,False,False,False,False,109500.0,0
8529,7,2001,2001,1454,1434,2,2,6,1,0.0,2001.0,20,39,4,4,4,3,3,5,False,False,False,False,False,False,False,False,False,False,False,False,False,False,False,False,False,False,False,False,True,False,False,False,False,189000.0,1
28698,5,1967,1967,1013,2126,2,2,7,0,0.0,1967.0,249,0,3,3,3,3,0,3,False,False,False,False,True,False,False,False,False,False,False,False,False,False,False,False,False,False,False,False,False,False,False,False,False,185000.0,1
2544,7,2005,2005,600,1223,2,2,4,0,0.0,2005.0,0,166,4,4,4,3,0,5,False,False,False,False,False,False,False,False,False,False,False,False,False,False,False,False,False,False,False,False,False,True,False,False,False,147400.0,0
11900,6,1957,1957,1392,1392,2,1,6,2,387.0,1957.0,1040,0,3,3,3,3,4,3,False,False,False,False,False,False,False,False,False,False,False,False,True,False,False,False,False,False,False,False,False,False,False,False,False,166000.0,1
3180,7,2005,2005,600,1200,2,2,4,0,0.0,2005.0,0,166,3,4,4,3,0,5,False,False,False,False,False,False,False,False,False,False,False,False,False,False,False,False,False,False,False,False,False,True,False,False,False,151000.0,0
9548,7,2003,2003,941,1829,2,2,7,1,223.0,2003.0,483,39,4,4,4,3,3,5,False,False,False,False,False,True,False,False,False,False,False,False,False,False,False,False,False,False,False,False,False,False,False,False,False,237000.0,1
10004,6,1964,1964,1516,1516,2,1,6,0,180.0,1964.0,196,0,3,3,3,3,0,3,False,False,False,False,False,False,False,False,False,False,False,False,True,False,False,False,False,False,False,False,False,False,False,False,False,167000.0,1
7875,5,1961,1961,1144,1144,2,1,6,0,136.0,1961.0,572,0,3,3,3,3,0,4,False,False,False,False,False,False,False,False,False,False,False,False,True,False,False,False,False,False,False,False,False,False,False,False,False,139950.0,0
9600,4,1950,1995,1067,1067,2,2,4,0,0.0,1996.0,442,0,3,4,4,3,0,3,False,False,False,False,False,False,False,False,False,False,False,False,False,False,False,False,False,False,False,True,False,False,False,False,False,128000.0,0
8100,5,1948,1973,1559,1559,2,1,5,0,0.0,1948.0,338,116,3,3,3,3,0,4,False,False,False,False,False,False,False,False,False,False,False,False,False,False,False,False,False,True,False,False,False,False,False,False,False,153500.0,0
1680,6,1973,1973,483,987,1,1,5,0,158.0,1973.0,330,0,3,3,3,3,0,3,False,False,True,False,False,False,False,False,False,False,False,False,False,False,False,False,False,False,False,False,False,False,False,False,False,100000.0,0
9525,5,1995,2006,1099,1099,1,1,6,0,0.0,1999.0,0,0,3,4,4,3,0,5,False,False,False,False,False,True,False,False,False,False,False,False,False,False,False,False,False,False,False,False,False,False,False,False,False,144000.0,0
11767,5,1946,1995,768,1200,1,1,6,0,0.0,1946.0,352,0,3,3,3,3,0,5,False,False,False,False,False,False,False,True,False,False,False,False,False,False,False,False,False,False,False,False,False,False,False,False,False,130500.0,0
12155,6,1925,1950,672,1482,1,2,7,0,0.0,1934.0,156,0,3,2,3,3,0,3,False,False,False,False,False,False,False,False,False,False,False,False,False,False,False,False,False,False,True,False,False,False,False,False,False,140000.0,0
10440,5,1904,2002,650,1539,2,2,8,1,0.0,1983.0,0,78,3,4,3,4,1,4,False,False,False,False,False,False,False,False,False,False,False,False,False,False,False,False,False,True,False,False,False,False,False,False,False,157500.0,0
9020,6,1966,1966,1127,1165,2,1,6,0,183.0,1966.0,312,129,3,3,3,4,0,3,False,False,False,False,False,False,False,False,False,False,False,False,True,False,False,False,False,False,False,False,False,False,False,False,False,174900.0,1
8000,5,1961,1961,1800,1800,0,2,10,0,0.0,1980.0,0,0,3,3,3,0,0,5,False,False,False,False,False,False,False,False,False,False,False,False,True,False,False,False,False,False,False,False,False,False,False,False,False,141000.0,0
12665,5,1915,1950,876,1416,3,1,7,1,0.0,1949.0,0,0,3,3,3,3,4,4,False,False,False,False,False,False,False,False,False,False,False,False,False,False,False,False,False,True,False,False,False,False,False,False,False,153900.0,0
16647,5,1975,1981,1390,1701,2,2,6,2,0.0,1975.0,1390,0,3,3,4,3,3,3,False,False,False,False,False,False,False,False,False,False,False,False,False,False,False,False,False,False,False,True,False,False,False,False,False,171000.0,1
9317,7,1993,1993,740,1775,2,2,7,1,137.0,1993.0,513,72,4,4,4,3,3,5,False,False,False,False,False,False,False,False,False,False,False,False,False,False,False,False,False,False,False,False,True,False,False,False,False,213000.0,1
15523,5,1972,1972,864,864,1,1,5,1,0.0,1972.0,460,0,3,3,3,3,2,5,False,False,False,False,False,True,False,False,False,False,False,False,False,False,False,False,False,False,False,False,False,False,False,False,False,133500.0,0
45600,6,1908,1997,907,2358,2,3,10,1,0.0,1908.0,0,40,3,3,3,2,4,3,False,False,False,False,True,False,False,False,False,False,False,False,False,False,False,False,False,False,False,False,False,False,False,False,False,240000.0,1
9600,6,1976,1994,528,1855,2,2,7,1,360.0,1976.0,0,100,4,3,3,3,3,5,False,False,False,False,False,False,False,False,False,False,False,False,False,False,False,False,False,False,False,False,False,False,False,False,True,187000.0,1
4435,6,2003,2003,848,848,2,1,3,0,170.0,2003.0,659,0,4,4,4,3,0,5,False,False,False,False,False,True,False,False,False,False,False,False,False,False,False,False,False,False,False,False,False,False,False,False,False,131500.0,0
3196,8,2003,2003,1273,1456,2,2,7,1,40.0,2003.0,0,20,4,4,4,3,3,5,True,False,False,False,False,False,False,False,False,False,False,False,False,False,False,False,False,False,False,False,False,False,False,False,False,215000.0,1
7128,7,1941,1950,918,1646,1,2,7,2,0.0,1941.0,364,0,3,3,3,3,4,4,False,False,False,False,False,False,True,False,False,False,False,False,False,False,False,False,False,False,False,False,False,False,False,False,False,164000.0,1
12095,6,1964,1964,1127,1445,2,1,7,1,115.0,1964.0,564,0,3,3,3,3,2,3,False,False,False,False,False,False,False,False,False,False,False,False,True,False,False,False,False,False,False,False,False,False,False,False,False,158000.0,0
17920,5,1955,1974,1763,1779,2,1,6,1,0.0,1955.0,306,418,3,3,3,3,4,3,False,False,False,False,False,False,False,False,False,False,False,False,False,False,False,False,False,False,False,True,False,False,False,False,False,170000.0,1
6897,5,1962,2010,1040,1040,1,1,6,0,0.0,1962.0,659,104,3,3,3,3,0,5,False,False,False,False,False,False,False,False,False,False,False,False,False,False,False,False,False,False,False,True,False,False,False,False,False,127000.0,0
10970,6,1978,1978,940,1026,2,1,5,0,0.0,1981.0,505,0,3,3,4,3,0,3,False,False,False,False,False,True,False,False,False,False,False,False,False,False,False,False,False,False,False,False,False,False,False,False,False,147000.0,0
8125,6,1994,1995,702,1481,2,2,6,1,0.0,1994.0,0,36,3,3,4,3,3,4,False,False,False,False,False,False,False,False,True,False,False,False,False,False,False,False,False,False,False,False,False,False,False,False,False,174000.0,1
10400,7,1976,1976,1090,1370,2,2,6,1,189.0,1976.0,0,0,3,3,4,3,3,3,False,False,False,False,False,False,False,False,False,False,False,False,False,False,True,False,False,False,False,False,False,False,False,False,False,152000.0,0
11029,6,1968,1984,1054,2654,2,2,9,1,220.0,1968.0,619,65,3,4,3,3,4,3,False,False,False,False,False,False,False,False,False,False,False,False,False,False,True,False,False,False,False,False,False,False,False,False,False,250000.0,1
7642,7,1918,1998,912,1426,1,1,7,1,0.0,1925.0,0,240,4,4,3,3,4,4,False,False,False,False,False,False,True,False,False,False,False,False,False,False,False,False,False,False,False,False,False,False,False,False,False,189950.0,1
11625,5,1965,1965,1039,1039,2,1,6,0,0.0,1965.0,841,0,3,3,3,3,0,5,False,False,False,False,False,False,False,False,False,False,False,False,False,False,False,False,False,False,False,True,False,False,False,False,False,131500.0,0
9672,6,1984,1985,1040,1097,2,2,6,0,0.0,1986.0,338,0,3,3,4,3,0,3,False,False,False,False,False,False,False,False,False,False,False,False,False,False,False,False,False,False,False,False,True,False,False,False,False,152000.0,0
7931,5,1959,1959,1148,1148,1,1,6,0,0.0,1959.0,1148,0,3,3,3,3,0,3,False,False,False,False,False,False,False,False,False,False,False,False,True,False,False,False,False,False,False,False,False,False,False,False,False,132500.0,0
8640,7,2007,2008,1372,1372,2,2,6,0,0.0,2008.0,0,140,4,4,5,3,0,5,False,False,False,False,False,False,False,False,False,False,False,False,False,False,False,False,False,False,False,False,False,True,False,False,False,250580.0,1
8750,5,1970,1970,1002,1002,2,1,5,0,76.0,1973.0,828,0,3,3,3,3,0,3,False,False,False,False,False,False,False,False,False,False,False,False,True,False,False,False,False,False,False,False,False,False,False,False,False,148500.0,0
10656,8,2006,2007,1638,1646,3,2,6,1,274.0,2007.0,0,80,4,4,4,3,4,5,False,False,False,False,False,False,False,False,False,False,False,False,False,False,False,False,False,False,False,False,False,False,False,True,False,248900.0,1
6970,4,1961,1961,1040,1120,2,1,5,0,0.0,1961.0,932,0,3,2,3,3,0,3,False,False,False,False,False,False,False,False,False,False,False,False,False,False,False,False,False,False,False,True,False,False,False,False,False,129000.0,0
14762,5,1948,1950,0,2320,2,2,7,1,0.0,1979.0,0,144,3,3,0,3,3,4,False,False,False,False,False,False,False,False,True,False,False,False,False,False,False,False,False,False,False,False,False,False,False,False,False,169000.0,1
9938,7,1993,1994,1050,1949,2,2,8,1,246.0,1993.0,750,90,4,4,4,3,3,5,False,False,False,False,False,False,False,False,False,False,False,False,False,False,False,False,False,False,False,False,True,False,False,False,False,236000.0,1
6600,5,1962,1962,894,894,1,1,5,0,0.0,1962.0,0,0,3,3,3,3,0,4,False,False,False,False,False,False,False,False,False,False,False,False,True,False,False,False,False,False,False,False,False,False,False,False,False,109500.0,0
8750,6,1998,1998,804,1682,2,2,7,0,116.0,1998.0,505,77,3,4,4,3,0,5,False,False,False,False,False,True,False,False,False,False,False,False,False,False,False,False,False,False,False,False,False,False,False,False,False,200500.0,1
8892,5,1953,1996,105,910,2,1,5,0,0.0,1953.0,0,0,4,4,3,3,0,4,False,False,False,False,False,False,False,False,False,False,False,False,True,False,False,False,False,False,False,False,False,False,False,False,False,116000.0,0
12144,5,1949,1950,832,1268,1,1,6,1,0.0,1949.0,375,28,4,3,3,3,4,4,False,False,False,False,False,False,False,False,False,False,False,False,True,False,False,False,False,False,False,False,False,False,False,False,False,133000.0,0
5720,5,1941,1950,676,1131,1,1,5,0,0.0,1941.0,0,0,3,3,3,3,0,5,False,False,False,False,False,False,False,False,False,False,False,False,False,False,False,False,False,True,False,False,False,False,False,False,False,66500.0,0
9000,8,2007,2007,1184,2610,2,2,11,1,0.0,2007.0,64,364,4,5,4,3,4,5,False,False,False,False,False,False,False,False,False,False,False,False,False,False,False,False,False,False,False,False,False,True,False,False,False,303477.0,1
25286,4,1963,1963,1064,1040,2,1,5,0,0.0,1963.0,633,0,3,3,3,3,0,4,False,False,False,False,False,False,False,False,False,False,False,True,False,False,False,False,False,False,False,False,False,False,False,False,False,132250.0,0
8834,9,2004,2005,1462,2224,3,2,10,1,216.0,2004.0,1170,0,4,5,5,3,4,5,False,False,False,False,False,False,False,False,False,False,False,False,False,False,False,False,True,False,False,False,False,False,False,False,False,350000.0,1
11782,5,1961,1995,1109,1155,2,1,6,0,0.0,1987.0,899,0,3,4,3,3,0,3,False,False,False,False,False,False,False,False,False,False,False,False,False,False,False,False,False,False,False,True,False,False,False,False,False,148000.0,0
7000,5,1978,2005,864,864,1,1,6,0,90.0,1978.0,646,0,4,3,3,3,0,5,False,False,False,False,False,True,False,False,False,False,False,False,False,False,False,False,False,False,False,False,False,False,False,False,False,136500.0,0
7024,5,2005,2006,1090,1090,2,1,5,0,0.0,2005.0,980,49,3,3,5,3,0,4,False,False,False,False,False,False,False,True,False,False,False,False,False,False,False,False,False,False,False,False,False,False,False,False,False,157000.0,0
13758,7,1990,1991,1156,1717,2,2,7,1,117.0,1990.0,902,36,4,4,4,3,3,5,False,False,False,False,False,False,False,False,False,False,False,False,False,False,False,False,False,False,False,False,False,False,False,True,False,187500.0,1
9636,6,1992,1993,808,1593,2,2,7,1,0.0,1993.0,0,40,3,3,4,3,3,4,False,False,False,False,False,False,False,False,True,False,False,False,False,False,False,False,False,False,False,False,False,False,False,False,False,178000.0,1
6204,4,1912,1950,795,2230,1,1,10,0,0.0,1997.0,0,188,4,3,3,3,0,3,False,False,False,False,False,False,False,False,False,False,False,False,False,False,False,False,False,False,True,False,False,False,False,False,False,118500.0,0
7150,5,1967,1967,892,892,1,1,5,0,60.0,1967.0,432,0,3,3,3,3,0,3,False,False,False,False,False,False,False,False,False,False,False,False,True,False,False,False,False,False,False,False,False,False,False,False,False,100000.0,0
5119,9,1999,2000,1698,1709,2,2,5,1,60.0,1999.0,1238,65,4,4,5,3,3,5,False,False,False,False,False,False,False,False,False,False,False,False,False,False,False,False,False,False,False,False,False,True,False,False,False,328900.0,1
8393,5,1959,2005,1626,1712,2,2,8,0,122.0,2005.0,528,54,3,3,3,3,0,5,False,False,False,False,False,False,False,False,False,False,False,False,True,False,False,False,False,False,False,False,False,False,False,False,False,145000.0,0
16466,5,1955,1955,816,1393,1,1,8,0,0.0,1955.0,0,0,3,3,3,3,0,3,False,False,False,False,False,False,False,True,False,False,False,False,False,False,False,False,False,False,False,False,False,False,False,False,False,135500.0,0
15865,8,1970,1970,2217,2217,2,2,8,1,0.0,1970.0,351,207,4,4,3,3,3,5,False,False,False,False,False,False,False,False,False,False,False,False,True,False,False,False,False,False,False,False,False,False,False,False,False,268000.0,1
12160,6,1953,1953,1505,1505,2,1,6,1,90.0,1953.0,1024,0,3,3,3,3,3,5,False,False,False,False,False,False,False,False,False,False,False,False,True,False,False,False,False,False,False,False,False,False,False,False,False,149500.0,0
8064,5,1949,2006,672,924,2,1,6,1,0.0,2003.0,0,0,3,3,3,3,1,5,False,False,False,False,False,False,False,False,False,False,False,False,True,False,False,False,False,False,False,False,False,False,False,False,False,122900.0,0
11184,6,1978,1978,918,1683,2,2,7,1,92.0,1978.0,226,0,3,3,3,3,3,4,False,False,False,False,False,False,False,False,False,False,False,False,False,False,False,False,False,False,False,True,False,False,False,False,False,172500.0,1
8414,6,1963,2003,1059,1068,1,1,6,0,0.0,1963.0,663,0,3,3,3,3,0,3,False,False,False,False,False,False,False,False,False,False,False,False,False,False,False,False,False,False,False,True,False,False,False,False,False,154500.0,0
13284,5,1954,1954,1383,1383,1,1,6,1,0.0,1954.0,1064,116,3,3,4,3,4,3,False,False,False,False,False,False,False,False,False,False,False,False,False,False,False,False,False,False,False,True,False,False,False,False,False,165000.0,1
7018,5,1979,1979,0,1535,2,2,8,0,0.0,1979.0,0,0,3,3,0,3,0,3,False,False,False,False,False,False,False,False,False,False,False,False,False,False,False,False,False,False,False,False,True,False,False,False,False,118858.0,0
7056,6,1963,1963,780,1796,2,1,8,1,415.0,1963.0,400,50,3,3,3,3,3,3,False,False,False,False,False,False,False,False,False,False,False,False,True,False,False,False,False,False,False,False,False,False,False,False,False,140000.0,0
8765,4,1936,1950,951,951,1,1,6,0,0.0,1936.0,285,28,3,3,3,3,0,5,False,False,False,False,False,False,False,False,False,True,False,False,False,False,False,False,False,False,False,False,False,False,False,False,False,106500.0,0
7018,5,1979,1979,0,2240,2,2,12,0,0.0,1979.0,0,0,3,3,0,3,0,3,False,False,False,False,False,False,False,False,False,False,False,False,False,False,False,False,False,False,False,False,True,False,False,False,False,142953.0,0
12919,9,2009,2010,2330,2364,3,2,11,2,760.0,2009.0,2188,67,5,5,5,3,4,5,False,False,False,False,False,False,False,False,False,False,False,False,False,False,False,False,True,False,False,False,False,False,False,False,False,611657.0,1
6993,5,1961,1994,912,1236,1,1,6,1,0.0,1961.0,465,0,3,3,3,3,3,3,False,False,False,False,False,False,False,False,False,False,False,False,False,False,False,False,False,False,False,True,False,False,False,False,False,135000.0,0
7340,4,1971,1971,858,858,1,1,4,0,0.0,1979.0,322,0,3,3,3,3,0,3,False,False,False,False,False,False,False,False,False,False,False,False,True,False,False,False,False,False,False,False,False,False,False,False,False,110000.0,0
8712,5,1957,2000,992,1306,1,1,5,0,0.0,1968.0,860,0,3,3,3,3,0,3,False,False,False,False,False,False,False,False,False,False,False,False,True,False,False,False,False,False,False,False,False,False,False,False,False,153000.0,0
7875,7,2003,2003,783,1509,2,2,8,1,0.0,2003.0,0,75,4,4,4,3,4,5,False,False,False,False,False,False,False,False,True,False,False,False,False,False,False,False,False,False,False,False,False,False,False,False,False,180000.0,1
14859,7,2006,2006,1670,1670,3,2,7,1,27.0,2006.0,0,60,4,4,4,3,4,5,False,False,False,False,False,False,False,False,True,False,False,False,False,False,False,False,False,False,False,False,False,False,False,False,False,240000.0,1
6173,5,1967,1967,876,902,1,1,6,0,75.0,1967.0,599,0,3,3,3,3,0,3,False,False,False,False,False,False,False,False,False,False,False,False,False,False,False,False,False,False,False,True,False,False,False,False,False,125500.0,0
9920,5,1954,1954,1056,1063,1,1,6,0,110.0,1954.0,354,0,3,3,3,3,0,3,False,False,False,False,False,False,False,False,False,False,False,False,True,False,False,False,False,False,False,False,False,False,False,False,False,128000.0,0
13501,8,2006,2006,1623,1636,3,2,8,1,208.0,2006.0,63,60,4,4,4,3,4,5,False,False,False,False,False,False,False,False,False,False,False,False,False,False,False,False,False,False,False,False,False,True,False,False,False,255000.0,1
11500,7,1936,1987,1017,2057,1,1,6,1,0.0,1936.0,223,0,4,4,4,2,4,4,False,False,False,False,False,False,True,False,False,False,False,False,False,False,False,False,False,False,False,False,False,False,False,False,False,250000.0,1
8885,5,1983,1983,864,902,2,1,5,0,0.0,1983.0,301,0,3,3,4,3,0,3,False,False,False,False,False,False,False,False,False,False,False,True,False,False,False,False,False,False,False,False,False,False,False,False,False,131000.0,0
12589,6,2005,2005,742,1484,2,2,8,1,0.0,2005.0,0,24,4,4,4,3,4,5,False,False,False,False,False,False,False,False,True,False,False,False,False,False,False,False,False,False,False,False,False,False,False,False,False,174000.0,1
11600,5,1960,1960,1105,2274,2,2,12,0,361.0,1960.0,443,0,3,3,3,3,0,3,False,False,False,False,False,False,False,False,False,False,False,False,True,False,False,False,False,False,False,False,False,False,False,False,False,154300.0,0
9286,5,1977,1989,1268,1268,1,1,5,0,0.0,1978.0,196,0,3,4,4,3,0,3,False,False,False,False,False,True,False,False,False,False,False,False,False,False,False,False,False,False,False,False,False,False,False,False,False,143500.0,0
6120,5,1925,1950,768,1015,1,1,6,0,0.0,1925.0,489,0,3,3,3,3,0,3,False,False,False,True,False,False,False,False,False,False,False,False,False,False,False,False,False,False,False,False,False,False,False,False,False,88000.0,0
6270,5,1949,1950,1001,2002,3,2,8,0,0.0,1949.0,284,0,3,3,3,3,0,3,False,False,False,False,False,False,True,False,False,False,False,False,False,False,False,False,False,False,False,False,False,False,False,False,False,145000.0,0
3000,6,2009,2009,612,1224,2,2,4,0,76.0,2009.0,294,234,4,4,4,3,0,5,False,False,False,False,False,False,False,False,False,False,False,False,False,False,False,False,False,False,False,False,False,True,False,False,False,173733.0,1
2001,4,1970,1970,546,1092,1,1,6,0,80.0,1970.0,0,0,3,3,3,3,0,2,False,False,False,False,False,False,False,False,False,False,True,False,False,False,False,False,False,False,False,False,False,False,False,False,False,75000.0,0
9000,2,1949,1950,480,480,1,0,4,0,0.0,1958.0,50,0,3,3,3,3,0,3,False,False,False,False,False,False,False,False,False,True,False,False,False,False,False,False,False,False,False,False,False,False,False,False,False,35311.0,0
17140,4,1956,1956,1134,1229,1,1,6,0,0.0,1956.0,1059,0,3,3,3,3,0,5,False,False,False,False,False,False,False,True,False,False,False,False,False,False,False,False,False,False,False,False,False,False,False,False,False,135000.0,0
13125,7,1991,1991,1104,2127,3,2,8,1,0.0,1991.0,48,192,4,4,5,3,3,5,False,False,False,False,False,False,False,False,False,False,False,False,False,False,False,False,False,False,False,False,True,False,False,False,False,238000.0,1
11029,6,1958,2002,1184,1414,2,1,6,1,0.0,1990.0,528,51,5,3,4,3,3,5,False,False,False,False,False,False,False,False,False,False,False,False,True,False,False,False,False,False,False,False,False,False,False,False,False,176500.0,1
8462,6,1994,1994,928,1721,2,2,7,0,105.0,1994.0,814,87,4,4,4,3,0,5,False,False,False,False,False,False,False,False,False,False,False,False,False,False,False,False,False,False,False,False,True,False,False,False,False,201000.0,1
8777,5,1900,2003,1272,2200,0,2,9,0,0.0,1980.0,1084,70,3,3,3,0,0,4,False,False,False,False,False,False,False,True,False,False,False,False,False,False,False,False,False,False,False,False,False,False,False,False,False,145900.0,0
10237,6,2005,2006,1316,1316,2,2,6,1,0.0,2005.0,28,0,4,4,4,3,4,5,False,False,False,False,False,False,False,False,True,False,False,False,False,False,False,False,False,False,False,False,False,False,False,False,False,169990.0,1
8012,6,1993,1994,1604,1617,2,2,5,1,0.0,1993.0,165,69,4,4,4,3,2,5,False,False,False,False,False,False,False,False,False,False,False,False,False,False,False,False,False,False,False,False,True,False,False,False,False,193000.0,1
10240,6,1980,1980,1686,1686,2,2,7,1,157.0,1980.0,625,131,3,3,4,3,3,3,False,False,False,False,False,False,False,False,False,False,False,False,False,False,True,False,False,False,False,False,False,False,False,False,False,207500.0,1
15611,5,1977,1977,1126,1126,2,2,6,0,0.0,1977.0,767,0,3,5,4,3,0,3,False,False,False,False,False,False,False,False,False,False,False,False,False,False,True,False,False,False,False,False,False,False,False,False,False,175000.0,1
11999,8,2003,2004,1181,2374,3,2,10,1,340.0,2003.0,0,100,4,5,4,3,4,5,False,False,False,False,False,False,False,False,False,False,False,False,False,False,False,False,True,False,False,False,False,False,False,False,False,285000.0,1
9900,7,1968,1968,832,1978,2,2,9,1,342.0,1968.0,552,43,3,3,3,3,4,4,False,False,False,False,False,False,False,False,False,False,False,False,False,False,True,False,False,False,False,False,False,False,False,False,False,176000.0,1
11838,8,2001,2001,1753,1788,2,2,7,1,0.0,2001.0,0,151,4,5,4,3,3,5,False,False,False,False,False,True,False,False,False,False,False,False,False,False,False,False,False,False,False,False,False,False,False,False,False,236500.0,1
13006,7,1997,1997,964,2236,2,2,8,1,285.0,1997.0,0,0,3,4,4,3,3,4,False,False,False,False,False,False,False,False,True,False,False,False,False,False,False,False,False,False,False,False,False,False,False,False,False,222000.0,1
8925,8,2007,2007,1466,1466,3,2,7,0,0.0,2007.0,16,18,4,4,4,3,0,5,False,False,False,False,False,False,False,False,False,False,False,False,False,False,False,False,False,False,False,False,False,False,False,True,False,201000.0,1
9100,5,1965,1965,925,925,1,1,5,0,0.0,1965.0,338,0,3,3,3,3,0,5,False,False,False,False,False,False,False,False,False,False,False,False,True,False,False,False,False,False,False,False,False,False,False,False,False,117500.0,0
11670,9,2006,2006,1905,1905,3,2,8,1,302.0,2006.0,0,191,5,5,5,3,4,5,False,False,False,False,False,False,False,False,False,False,False,False,False,False,False,False,False,False,False,False,False,True,False,False,False,320000.0,1
8487,7,2004,2004,1500,1500,2,2,6,0,210.0,2004.0,20,36,4,4,4,3,0,5,False,False,False,False,False,True,False,False,False,False,False,False,False,False,False,False,False,False,False,False,False,False,False,False,False,190000.0,1
27650,7,1960,2007,585,2069,2,2,9,1,0.0,1960.0,425,0,3,4,4,3,4,5,False,False,False,False,False,False,False,False,False,False,False,False,True,False,False,False,False,False,False,False,False,False,False,False,False,242000.0,1
5825,4,1926,1953,600,747,2,1,5,0,108.0,1953.0,0,0,3,3,2,3,0,4,False,False,False,True,False,False,False,False,False,False,False,False,False,False,False,False,False,False,False,False,False,False,False,False,False,79900.0,0
10083,7,2003,2003,1176,1200,2,2,5,0,0.0,2003.0,833,41,4,4,4,3,0,5,False,False,False,False,False,False,False,False,False,False,False,False,False,False,False,False,False,False,False,False,True,False,False,False,False,184900.0,1
9675,7,2005,2005,1113,1971,2,2,8,1,0.0,2005.0,341,48,4,4,4,3,4,5,False,False,False,False,False,False,False,False,False,False,False,False,False,False,False,False,False,False,False,False,False,True,False,False,False,253000.0,1
8760,7,2006,2006,1391,1962,3,2,7,0,0.0,2006.0,464,90,4,4,4,3,0,5,False,False,False,False,False,True,False,False,False,False,False,False,False,False,False,False,False,False,False,False,False,False,False,False,False,239799.0,1
24090,7,1940,1950,1032,2403,1,2,10,2,0.0,1940.0,0,0,3,3,3,3,3,5,False,False,False,False,True,False,False,False,False,False,False,False,False,False,False,False,False,False,False,False,False,False,False,False,False,244400.0,1
12640,6,1976,1976,1728,1728,2,2,8,0,0.0,1976.0,936,0,3,3,3,3,0,3,False,False,False,False,False,False,False,False,False,False,False,True,False,False,False,False,False,False,False,False,False,False,False,False,False,150900.0,0
8755,7,1999,1999,992,2060,2,2,8,1,298.0,1999.0,772,0,4,4,4,3,3,5,False,False,False,False,False,False,False,False,True,False,False,False,False,False,False,False,False,False,False,False,False,False,False,False,False,214000.0,1
7711,4,1977,1977,1440,1440,0,2,8,0,0.0,1980.0,1440,0,3,3,4,0,0,3,False,False,False,False,False,False,False,True,False,False,False,False,False,False,False,False,False,False,False,False,False,False,False,False,False,150000.0,0
25000,5,1967,1967,1632,1632,2,2,8,0,0.0,1967.0,0,0,3,3,3,3,0,3,False,False,False,False,False,False,False,False,False,False,False,True,False,False,False,False,False,False,False,False,False,False,False,False,False,143000.0,0
14375,6,1958,1958,819,1344,2,1,7,1,541.0,1958.0,111,118,3,4,3,3,4,4,False,False,False,False,False,False,False,False,False,False,False,False,False,False,False,False,False,False,False,False,False,False,False,True,False,137500.0,0
8820,5,1890,1996,1088,1869,2,1,7,0,0.0,1963.0,1088,0,3,3,3,3,0,3,False,False,False,False,False,False,False,False,False,False,False,False,False,False,False,False,False,True,False,False,False,False,False,False,False,124900.0,0
8163,5,1959,1959,1144,1144,1,1,6,1,128.0,1959.0,748,0,3,3,3,3,3,3,False,False,False,False,False,False,False,False,False,False,False,False,True,False,False,False,False,False,False,False,False,False,False,False,False,143000.0,0
14536,8,2002,2003,1616,1629,3,2,9,1,236.0,2002.0,1300,252,4,4,4,3,4,5,False,False,False,False,False,False,False,False,False,False,False,False,False,False,False,False,False,False,False,False,False,False,False,True,False,270000.0,1
14006,7,2002,2002,936,1776,2,2,7,1,144.0,2002.0,0,96,4,4,4,3,3,5,False,False,False,False,False,True,False,False,False,False,False,False,False,False,False,False,False,False,False,False,False,False,False,False,False,192500.0,1
9360,6,1972,2006,1161,1381,2,1,5,1,0.0,1972.0,982,0,3,4,3,3,3,3,False,False,False,False,False,False,False,False,False,False,False,False,False,False,True,False,False,False,False,False,False,False,False,False,False,197500.0,1
7200,5,1950,2002,864,864,2,1,5,0,0.0,1980.0,398,0,3,4,3,3,0,4,False,False,False,False,False,False,False,False,False,False,False,False,True,False,False,False,False,False,False,False,False,False,False,False,False,129000.0,0
7800,5,1965,1965,828,965,1,1,6,0,0.0,1979.0,641,0,3,3,3,3,0,4,False,False,False,False,False,False,False,False,False,False,False,False,False,False,False,False,False,False,False,False,True,False,False,False,False,119900.0,0
7200,5,1972,2003,768,768,1,1,5,0,0.0,1974.0,660,0,3,3,4,3,0,4,False,False,False,False,False,True,False,False,False,False,False,False,False,False,False,False,False,False,False,False,False,False,False,False,False,133900.0,0
11075,5,1969,1969,784,1968,2,2,7,1,232.0,1969.0,562,189,3,3,3,3,1,5,False,False,False,False,False,False,False,False,False,False,False,True,False,False,False,False,False,False,False,False,False,False,False,False,False,172000.0,1
9400,6,1975,1975,945,980,0,2,4,0,250.0,1980.0,945,0,3,3,4,0,0,3,False,False,False,False,False,False,False,True,False,False,False,False,False,False,False,False,False,False,False,False,False,False,False,False,False,127500.0,0
7136,6,1946,1950,979,1958,2,2,8,0,423.0,1946.0,484,0,3,3,4,3,0,3,False,False,False,False,False,False,True,False,False,False,False,False,False,False,False,False,False,False,False,False,False,False,False,False,False,145000.0,0
1300,6,1980,1980,561,1229,2,1,5,1,0.0,1980.0,285,0,3,3,4,3,3,3,False,True,False,False,False,False,False,False,False,False,False,False,False,False,False,False,False,False,False,False,False,False,False,False,False,124000.0,0
7420,5,1962,1962,1057,1057,2,1,6,0,0.0,1977.0,417,0,3,3,3,3,0,3,False,False,False,False,False,False,False,False,False,False,False,False,False,False,False,False,False,False,False,True,False,False,False,False,False,132000.0,0
8450,7,2003,2003,1337,1337,2,2,6,0,0.0,2003.0,699,39,4,4,4,3,0,5,False,False,False,False,False,True,False,False,False,False,False,False,False,False,False,False,False,False,False,False,False,False,False,False,False,185000.0,1
2572,7,1999,1999,696,1416,2,2,6,0,0.0,1999.0,604,44,4,4,4,3,0,5,False,False,False,False,False,False,False,False,False,False,False,False,False,False,False,False,False,False,False,False,False,True,False,False,False,155000.0,0
7207,5,1958,2008,858,858,0,1,4,0,0.0,1980.0,696,0,3,3,3,0,0,4,False,False,False,True,False,False,False,False,False,False,False,False,False,False,False,False,False,False,False,False,False,False,False,False,False,116500.0,0
12227,6,1977,1995,1330,2872,2,2,11,1,424.0,1977.0,896,282,3,3,4,3,3,3,False,False,False,False,False,False,False,False,False,False,False,False,False,False,True,False,False,False,False,False,False,False,False,False,False,272000.0,1
2308,6,1976,1976,804,1548,2,2,7,1,0.0,1976.0,556,0,3,4,4,3,3,3,False,False,False,False,False,False,False,False,False,False,False,False,False,True,False,False,False,False,False,False,False,False,False,False,False,155000.0,0
11923,9,2007,2007,1800,1800,2,2,7,0,0.0,2007.0,0,136,4,5,5,3,0,5,False,False,False,False,False,True,False,False,False,False,False,False,False,False,False,False,False,False,False,False,False,False,False,False,False,239000.0,1
11316,7,2002,2003,817,1894,2,2,8,1,44.0,2002.0,624,40,4,4,4,3,4,5,False,False,False,False,False,False,False,False,False,False,False,False,False,False,False,False,False,False,False,False,False,False,False,True,False,214900.0,1
10237,6,2005,2007,783,1484,2,2,8,1,0.0,2005.0,0,72,4,4,4,3,4,5,False,False,False,False,False,False,False,False,True,False,False,False,False,False,False,False,False,False,False,False,False,False,False,False,False,178900.0,1
9600,5,1940,1950,728,1308,1,1,7,2,0.0,1940.0,428,70,4,3,3,3,3,5,False,False,False,False,False,False,True,False,False,False,False,False,False,False,False,False,False,False,False,False,False,False,False,False,False,160000.0,0
7390,5,1955,1955,1098,1098,1,1,6,0,151.0,1955.0,902,0,3,3,3,3,0,3,False,False,False,False,False,False,False,False,False,False,False,False,True,False,False,False,False,False,False,False,False,False,False,False,False,135000.0,0
5925,3,1910,1950,600,968,0,1,6,0,0.0,1980.0,0,0,3,3,3,0,0,2,False,False,False,False,False,False,False,False,False,False,False,False,False,False,False,False,False,True,False,False,False,False,False,False,False,37900.0,0
10382,6,1958,1958,588,1095,1,1,6,0,105.0,1958.0,513,0,3,3,3,3,0,3,False,False,False,False,False,False,False,False,False,False,False,False,True,False,False,False,False,False,False,False,False,False,False,False,False,140000.0,0
10800,4,1949,1950,720,1192,0,1,6,0,0.0,1980.0,0,0,3,3,3,0,0,3,False,False,False,False,False,False,False,False,False,False,False,False,True,False,False,False,False,False,False,False,False,False,False,False,False,135000.0,0
2268,7,2003,2004,764,1626,2,2,6,0,106.0,2003.0,567,27,4,4,4,3,0,5,False,False,False,False,False,False,False,False,False,False,False,False,False,False,False,False,True,False,False,False,False,False,False,False,False,173000.0,1
7892,6,1979,1979,918,918,1,2,5,1,0.0,1979.0,0,0,3,3,4,3,3,3,False,False,False,False,False,False,False,False,False,False,False,False,False,False,False,False,False,False,False,False,True,False,False,False,False,99500.0,0
11639,7,2007,2008,1428,1428,2,2,6,0,0.0,2007.0,0,120,4,4,4,3,0,5,False,False,False,False,False,False,False,False,False,False,False,False,False,False,False,False,False,False,False,False,False,True,False,False,False,182000.0,1
11414,7,1910,1993,728,2019,2,1,8,0,0.0,1997.0,0,135,3,4,4,3,0,3,False,False,False,True,False,False,False,False,False,False,False,False,False,False,False,False,False,False,False,False,False,False,False,False,False,167500.0,1
2651,7,2000,2000,673,1382,2,2,6,0,0.0,2000.0,641,50,4,4,4,3,0,5,False,False,False,False,False,False,False,False,False,False,False,False,False,False,False,False,False,False,False,False,False,True,False,False,False,165000.0,1
5900,4,1923,1958,440,869,0,1,4,0,0.0,1980.0,0,0,3,2,4,0,0,3,False,False,False,True,False,False,False,False,False,False,False,False,False,False,False,False,False,False,False,False,False,False,False,False,False,85500.0,0
4274,7,2006,2007,1241,1241,2,1,4,0,0.0,2007.0,1106,116,4,4,4,3,0,5,False,False,False,False,False,False,False,False,False,False,False,False,False,False,False,False,False,False,False,False,False,True,False,False,False,199900.0,1
9450,4,1954,1954,894,894,2,1,5,0,0.0,1999.0,552,0,3,3,3,3,0,5,False,False,False,False,False,False,False,True,False,False,False,False,False,False,False,False,False,False,False,False,False,False,False,False,False,110000.0,0
8816,5,1963,1963,1121,1121,2,1,5,0,0.0,1963.0,651,80,3,3,3,3,0,3,False,False,False,False,False,False,False,False,False,False,False,False,False,False,False,False,False,False,False,True,False,False,False,False,False,139000.0,0
12122,7,1961,2007,944,999,2,1,6,0,210.0,1961.0,867,76,5,5,3,3,0,4,False,False,False,False,False,False,False,False,False,False,False,False,True,False,False,False,False,False,False,False,False,False,False,False,False,178400.0,1
12203,8,1998,1999,1225,2612,3,2,8,1,975.0,1998.0,854,0,4,4,4,3,3,5,False,False,False,False,False,False,False,False,False,False,False,False,False,False,False,True,False,False,False,False,False,False,False,False,False,336000.0,1
3182,7,2007,2007,1266,1266,2,2,6,1,16.0,2007.0,0,16,4,4,4,3,4,5,True,False,False,False,False,False,False,False,False,False,False,False,False,False,False,False,False,False,False,False,False,False,False,False,False,159895.0,0
11250,8,2002,2002,1128,2290,2,2,9,1,0.0,2002.0,0,0,4,4,4,3,4,5,False,False,False,False,False,True,False,False,False,False,False,False,False,False,False,False,False,False,False,False,False,False,False,False,False,255900.0,1
10125,5,1977,1977,0,1734,2,2,8,0,0.0,1977.0,0,0,3,4,0,3,0,3,False,False,False,False,False,False,False,False,False,False,False,True,False,False,False,False,False,False,False,False,False,False,False,False,False,126000.0,0
10880,5,1950,1950,1164,1164,1,1,5,0,0.0,1950.0,1040,48,3,3,3,3,0,3,False,False,False,False,False,False,False,True,False,False,False,False,False,False,False,False,False,False,False,False,False,False,False,False,False,125000.0,0
5310,6,1910,2003,485,1635,1,1,5,0,0.0,1950.0,0,0,3,4,3,2,0,4,False,False,False,False,False,False,False,False,False,False,False,False,False,False,False,False,False,True,False,False,False,False,False,False,False,117000.0,0
10159,9,2009,2010,1930,1940,3,2,8,1,450.0,2010.0,1646,95,5,5,5,3,4,5,False,False,False,False,False,False,False,False,False,False,False,False,False,False,False,False,True,False,False,False,False,False,False,False,False,395192.0,1
12046,6,1976,1976,848,2030,2,2,8,1,298.0,1976.0,156,224,3,4,3,3,3,3,False,False,False,False,False,False,False,False,False,False,False,False,False,False,True,False,False,False,False,False,False,False,False,False,False,195000.0,1
8125,7,2006,2006,770,1576,2,2,6,0,0.0,2006.0,0,50,4,4,4,3,0,5,False,False,False,False,False,False,False,False,False,False,False,False,False,False,False,False,False,False,False,False,False,True,False,False,False,197000.0,1
9452,8,1997,1998,1396,2392,3,2,7,1,423.0,1997.0,1074,70,4,4,4,3,3,5,False,False,False,False,False,False,False,False,False,False,False,False,False,False,False,True,False,False,False,False,False,False,False,False,False,348000.0,1
17671,8,1882,1986,916,1742,2,1,8,1,0.0,1925.0,216,169,4,4,3,3,4,4,False,False,False,False,False,False,False,False,False,False,False,False,False,False,False,False,False,True,False,False,False,False,False,False,False,168000.0,1
9760,6,1964,1993,822,1851,2,2,7,1,340.0,1964.0,536,42,3,4,3,3,2,4,False,False,False,False,False,False,False,False,False,False,False,False,True,False,False,False,False,False,False,False,False,False,False,False,False,187000.0,1
8846,6,2005,2006,750,1500,2,2,6,0,0.0,2005.0,0,35,3,4,4,3,0,5,False,False,False,False,False,True,False,False,False,False,False,False,False,False,False,False,False,False,False,False,False,False,False,False,False,173900.0,1
12456,10,2006,2007,1700,1718,3,2,7,1,230.0,2008.0,1172,48,5,5,5,3,4,5,False,False,False,False,False,False,False,False,False,False,False,False,False,False,False,False,True,False,False,False,False,False,False,False,False,337500.0,1
4712,4,1946,1950,747,1230,1,1,5,0,0.0,1946.0,384,57,3,3,3,3,0,3,False,False,False,True,False,False,False,False,False,False,False,False,False,False,False,False,False,False,False,False,False,False,False,False,False,121600.0,0
10659,5,1961,1961,1050,1050,1,1,6,0,0.0,1961.0,915,319,3,3,3,3,0,3,False,False,False,False,False,False,False,False,False,False,False,False,True,False,False,False,False,False,False,False,False,False,False,False,False,136500.0,0
11717,6,1970,1970,1442,1442,2,2,6,1,571.0,1970.0,0,0,3,3,3,3,3,3,False,False,False,False,False,False,False,False,False,False,False,False,False,False,True,False,False,False,False,False,False,False,False,False,False,185000.0,1
9786,3,1922,1950,1007,1077,1,1,6,1,0.0,1922.0,0,100,3,3,3,3,4,2,False,False,False,False,False,False,False,False,False,True,False,False,False,False,False,False,False,False,False,False,False,False,False,False,False,91000.0,0
6762,7,2006,2006,1187,1208,2,2,6,0,24.0,2006.0,686,61,4,4,4,3,0,5,False,False,False,False,False,True,False,False,False,False,False,False,False,False,False,False,False,False,False,False,False,False,False,False,False,206000.0,1
10206,3,1952,1952,0,944,2,1,4,0,0.0,1956.0,0,0,3,2,0,3,0,2,False,False,False,False,False,False,False,True,False,False,False,False,False,False,False,False,False,False,False,False,False,False,False,False,False,82000.0,0
5400,5,1920,1950,691,691,1,1,4,0,0.0,1920.0,0,20,3,5,2,2,0,5,False,False,False,False,False,False,False,False,False,False,False,False,False,False,False,False,False,True,False,False,False,False,False,False,False,86000.0,0
11957,8,2006,2006,1574,1574,3,2,7,1,53.0,2006.0,24,104,4,4,4,3,4,5,False,False,False,False,False,False,False,False,False,False,False,False,False,False,False,False,False,False,False,False,False,True,False,False,False,232000.0,1
11500,5,1976,1976,1680,1680,2,2,8,0,164.0,1976.0,0,0,3,3,3,3,0,2,False,False,False,False,False,False,False,False,False,False,False,False,False,False,True,False,False,False,False,False,False,False,False,False,False,136905.0,0
3182,7,2005,2006,1346,1504,2,2,7,1,16.0,2005.0,16,0,4,4,4,3,4,5,True,False,False,False,False,False,False,False,False,False,False,False,False,False,False,False,False,False,False,False,False,False,False,False,False,181000.0,1
8385,5,1977,1977,985,985,1,2,6,0,220.0,1977.0,595,0,4,3,4,3,0,3,False,False,False,False,False,True,False,False,False,False,False,False,False,False,False,False,False,False,False,False,False,False,False,False,False,149900.0,0
12155,6,1970,1970,1657,1657,2,2,7,1,0.0,1970.0,1237,0,3,3,4,3,3,4,False,False,False,False,False,False,False,False,False,False,False,False,True,False,False,False,False,False,False,False,False,False,False,False,False,163500.0,1
2217,4,1970,1970,546,1092,1,1,6,0,0.0,1970.0,273,0,3,3,3,3,0,3,False,False,False,False,False,False,False,False,False,False,True,False,False,False,False,False,False,False,False,False,False,False,False,False,False,88000.0,0
12118,7,2004,2005,1710,1710,2,2,7,1,108.0,2004.0,0,48,4,4,5,3,4,5,False,False,False,False,False,False,False,False,False,False,False,True,False,False,False,False,False,False,False,False,False,False,False,False,False,240000.0,1
6000,5,1926,1950,1008,1522,0,2,7,0,0.0,1980.0,0,0,3,3,3,0,0,5,False,False,False,False,False,False,False,False,False,False,False,False,False,False,False,False,False,False,True,False,False,False,False,False,False,102000.0,0
21286,5,1948,1950,720,1271,1,2,7,1,0.0,1948.0,0,0,3,3,3,3,4,3,False,False,False,False,False,False,False,False,False,False,False,False,False,False,False,False,False,False,False,True,False,False,False,False,False,135000.0,0
9825,5,1965,1965,0,1664,0,2,8,0,0.0,1980.0,0,0,3,3,0,0,0,3,False,False,False,False,False,False,False,True,False,False,False,False,False,False,False,False,False,False,False,False,False,False,False,False,False,100000.0,0
10592,6,1923,1996,602,1502,1,1,7,2,0.0,1923.0,0,0,3,4,3,3,3,3,False,False,False,False,False,False,True,False,False,False,False,False,False,False,False,False,False,False,False,False,False,False,False,False,False,165000.0,1
7200,5,1910,2006,1022,1022,1,1,4,0,0.0,1956.0,247,30,3,3,3,3,0,3,False,False,False,False,False,False,False,False,False,False,False,False,False,False,False,False,False,True,False,False,False,False,False,False,False,85000.0,0
11664,6,1948,1950,1082,1082,1,1,5,1,206.0,1948.0,336,130,3,3,3,3,4,3,False,False,False,False,False,False,False,False,False,False,False,False,True,False,False,False,False,False,False,False,False,False,False,False,False,119200.0,0
8400,8,2001,2001,810,1665,2,2,6,0,0.0,2001.0,643,45,4,4,4,3,0,5,False,False,False,False,False,False,False,False,False,False,False,False,False,False,True,False,False,False,False,False,False,False,False,False,False,227000.0,1
11883,7,1996,1996,1504,1504,2,2,6,1,196.0,1996.0,690,66,4,4,4,3,3,5,False,False,False,False,False,True,False,False,False,False,False,False,False,False,False,False,False,False,False,False,False,False,False,False,False,203000.0,1
5814,8,1984,1984,1220,1360,2,1,4,1,0.0,1984.0,1036,0,4,4,4,3,5,4,False,False,False,False,False,False,False,False,False,False,False,False,False,False,False,False,False,False,False,False,False,False,True,False,False,187500.0,1
10784,7,1991,1992,384,1472,2,2,7,1,76.0,1991.0,0,0,4,4,4,3,3,4,False,False,False,False,False,False,False,False,True,False,False,False,False,False,False,False,False,False,False,False,False,False,False,False,False,160000.0,0
3013,7,2005,2005,1362,1506,2,2,6,1,145.0,2005.0,16,20,4,4,4,3,4,5,True,False,False,False,False,False,False,False,False,False,False,False,False,False,False,False,False,False,False,False,False,False,False,False,False,213490.0,1
7024,4,2005,2005,1132,1132,2,1,5,0,0.0,2005.0,1024,64,3,4,4,3,0,5,False,False,False,False,False,False,False,True,False,False,False,False,False,False,False,False,False,False,False,False,False,False,False,False,False,176000.0,1
7406,7,2006,2006,1199,1220,2,2,6,0,84.0,2006.0,684,54,4,4,4,3,0,5,False,False,False,False,False,True,False,False,False,False,False,False,False,False,False,False,False,False,False,False,False,False,False,False,False,194000.0,1
9439,5,1930,1950,912,1248,1,1,6,0,0.0,1957.0,324,0,3,3,3,2,0,4,False,False,False,False,False,False,False,False,False,False,False,False,False,False,False,False,False,True,False,False,False,False,False,False,False,87000.0,0
3182,7,2005,2006,1346,1504,2,2,7,1,14.0,2005.0,16,20,4,4,4,3,4,5,True,False,False,False,False,False,False,False,False,False,False,False,False,False,False,False,False,False,False,False,False,False,False,False,False,191000.0,1
15498,8,1976,1976,1565,2898,2,2,10,1,0.0,1976.0,1165,72,4,4,4,3,4,3,False,False,False,False,False,False,False,False,False,False,False,False,False,False,False,False,False,False,False,False,False,False,False,True,False,287000.0,1
7700,5,1972,1972,882,882,2,1,5,0,0.0,1980.0,138,0,3,3,3,3,0,3,False,False,False,False,False,True,False,False,False,False,False,False,False,False,False,False,False,False,False,False,False,False,False,False,False,112500.0,0
9300,5,1960,1960,1268,1264,2,1,6,2,324.0,1960.0,697,0,3,3,3,3,4,3,False,False,False,False,False,False,False,False,False,False,False,False,True,False,False,False,False,False,False,False,False,False,False,False,False,167500.0,1
9520,8,2007,2008,1638,1646,3,2,7,1,338.0,2008.0,1513,44,4,4,4,3,4,5,False,False,False,False,False,False,False,False,False,False,False,False,False,False,False,False,False,False,False,False,False,False,False,True,False,293077.0,1
9492,5,1941,1950,768,1376,1,1,6,1,0.0,1941.0,368,0,3,3,3,3,4,3,False,False,False,False,False,False,False,False,False,False,False,False,True,False,False,False,False,False,False,False,False,False,False,False,False,105000.0,0
1680,6,1972,1972,672,1218,1,1,7,0,281.0,1972.0,317,28,3,3,3,3,0,4,False,False,True,False,False,False,False,False,False,False,False,False,False,False,False,False,False,False,False,False,False,False,False,False,False,118000.0,0
7082,5,1916,1995,686,1928,0,2,10,0,0.0,1980.0,0,0,3,3,3,0,0,4,False,False,False,False,False,False,False,False,False,False,False,False,False,False,False,False,False,False,True,False,False,False,False,False,False,160000.0,0
15863,7,1920,1970,824,3082,2,2,12,2,0.0,1970.0,523,63,3,3,3,3,3,5,False,False,False,False,False,False,False,False,False,False,False,False,False,False,False,False,False,False,True,False,False,False,False,False,False,197000.0,1
14541,8,1993,1993,1338,2520,3,2,10,1,0.0,1993.0,1012,55,4,4,4,3,3,5,False,False,False,False,False,False,False,False,False,False,False,False,False,False,False,True,False,False,False,False,False,False,False,False,False,310000.0,1
8125,7,2002,2002,1654,1654,3,2,6,0,295.0,2002.0,986,136,4,4,4,3,0,5,False,False,False,False,False,True,False,False,False,False,False,False,False,False,False,False,False,False,False,False,False,False,False,False,False,230000.0,1
6305,5,1938,1950,920,954,1,1,5,1,0.0,1938.0,0,0,3,2,2,2,4,5,False,False,False,False,False,False,True,False,False,False,False,False,False,False,False,False,False,False,False,False,False,False,False,False,False,119750.0,0
11500,4,1957,1957,0,845,1,1,5,0,0.0,1957.0,0,0,3,3,0,3,0,5,False,False,False,False,False,False,False,True,False,False,False,False,False,False,False,False,False,False,False,False,False,False,False,False,False,84000.0,0
12898,9,2007,2008,1620,1620,3,2,6,1,70.0,2008.0,1022,0,4,5,5,3,5,5,False,False,False,False,False,False,False,False,False,False,False,False,False,False,False,False,False,False,False,False,False,False,False,True,False,315500.0,1
9240,8,2001,2002,1055,2263,2,2,7,1,396.0,2001.0,0,45,4,4,4,3,3,5,False,False,False,False,False,True,False,False,False,False,False,False,False,False,False,False,False,False,False,False,False,False,False,False,False,287000.0,1
1533,4,1970,2008,546,1344,0,1,6,1,0.0,1980.0,0,0,3,3,3,0,3,3,False,False,False,False,False,False,False,False,False,False,True,False,False,False,False,False,False,False,False,False,False,False,False,False,False,97000.0,0
1477,4,1970,1970,630,630,1,1,3,0,0.0,1970.0,509,0,3,3,4,3,0,3,False,False,False,False,False,False,False,False,False,False,True,False,False,False,False,False,False,False,False,False,False,False,False,False,False,80000.0,0
13125,5,1957,2000,1134,1803,2,2,8,1,67.0,1957.0,168,0,3,3,3,3,3,5,False,False,False,False,False,False,False,False,False,False,False,False,False,False,False,False,False,False,False,True,False,False,False,False,False,155000.0,0
9130,6,1966,2000,800,1632,2,1,7,0,252.0,1966.0,400,40,3,4,3,3,0,4,False,False,False,False,False,False,False,False,False,False,False,False,False,False,True,False,False,False,False,False,False,False,False,False,False,173000.0,1
5381,6,2005,2005,1306,1306,2,2,5,1,135.0,2005.0,900,63,4,4,4,3,4,5,False,False,False,False,False,False,False,False,False,False,False,False,False,False,False,False,True,False,False,False,False,False,False,False,False,196000.0,1
11839,7,1990,1990,1475,2329,2,2,10,1,99.0,1990.0,1085,121,3,4,4,3,5,5,False,False,False,False,False,False,False,False,False,False,False,False,False,False,False,False,False,False,False,False,True,False,False,False,False,262280.0,1
9600,8,1981,1981,2524,2524,2,2,9,1,0.0,1981.0,1104,120,4,4,4,3,4,3,False,False,False,False,False,False,False,False,False,False,False,False,False,False,True,False,False,False,False,False,False,False,False,False,False,278000.0,1
13680,3,1955,1955,0,1733,2,2,8,1,0.0,1955.0,0,0,3,3,0,3,4,5,False,False,False,False,False,False,False,True,False,False,False,False,False,False,False,False,False,False,False,False,False,False,False,False,False,139600.0,0
16056,9,2005,2006,1992,2868,3,3,11,1,208.0,2005.0,240,108,4,5,5,3,4,5,False,False,False,False,False,False,False,False,False,False,False,False,False,False,False,False,False,False,False,False,False,False,True,False,False,556581.0,1
9245,5,1994,1995,990,990,2,1,5,0,0.0,1996.0,686,0,3,3,4,3,0,5,False,False,False,False,False,True,False,False,False,False,False,False,False,False,False,False,False,False,False,False,False,False,False,False,False,145000.0,0
21750,5,1960,2006,0,1771,2,1,9,1,75.0,1960.0,0,0,3,3,0,3,3,3,False,False,False,False,False,False,False,False,False,False,False,True,False,False,False,False,False,False,False,False,False,False,False,False,False,115000.0,0
11100,4,1946,2006,0,930,1,1,6,0,0.0,1946.0,0,0,3,4,0,3,0,5,False,False,False,False,False,False,False,True,False,False,False,False,False,False,False,False,False,False,False,False,False,False,False,False,False,84900.0,0
8993,7,2007,2007,1302,1302,2,2,6,0,0.0,2007.0,0,22,4,4,4,3,0,5,False,False,False,False,False,False,False,False,True,False,False,False,False,False,False,False,False,False,False,False,False,False,False,False,False,176485.0,1
11175,7,2007,2007,1316,1316,2,2,6,1,0.0,2007.0,0,20,4,4,4,3,4,5,False,False,False,False,False,True,False,False,False,False,False,False,False,False,False,False,False,False,False,False,False,False,False,False,False,200141.0,1
9500,6,1964,1978,816,1977,2,1,9,1,272.0,1964.0,442,52,3,3,3,3,3,3,False,False,False,False,False,False,False,False,False,False,False,False,True,False,False,False,False,False,False,False,False,False,False,False,False,165000.0,1
8562,5,1957,2002,1216,1526,1,1,7,1,145.0,1957.0,383,78,3,3,3,3,4,5,False,False,False,False,False,False,False,True,False,False,False,False,False,False,False,False,False,False,False,False,False,False,False,False,False,144500.0,0
11367,8,2002,2002,1065,1989,2,2,7,1,210.0,2002.0,932,60,4,4,4,3,4,5,False,False,False,False,False,True,False,False,False,False,False,False,False,False,False,False,False,False,False,False,False,False,False,False,False,255000.0,1
11361,6,1976,1976,1193,1523,2,2,7,1,160.0,1976.0,644,0,3,3,4,3,3,3,False,False,False,False,False,False,False,False,False,False,False,False,False,False,True,False,False,False,False,False,False,False,False,False,False,180000.0,1
7052,7,2005,2005,1364,1364,2,2,6,1,240.0,2005.0,659,36,4,4,4,3,4,5,False,False,False,False,False,False,False,False,False,False,False,False,False,False,False,False,True,False,False,False,False,False,False,False,False,185850.0,1
29959,7,1994,1994,973,1850,2,2,7,1,0.0,1994.0,595,98,4,4,4,3,4,5,False,False,False,False,False,False,False,False,False,False,False,False,False,False,False,True,False,False,False,False,False,False,False,False,False,248000.0,1
11308,9,2008,2008,1104,2184,3,2,10,1,154.0,2008.0,936,102,5,5,5,3,4,5,False,False,False,False,False,False,False,False,False,False,False,False,False,False,False,False,True,False,False,False,False,False,False,False,False,335000.0,1
11275,6,1932,1950,854,1991,2,1,7,1,480.0,1977.0,297,0,3,3,3,3,4,3,False,False,False,False,False,False,True,False,False,False,False,False,False,False,False,False,False,False,False,False,False,False,False,False,False,220000.0,1
4920,8,2001,2001,1338,1338,2,2,6,0,0.0,2001.0,616,0,4,4,4,3,0,5,False,False,False,False,False,False,False,False,False,False,False,False,False,False,False,False,False,False,False,False,False,False,True,False,False,213500.0,1
18000,3,1935,1950,894,894,3,1,6,0,0.0,1994.0,0,20,2,3,3,3,0,3,False,False,False,False,False,False,False,False,False,True,False,False,False,False,False,False,False,False,False,False,False,False,False,False,False,81000.0,0
13600,5,1900,1950,662,2337,2,2,10,0,0.0,1945.0,0,57,3,3,3,3,0,3,False,False,False,False,False,False,False,False,False,False,False,False,False,False,False,False,False,True,False,False,False,False,False,False,False,90000.0,0
6000,6,1925,1980,1103,1103,2,1,5,1,0.0,1976.0,397,120,3,4,3,3,4,4,False,False,False,False,False,False,False,False,False,False,False,False,False,False,False,False,False,True,False,False,False,False,False,False,False,110500.0,0
11000,5,1966,1966,1154,1154,2,1,6,1,200.0,1966.0,740,58,3,3,3,3,1,5,False,False,False,False,False,False,False,False,False,False,False,False,True,False,False,False,False,False,False,False,False,False,False,False,False,154000.0,0
14000,7,1996,1997,1306,2260,2,2,7,0,0.0,1996.0,1201,44,4,4,5,3,0,5,False,False,False,False,True,False,False,False,False,False,False,False,False,False,False,False,False,False,False,False,False,False,False,False,False,328000.0,1
7837,6,1993,1994,799,1571,2,2,7,1,0.0,1993.0,0,40,4,3,4,3,3,4,False,False,False,False,False,False,False,False,True,False,False,False,False,False,False,False,False,False,False,False,False,False,False,False,False,178000.0,1
9760,6,1964,1964,780,1611,2,1,7,0,360.0,1964.0,674,128,3,3,3,3,0,3,False,False,False,False,False,False,False,False,False,False,False,False,True,False,False,False,False,False,False,False,False,False,False,False,False,167900.0,1
3964,6,1973,1973,942,2521,2,2,10,1,0.0,1973.0,837,20,3,3,4,3,4,4,False,False,False,False,False,False,False,False,False,False,True,False,False,False,False,False,False,False,False,False,False,False,False,False,False,151400.0,0
9600,5,1949,2003,845,893,2,1,4,0,0.0,1985.0,220,0,3,4,3,3,0,3,False,False,False,False,False,False,False,False,False,False,False,False,True,False,False,False,False,False,False,False,False,False,False,False,False,135000.0,0
10152,5,1956,1956,1048,1048,1,1,6,0,120.0,1956.0,586,20,3,3,3,3,0,3,False,False,False,False,False,False,False,False,False,False,False,False,True,False,False,False,False,False,False,False,False,False,False,False,False,135000.0,0
11700,6,1968,1968,727,1556,2,1,8,0,0.0,1968.0,298,0,3,3,3,3,0,5,False,False,False,False,False,False,False,False,False,False,False,False,False,False,True,False,False,False,False,False,False,False,False,False,False,154000.0,0
7585,5,1948,1950,810,1456,1,1,7,1,0.0,1954.0,0,0,3,3,2,3,3,2,False,False,False,False,False,False,False,True,False,False,False,False,False,False,False,False,False,False,False,False,False,False,False,False,False,91500.0,0
7950,6,1977,1977,690,1426,2,1,6,0,140.0,1977.0,535,0,3,3,3,3,0,3,False,False,False,False,False,False,False,True,False,False,False,False,False,False,False,False,False,False,False,False,False,False,False,False,False,159500.0,0
8556,7,2006,2006,1240,1240,3,2,5,0,0.0,2006.0,0,93,4,4,4,3,0,5,False,False,False,False,False,True,False,False,False,False,False,False,False,False,False,False,False,False,False,False,False,False,False,False,False,194000.0,1
13125,7,1940,1984,800,1740,1,1,6,2,0.0,1940.0,410,0,3,3,3,3,4,3,False,False,False,False,False,False,True,False,False,False,False,False,False,False,False,False,False,False,False,False,False,False,False,False,False,219500.0,1
10800,5,1936,1989,796,1466,2,2,7,1,0.0,1950.0,626,21,3,4,2,3,3,4,False,False,False,False,False,False,False,False,False,False,False,False,False,False,False,False,False,True,False,False,False,False,False,False,False,170000.0,1
15870,5,1969,1969,1096,1096,1,1,6,0,0.0,1969.0,75,32,3,3,3,3,0,5,False,False,False,False,False,False,False,False,False,False,False,False,True,False,False,False,False,False,False,False,False,False,False,False,False,138800.0,0
4435,6,2004,2004,848,848,2,1,3,1,169.0,2004.0,662,0,4,4,4,3,4,5,False,False,False,False,False,True,False,False,False,False,False,False,False,False,False,False,False,False,False,False,False,False,False,False,False,155900.0,0
8775,5,1994,1994,990,990,1,1,5,0,0.0,1996.0,495,64,3,3,4,3,0,4,False,False,False,False,False,True,False,False,False,False,False,False,False,False,False,False,False,False,False,False,False,False,False,False,False,126000.0,0
11040,6,1971,2004,1258,1258,2,2,5,0,144.0,1971.0,656,0,4,4,3,3,0,5,False,False,False,False,False,False,False,False,False,False,False,False,False,False,True,False,False,False,False,False,False,False,False,False,False,145000.0,0
7500,5,1963,1963,1040,1040,1,1,5,0,0.0,1963.0,824,0,3,3,3,3,0,2,False,False,False,False,False,False,False,False,False,False,False,False,False,False,False,False,False,False,False,True,False,False,False,False,False,133000.0,0
8749,7,2002,2002,1459,1459,2,2,6,1,100.0,2002.0,0,39,4,4,4,3,4,5,False,False,False,False,False,True,False,False,False,False,False,False,False,False,False,False,False,False,False,False,False,False,False,False,False,192000.0,1
8800,6,1964,1964,1251,1251,1,1,6,2,425.0,1964.0,553,116,3,3,3,3,4,3,False,False,False,False,False,False,False,False,False,False,False,False,True,False,False,False,False,False,False,False,False,False,False,False,False,160000.0,0
13031,6,1995,1996,691,1498,2,2,6,1,0.0,1995.0,592,44,3,3,4,3,3,4,False,False,False,False,False,False,False,False,True,False,False,False,False,False,False,False,False,False,False,False,False,False,False,False,False,187500.0,1
9069,6,1992,1992,936,996,2,1,5,0,0.0,1992.0,747,0,3,4,4,3,0,5,False,False,False,False,False,False,False,False,False,False,False,False,False,False,False,False,False,False,False,False,True,False,False,False,False,147000.0,0
1974,4,1973,1973,546,1092,1,1,6,0,0.0,1973.0,334,96,3,3,3,3,0,3,False,False,False,False,False,False,False,False,False,False,True,False,False,False,False,False,False,False,False,False,False,False,False,False,False,83500.0,0
10574,8,2005,2006,1082,1953,3,2,9,1,0.0,2005.0,0,50,4,4,4,3,4,5,False,False,False,False,False,False,False,False,False,False,False,False,False,False,False,False,False,False,False,False,False,True,False,False,False,252000.0,1
2522,7,2004,2004,970,1709,2,2,7,0,50.0,2004.0,0,40,4,4,4,3,0,5,False,False,False,False,False,False,False,True,False,False,False,False,False,False,False,False,False,False,False,False,False,False,False,False,False,137500.0,0
3316,8,2005,2005,1247,1247,2,1,4,1,0.0,2005.0,1039,84,4,4,4,3,4,5,False,False,False,False,False,False,False,False,False,False,False,False,False,False,False,False,False,False,False,False,False,True,False,False,False,197000.0,1
8544,3,1950,1950,0,1040,2,2,6,0,0.0,1987.0,0,0,3,3,0,3,0,2,False,False,False,False,False,False,False,False,False,False,False,False,True,False,False,False,False,False,False,False,False,False,False,False,False,92900.0,0
2160,7,1999,2000,600,1252,2,2,4,0,212.0,1999.0,510,48,4,4,4,3,0,5,False,False,False,False,False,False,False,False,False,False,False,False,False,False,False,False,False,False,False,False,False,True,False,False,False,160000.0,0
8400,6,1925,1950,1181,1694,2,2,7,1,0.0,1925.0,423,0,3,3,3,3,4,2,False,False,False,False,False,False,False,False,False,False,False,False,False,False,False,False,False,False,True,False,False,False,False,False,False,136500.0,0
9230,5,1965,1998,864,1200,2,1,6,0,166.0,1977.0,661,64,3,4,3,3,0,4,False,False,False,False,False,False,False,False,False,False,False,False,True,False,False,False,False,False,False,False,False,False,False,False,False,146000.0,0
5868,5,1956,2000,936,936,1,1,4,0,0.0,1956.0,248,0,3,3,3,3,0,5,False,False,False,False,False,False,False,False,False,False,False,False,True,False,False,False,False,False,False,False,False,False,False,False,False,129000.0,0
9317,6,2006,2006,1314,1314,2,2,6,1,0.0,2006.0,24,22,4,4,4,3,4,4,False,False,False,False,False,True,False,False,False,False,False,False,False,False,False,False,False,False,False,False,False,False,False,False,False,176432.0,1
6882,6,1914,2006,684,1355,0,1,7,0,0.0,1980.0,0,0,3,4,3,0,0,3,False,False,False,False,False,False,False,False,False,True,False,False,False,False,False,False,False,False,False,False,False,False,False,False,False,127000.0,0
3696,8,1986,1986,1074,1088,2,1,5,0,0.0,1987.0,0,74,4,4,4,3,0,5,False,False,False,False,False,False,False,False,False,False,False,False,False,False,False,False,False,False,False,False,False,False,True,False,False,170000.0,1
6000,4,1936,1950,672,1324,1,1,6,0,0.0,1936.0,672,0,3,3,3,3,0,3,False,False,False,True,False,False,False,False,False,False,False,False,False,False,False,False,False,False,False,False,False,False,False,False,False,128000.0,0
11880,7,1978,1978,1271,1601,2,2,7,1,206.0,1978.0,704,0,3,3,4,3,3,3,False,False,False,False,False,False,False,False,False,False,False,False,False,False,True,False,False,False,False,False,False,False,False,False,False,157000.0,0
8400,2,1920,1950,290,438,1,1,3,0,0.0,1930.0,290,0,3,2,3,3,0,3,False,False,False,False,False,False,False,False,False,False,False,False,False,False,False,False,False,False,True,False,False,False,False,False,False,60000.0,0
9758,5,1971,1971,950,950,1,1,5,0,0.0,1981.0,412,0,3,3,3,3,0,3,False,False,False,False,False,False,False,False,False,False,False,False,True,False,False,False,False,False,False,False,False,False,False,False,False,119500.0,0
7000,5,1960,2002,1010,1134,1,1,6,0,45.0,1960.0,588,16,3,3,3,3,0,5,False,False,False,False,False,False,False,False,False,False,False,False,True,False,False,False,False,False,False,False,False,False,False,False,False,135000.0,0
8910,6,1959,1959,655,1194,2,1,6,1,0.0,1954.0,655,0,3,3,3,3,2,5,False,False,False,False,False,False,False,False,False,False,False,False,True,False,False,False,False,False,False,False,False,False,False,False,False,159500.0,0
2016,5,1970,1970,630,1302,2,2,6,0,304.0,1970.0,0,0,3,3,3,3,0,3,False,False,True,False,False,False,False,False,False,False,False,False,False,False,False,False,False,False,False,False,False,False,False,False,False,106000.0,0
12256,8,1994,1995,1463,2622,2,2,9,2,362.0,1994.0,1032,32,4,4,5,3,3,5,False,False,False,False,False,False,False,False,False,False,False,False,False,False,False,True,False,False,False,False,False,False,False,False,False,325000.0,1
10357,7,1990,1991,910,1442,2,2,6,1,0.0,1990.0,738,244,4,4,4,3,3,4,False,False,False,False,False,False,False,False,False,False,False,False,False,False,False,False,False,False,False,False,True,False,False,False,False,179900.0,1
23257,7,2006,2006,868,2021,2,2,9,1,0.0,2006.0,0,100,4,4,5,3,4,5,False,False,False,False,False,False,False,False,True,False,False,False,False,False,False,False,False,False,False,False,False,False,False,False,False,274725.0,1
8063,6,2000,2000,924,1690,2,2,7,1,0.0,2000.0,0,48,3,3,4,3,3,5,False,False,False,False,False,False,False,False,True,False,False,False,False,False,False,False,False,False,False,False,False,False,False,False,False,181000.0,1
11362,8,2004,2005,1836,1836,3,2,7,1,42.0,2004.0,1039,185,4,4,5,3,4,5,False,False,False,False,False,False,False,False,False,False,False,False,False,False,False,False,True,False,False,False,False,False,False,False,False,280000.0,1
8000,6,1995,1996,773,1658,2,2,8,1,0.0,1995.0,219,84,3,3,4,3,3,4,False,False,False,False,False,False,False,False,True,False,False,False,False,False,False,False,False,False,False,False,False,False,False,False,False,188000.0,1
10480,7,1976,1976,803,1964,2,2,8,1,660.0,1976.0,403,69,3,3,3,3,4,3,False,False,False,False,False,False,False,False,False,False,False,False,False,False,True,False,False,False,False,False,False,False,False,False,False,205000.0,1
7100,5,1957,1957,816,816,1,1,5,0,0.0,1957.0,708,0,3,3,3,3,0,3,False,False,False,False,False,False,False,False,False,False,False,False,True,False,False,False,False,False,False,False,False,False,False,False,False,129900.0,0
8923,5,1953,2006,1008,1008,1,1,6,0,0.0,1953.0,643,18,3,4,3,3,0,4,False,False,False,False,False,False,False,False,False,False,False,False,True,False,False,False,False,False,False,False,False,False,False,False,False,134500.0,0
5400,5,1954,2000,833,833,1,1,4,0,0.0,1955.0,415,0,3,4,3,3,0,5,False,False,False,False,False,False,False,False,False,False,False,False,False,False,False,False,False,True,False,False,False,False,False,False,False,117000.0,0
12085,8,2007,2007,1734,1734,3,2,7,1,328.0,2007.0,1004,0,4,5,5,3,4,5,False,False,False,False,False,False,False,False,False,False,False,False,False,False,False,False,True,False,False,False,False,False,False,False,False,318000.0,1
7750,8,2002,2002,408,1419,2,2,7,1,0.0,2002.0,353,0,4,4,4,3,3,5,False,False,False,False,False,False,False,False,True,False,False,False,False,False,False,False,False,False,False,False,False,False,False,False,False,184100.0,1
9764,5,1967,2003,894,894,2,1,5,0,0.0,1967.0,702,0,3,4,3,3,0,5,False,False,False,False,False,False,False,False,False,False,False,False,False,False,False,False,False,False,False,True,False,False,False,False,False,130000.0,0
13825,5,1958,1987,533,1601,1,1,6,0,0.0,1958.0,0,34,3,3,3,3,0,3,False,False,False,False,False,False,False,False,False,False,False,False,False,False,False,False,False,False,False,True,False,False,False,False,False,140000.0,0
7560,5,1959,1959,1040,1040,1,1,6,0,0.0,1959.0,369,0,3,3,3,3,0,3,False,False,False,False,False,False,False,False,False,False,False,False,True,False,False,False,False,False,False,False,False,False,False,False,False,133700.0,0
8263,6,1920,1950,1012,1012,1,1,6,1,0.0,1920.0,0,22,3,3,3,3,4,3,False,False,False,False,False,False,False,False,False,True,False,False,False,False,False,False,False,False,False,False,False,False,False,False,False,118400.0,0
10084,7,2005,2006,1552,1552,3,2,7,0,196.0,2005.0,24,20,4,4,4,3,0,5,False,False,False,False,False,True,False,False,False,False,False,False,False,False,False,False,False,False,False,False,False,False,False,False,False,212900.0,1
8926,4,1956,1956,672,960,1,1,5,0,0.0,1956.0,0,0,3,3,3,3,0,5,False,False,False,False,False,False,False,True,False,False,False,False,False,False,False,False,False,False,False,False,False,False,False,False,False,112000.0,0
9405,5,1947,2008,698,698,0,1,4,0,0.0,1980.0,0,200,3,3,3,0,0,5,False,False,False,False,False,False,False,True,False,False,False,False,False,False,False,False,False,False,False,False,False,False,False,False,False,118000.0,0
9125,7,1992,1992,384,1482,2,2,7,1,170.0,1992.0,0,25,3,4,4,3,3,4,False,False,False,False,False,False,False,False,True,False,False,False,False,False,False,False,False,False,False,False,False,False,False,False,False,163900.0,1
10434,4,1955,1955,1005,1005,2,1,5,1,0.0,1977.0,0,0,3,2,3,2,3,3,False,False,False,False,False,False,False,False,False,False,False,False,True,False,False,False,False,False,False,False,False,False,False,False,False,115000.0,0
3684,7,2007,2007,1373,1555,3,2,7,1,130.0,2007.0,0,20,4,4,4,3,3,5,True,False,False,False,False,False,False,False,False,False,False,False,False,False,False,False,False,False,False,False,False,False,False,False,False,174000.0,1
14572,7,2004,2004,1530,1530,3,2,7,1,0.0,2004.0,1300,36,4,4,4,3,4,5,False,False,False,False,False,False,False,False,True,False,False,False,False,False,False,False,False,False,False,False,False,False,False,False,False,259000.0,1
11796,7,2004,2005,847,1959,2,2,8,1,0.0,2004.0,0,48,4,4,4,3,4,5,False,False,False,False,False,False,False,False,True,False,False,False,False,False,False,False,False,False,False,False,False,False,False,False,False,215000.0,1
7200,5,1980,1980,936,936,2,1,4,0,180.0,1980.0,936,0,3,3,4,3,0,3,False,False,False,False,False,False,False,False,False,False,False,False,False,False,False,False,False,True,False,False,False,False,False,False,False,140000.0,0
7804,4,1928,1950,1122,1981,2,2,7,2,0.0,1981.0,622,44,3,4,3,3,3,3,False,False,False,False,False,False,False,False,False,False,False,False,False,False,False,False,False,False,True,False,False,False,False,False,False,135000.0,0
10712,5,1991,1992,974,974,0,1,5,0,0.0,1980.0,212,28,3,3,4,0,0,3,False,False,False,False,False,False,False,False,False,False,False,True,False,False,False,False,False,False,False,False,False,False,False,False,False,93500.0,0
9900,6,1880,1950,1008,2210,1,2,8,0,0.0,1930.0,0,48,3,2,3,2,0,3,False,False,False,False,False,False,False,False,False,False,False,False,False,False,False,False,False,True,False,False,False,False,False,False,False,117500.0,0
9828,8,1995,1995,1128,2020,2,2,8,1,0.0,1995.0,584,155,4,4,4,3,3,5,False,False,False,False,False,False,False,False,False,False,False,False,False,False,False,False,False,False,False,False,True,False,False,False,False,239500.0,1
8773,6,1997,1997,916,1600,2,2,7,1,0.0,1997.0,0,38,3,3,4,3,3,4,False,False,False,False,False,False,False,False,True,False,False,False,False,False,False,False,False,False,False,False,False,False,False,False,False,169000.0,1
6180,6,1926,1950,960,986,1,1,5,1,0.0,1926.0,0,128,3,3,3,3,4,3,False,False,False,True,False,False,False,False,False,False,False,False,False,False,False,False,False,False,False,False,False,False,False,False,False,102000.0,0
9600,6,1950,1950,1032,1252,1,1,6,0,0.0,1950.0,280,0,3,3,3,3,0,3,False,False,False,False,False,False,False,False,False,False,False,False,True,False,False,False,False,False,False,False,False,False,False,False,False,119000.0,0
6342,5,1875,1996,780,1020,0,1,6,0,0.0,1980.0,0,0,3,3,3,0,0,4,False,False,False,False,False,False,False,False,False,False,False,False,False,False,False,False,False,False,False,True,False,False,False,False,False,94000.0,0
9819,6,1977,1977,1567,1567,2,2,5,2,0.0,1977.0,1567,32,3,4,3,3,3,3,False,False,False,False,False,False,False,False,False,False,False,True,False,False,False,False,False,False,False,False,False,False,False,False,False,196000.0,1
8731,5,1920,1950,915,1167,2,1,6,1,0.0,1972.0,645,0,3,3,3,3,4,3,False,False,False,True,False,False,False,False,False,False,False,False,False,False,False,False,False,False,False,False,False,False,False,False,False,144000.0,0
7350,5,1951,1951,952,952,2,1,4,0,0.0,1988.0,852,0,3,3,3,3,0,3,False,False,False,False,False,False,False,False,False,False,False,False,True,False,False,False,False,False,False,False,False,False,False,False,False,139000.0,0
10304,5,1976,1976,780,1868,2,2,9,1,44.0,1976.0,381,96,3,4,3,3,3,5,False,False,False,False,False,False,False,False,False,False,False,False,False,False,True,False,False,False,False,False,False,False,False,False,False,197500.0,1
9965,8,2006,2007,1466,2828,3,3,11,1,340.0,2006.0,1150,144,4,4,5,3,3,5,False,False,False,False,False,True,False,False,False,False,False,False,False,False,False,False,False,False,False,False,False,False,False,False,False,424870.0,1
9000,5,1959,1959,1006,1006,0,1,5,0,0.0,1980.0,288,24,3,3,3,0,0,3,False,False,False,False,False,False,False,False,False,False,False,False,False,False,False,False,False,False,False,True,False,False,False,False,False,80000.0,0
12180,4,1941,1950,672,924,1,1,5,0,0.0,1941.0,348,0,3,2,4,3,0,2,False,False,False,False,False,False,False,True,False,False,False,False,False,False,False,False,False,False,False,False,False,False,False,False,False,80000.0,0
6240,5,1928,1950,1042,1576,1,1,8,1,0.0,1928.0,0,0,3,3,3,3,4,5,False,False,False,True,False,False,False,False,False,False,False,False,False,False,False,False,False,False,False,False,False,False,False,False,False,149000.0,0
11200,6,1985,1985,1298,1298,2,2,5,1,85.0,1985.0,1258,26,4,4,4,3,3,3,False,False,False,False,False,False,False,False,False,False,False,False,False,False,False,False,False,False,False,False,True,False,False,False,False,180000.0,1
12000,7,1941,1950,704,1564,1,1,7,1,0.0,1941.0,275,0,3,2,3,3,4,5,False,False,False,False,False,False,True,False,False,False,False,False,False,False,False,False,False,False,False,False,False,False,False,False,False,174500.0,1
5700,7,1926,1950,572,1111,1,1,5,1,0.0,1982.0,0,0,3,3,3,3,4,3,False,False,False,False,False,False,False,False,False,False,False,False,False,False,False,False,False,True,False,False,False,False,False,False,False,116900.0,0
9000,7,1920,1988,650,1482,2,1,7,0,0.0,1930.0,624,0,3,3,3,3,0,5,False,False,False,False,False,False,False,False,False,False,False,False,False,False,False,False,False,True,False,False,False,False,False,False,False,143000.0,0
8280,6,1950,1950,932,932,1,1,4,1,0.0,1950.0,0,0,3,4,3,3,4,5,False,False,False,False,False,False,False,False,False,False,False,False,True,False,False,False,False,False,False,False,False,False,False,False,False,124000.0,0
17755,5,1959,1959,1466,1466,2,1,6,2,132.0,1959.0,176,140,3,2,3,3,4,3,False,False,False,False,False,False,False,True,False,False,False,False,False,False,False,False,False,False,False,False,False,False,False,False,False,149900.0,0
14115,6,1956,2004,1073,1811,2,1,6,1,0.0,1956.0,296,0,3,5,3,3,4,5,False,False,False,False,False,False,True,False,False,False,False,False,False,False,False,False,False,False,False,False,False,False,False,False,False,230000.0,1
5890,6,1930,2007,816,816,1,1,5,0,0.0,2002.0,538,0,4,3,3,3,0,5,False,False,False,False,False,False,False,False,False,True,False,False,False,False,False,False,False,False,False,False,False,False,False,False,False,120500.0,0
13700,7,1965,1988,864,1820,2,1,8,2,288.0,1965.0,454,84,3,4,3,3,4,3,False,False,False,False,False,False,False,False,False,False,False,False,True,False,False,False,False,False,False,False,False,False,False,False,False,201800.0,1
10768,5,1976,2004,1437,1437,2,2,6,1,0.0,1976.0,1157,21,4,4,4,3,2,3,False,False,False,False,False,False,False,False,False,False,False,False,False,False,False,False,False,False,False,False,False,False,False,False,True,218000.0,1
9350,5,1965,1999,1219,1265,2,2,6,1,0.0,1965.0,633,92,3,4,3,3,4,4,False,False,False,False,False,False,False,False,False,False,False,False,True,False,False,False,False,False,False,False,False,False,False,False,False,179900.0,1
5001,7,2007,2008,1314,1314,2,2,6,1,166.0,2008.0,904,62,4,4,4,3,4,5,False,False,False,False,False,False,False,False,False,False,False,False,False,False,False,False,True,False,False,False,False,False,False,False,False,230000.0,1
11932,8,2007,2008,1580,1580,3,2,7,0,186.0,2008.0,0,24,4,4,4,3,0,5,False,False,False,False,False,False,False,False,False,False,False,False,False,False,False,False,False,False,False,False,False,True,False,False,False,235128.0,1
9120,6,1974,1974,901,1876,2,2,8,1,270.0,1974.0,442,69,4,4,3,4,3,3,False,False,False,False,False,False,False,False,False,False,False,False,False,False,True,False,False,False,False,False,False,False,False,False,False,185000.0,1
2280,6,1978,1978,855,1456,2,2,7,1,0.0,1978.0,311,0,3,3,4,3,3,2,False,False,False,False,False,False,False,False,False,False,False,False,False,True,False,False,False,False,False,False,False,False,False,False,False,146000.0,0
14778,6,1954,2006,1296,1640,2,1,7,1,72.0,1993.0,728,0,4,4,3,3,4,5,False,False,False,False,False,False,True,False,False,False,False,False,False,False,False,False,False,False,False,False,False,False,False,False,False,224000.0,1
8724,5,1968,1968,894,894,2,1,5,1,0.0,1968.0,492,0,3,3,4,3,1,4,False,False,False,False,False,False,False,False,False,False,False,False,False,False,False,False,False,False,False,True,False,False,False,False,False,129000.0,0
12900,4,1969,1969,1198,1258,2,0,6,0,0.0,1969.0,1198,0,3,3,4,2,0,3,False,False,False,False,False,False,False,False,False,False,False,False,False,False,False,False,False,False,False,True,False,False,False,False,False,108959.0,0
16157,5,1978,1978,1360,1432,2,1,5,1,0.0,1978.0,680,180,3,4,4,3,3,5,False,False,False,False,False,False,False,False,False,False,False,False,False,False,False,False,False,False,False,False,False,False,False,False,True,194000.0,1
9541,7,2009,2009,1502,1502,2,2,7,0,268.0,2009.0,0,114,4,4,4,3,0,5,False,False,False,False,False,False,False,False,False,False,False,False,False,False,False,False,True,False,False,False,False,False,False,False,False,233170.0,1
10475,8,2008,2008,1694,1694,3,2,7,0,72.0,2008.0,0,33,4,4,4,3,0,5,False,False,False,False,False,True,False,False,False,False,False,False,False,False,False,False,False,False,False,False,False,False,False,False,False,245350.0,1
10852,6,2000,2000,959,1671,2,2,7,1,0.0,2000.0,786,38,3,3,4,3,3,5,False,False,False,False,False,False,False,False,True,False,False,False,False,False,False,False,False,False,False,False,False,False,False,False,False,173000.0,1
13728,6,1935,1986,1127,2108,2,2,7,2,0.0,1935.0,626,0,3,4,3,3,3,5,False,False,False,False,False,False,False,True,False,False,False,False,False,False,False,False,False,False,False,False,False,False,False,False,False,235000.0,1
35760,10,1995,1996,1930,3627,3,3,10,1,1378.0,1995.0,1387,76,4,4,5,3,3,5,False,False,False,False,False,False,False,False,False,False,False,False,False,False,False,True,False,False,False,False,False,False,False,False,False,625000.0,1
9880,6,1977,1977,1096,1118,1,1,6,1,0.0,1977.0,522,0,3,3,3,3,1,3,False,False,False,False,False,False,False,False,False,False,False,True,False,False,False,False,False,False,False,False,False,False,False,False,False,171000.0,1
9120,6,1958,1958,1261,1261,2,1,6,1,0.0,1958.0,662,0,3,3,3,3,3,5,False,False,False,False,False,False,False,False,False,False,False,False,True,False,False,False,False,False,False,False,False,False,False,False,False,163000.0,0
4017,7,2006,2007,625,1250,2,2,5,0,0.0,2006.0,0,54,4,4,4,3,0,5,False,False,False,False,False,False,False,False,False,False,False,False,False,False,False,False,False,False,False,False,False,True,False,False,False,171900.0,1
18030,5,1946,1994,1598,3086,0,3,12,1,0.0,1980.0,152,0,3,5,3,0,4,3,False,False,False,False,True,False,False,False,False,False,False,False,False,False,False,False,False,False,False,False,False,False,False,False,False,200500.0,1
16560,6,1932,1950,952,2345,2,2,9,1,0.0,1932.0,503,0,3,3,4,3,4,3,False,False,False,False,False,False,True,False,False,False,False,False,False,False,False,False,False,False,False,False,False,False,False,False,False,239000.0,1
10678,8,1992,2000,1683,2872,2,2,9,1,337.0,1992.0,700,33,4,4,4,3,3,5,False,False,False,False,False,False,False,False,False,False,False,False,False,False,False,True,False,False,False,False,False,False,False,False,False,285000.0,1
6951,5,1984,1985,876,923,1,1,5,0,0.0,1984.0,658,0,3,3,3,3,0,3,False,False,False,False,False,False,False,False,False,False,False,True,False,False,False,False,False,False,False,False,False,False,False,False,False,119500.0,0
3950,6,1926,2004,818,1224,1,1,5,0,0.0,1926.0,468,0,3,3,3,3,0,3,False,False,False,False,False,False,False,False,False,False,False,False,False,False,False,False,False,True,False,False,False,False,False,False,False,115000.0,0
7681,5,1921,1950,731,1343,1,1,7,1,0.0,1921.0,0,0,3,3,3,2,4,5,False,False,False,False,False,False,True,False,False,False,False,False,False,False,False,False,False,False,False,False,False,False,False,False,False,154900.0,0
8335,5,1954,1954,0,1124,0,1,5,1,0.0,1980.0,0,36,3,3,0,0,4,4,False,False,False,False,False,False,False,True,False,False,False,False,False,False,False,False,False,False,False,False,False,False,False,False,False,93000.0,0
11170,7,1990,1991,1216,2514,2,2,8,0,0.0,1990.0,1216,0,3,3,4,3,0,5,False,False,False,False,False,False,False,False,False,False,False,False,False,False,False,False,False,False,False,False,False,False,False,True,False,250000.0,1
5587,8,2008,2008,1600,1652,2,2,5,1,186.0,2008.0,1480,53,5,4,5,3,4,5,False,False,False,False,False,False,True,False,False,False,False,False,False,False,False,False,False,False,False,False,False,False,False,False,False,392500.0,1
15623,10,1996,1996,2396,4476,3,3,10,2,0.0,1996.0,2096,78,4,5,5,3,3,5,False,False,False,False,False,False,False,False,False,False,False,False,False,False,False,True,False,False,False,False,False,False,False,False,False,745000.0,1
10800,5,1920,1950,1120,1130,2,1,5,1,0.0,1970.0,821,0,3,3,3,3,4,5,False,False,False,False,False,False,False,False,False,False,False,False,False,False,False,False,False,True,False,False,False,False,False,False,False,120000.0,0
35133,5,1963,1963,1572,1572,3,1,5,2,226.0,1963.0,1159,263,3,3,3,3,3,4,False,False,False,False,False,False,False,False,False,False,False,False,False,False,False,False,False,False,False,False,False,False,False,True,False,186700.0,1
9738,5,1924,1950,784,1221,1,1,7,0,0.0,1965.0,392,0,3,3,3,3,0,4,False,False,False,False,False,False,False,True,False,False,False,False,False,False,False,False,False,False,False,False,False,False,False,False,False,104900.0,0
10615,3,1900,1970,978,1699,2,2,7,0,0.0,1920.0,440,74,3,3,2,2,0,3,False,False,False,False,False,False,False,False,False,False,False,False,False,False,False,False,False,True,False,False,False,False,False,False,False,95000.0,0
12461,8,1994,1995,1624,1624,3,2,5,1,0.0,1994.0,1456,114,4,4,4,3,2,5,False,False,False,False,False,False,False,False,False,False,False,False,False,False,False,True,False,False,False,False,False,False,False,False,False,262000.0,1
8935,7,2002,2002,831,1660,2,2,7,0,95.0,2002.0,0,68,4,4,4,3,0,5,False,False,False,False,False,True,False,False,False,False,False,False,False,False,False,False,False,False,False,False,False,False,False,False,False,195000.0,1
7500,7,1999,1999,994,1804,2,2,7,1,0.0,1999.0,0,60,3,4,3,3,3,4,False,False,False,False,False,False,False,False,True,False,False,False,False,False,False,False,False,False,False,False,False,False,False,False,False,189000.0,1
32463,4,1961,1975,1249,1622,4,1,7,1,149.0,1975.0,1159,0,3,3,3,3,3,5,False,False,False,False,False,False,False,False,False,False,False,True,False,False,False,False,False,False,False,False,False,False,False,False,False,168000.0,1
2645,8,1999,2000,776,1441,2,2,5,0,456.0,1999.0,0,0,4,4,4,3,0,5,False,False,False,False,False,False,False,False,False,False,False,False,False,False,False,False,False,False,False,False,False,True,False,False,False,174000.0,1
9600,5,1925,1994,702,1472,1,1,6,0,0.0,1925.0,0,0,3,4,3,3,0,4,False,False,False,False,False,False,False,False,False,False,False,False,False,False,False,False,False,True,False,False,False,False,False,False,False,125000.0,0
4500,6,1999,1999,1224,1224,2,2,5,0,425.0,1999.0,883,304,3,3,5,3,0,5,False,False,False,False,False,False,False,False,False,False,False,True,False,False,False,False,False,False,False,False,False,False,False,False,False,165000.0,1
9364,6,1969,1969,663,1352,1,1,7,0,143.0,1969.0,371,36,3,3,3,3,0,3,False,False,False,False,False,False,False,False,False,False,False,False,False,False,False,False,False,False,False,True,False,False,False,False,False,158000.0,0
8029,6,2005,2005,728,1456,2,2,8,0,0.0,2005.0,0,24,3,4,4,3,0,5,False,False,False,False,False,False,False,False,True,False,False,False,False,False,False,False,False,False,False,False,False,False,False,False,False,176000.0,1
14054,7,2006,2006,879,1863,3,2,9,1,0.0,2006.0,0,17,4,4,4,3,4,5,False,False,False,False,False,False,False,False,True,False,False,False,False,False,False,False,False,False,False,False,False,False,False,False,False,219210.0,1
8850,7,1916,1950,815,1690,1,1,7,1,0.0,1916.0,0,0,3,3,3,3,4,5,False,False,False,False,False,False,False,False,False,False,False,False,False,False,False,False,False,True,False,False,False,False,False,False,False,144000.0,0
9100,7,2001,2001,1212,1212,2,2,6,0,0.0,2001.0,0,0,4,4,4,3,0,5,False,False,False,False,False,True,False,False,False,False,False,False,False,False,False,False,False,False,False,False,False,False,False,False,False,178000.0,1
11235,4,1963,1979,1051,1382,2,1,6,1,51.0,1974.0,547,82,3,3,3,3,1,4,False,False,False,False,False,False,False,False,False,False,False,False,False,False,False,False,False,False,False,True,False,False,False,False,False,148000.0,0
9353,4,1970,1970,864,864,1,1,5,0,0.0,1972.0,0,0,3,3,3,3,0,4,False,False,False,False,False,False,False,False,False,False,False,False,True,False,False,False,False,False,False,False,False,False,False,False,False,116050.0,0
10400,7,1998,1998,866,1779,2,2,6,0,0.0,1998.0,0,36,3,4,4,3,0,5,False,False,False,False,False,True,False,False,False,False,False,False,False,False,False,False,False,False,False,False,False,False,False,False,False,197900.0,1
6000,5,1925,1997,884,1348,1,1,5,1,0.0,1960.0,0,0,3,3,3,3,2,5,False,False,False,True,False,False,False,False,False,False,False,False,False,False,False,False,False,False,False,False,False,False,False,False,False,117000.0,0
9750,7,2000,2001,1630,1630,2,2,6,1,171.0,2000.0,0,234,4,4,4,3,3,5,False,False,False,False,False,True,False,False,False,False,False,False,False,False,False,False,False,False,False,False,False,False,False,False,False,213000.0,1
10140,5,1975,1975,1056,1074,2,1,6,0,0.0,1975.0,788,88,3,3,4,3,0,5,False,False,False,False,False,False,False,False,False,False,False,False,False,False,True,False,False,False,False,False,False,False,False,False,False,153500.0,0
14684,7,1990,1991,2158,2196,3,2,7,1,234.0,1990.0,485,70,4,4,4,3,3,4,False,False,False,False,False,False,False,False,False,False,False,False,False,False,False,False,False,False,False,False,True,False,False,False,False,271900.0,1
8900,4,1966,1966,1056,1056,1,1,5,0,0.0,1966.0,1056,42,3,3,3,3,0,3,False,False,False,False,False,False,False,False,False,False,False,False,False,False,False,False,False,False,False,False,True,False,False,False,False,107000.0,0
9135,6,2003,2003,1682,1700,2,2,7,0,120.0,2003.0,340,23,4,4,4,3,0,5,False,False,False,False,False,True,False,False,False,False,False,False,False,False,False,False,False,False,False,False,False,False,False,False,False,200000.0,1
7763,5,1962,1980,931,1283,2,1,6,0,0.0,1980.0,504,0,3,3,3,3,0,3,False,False,False,False,False,False,False,False,False,False,False,False,True,False,False,False,False,False,False,False,False,False,False,False,False,140000.0,0
10182,8,2006,2006,1660,1660,2,2,8,1,420.0,2006.0,1220,50,4,4,5,3,4,5,False,False,False,False,False,False,False,False,False,False,False,False,False,False,False,False,False,False,False,False,False,True,False,False,False,290000.0,1
11218,6,1992,1992,1055,1845,2,2,8,1,0.0,1992.0,0,104,4,4,4,3,3,5,False,False,False,False,False,False,False,False,False,False,False,False,False,False,False,False,False,False,False,False,True,False,False,False,False,189000.0,1
12134,8,1988,2005,559,1752,2,2,8,0,0.0,1988.0,427,12,4,3,4,3,0,4,False,False,False,False,False,False,False,False,True,False,False,False,False,False,False,False,False,False,False,False,False,False,False,False,False,164000.0,1
9340,4,1941,1950,672,672,1,1,4,0,0.0,1941.0,344,113,3,3,3,3,0,3,False,False,False,False,False,False,False,True,False,False,False,False,False,False,False,False,False,False,False,False,False,False,False,False,False,113000.0,0
10246,4,1965,2001,648,960,1,0,3,0,0.0,1965.0,648,0,3,3,3,3,0,5,False,False,False,False,False,False,False,False,False,False,False,False,False,False,False,False,False,False,False,True,False,False,False,False,False,145000.0,0
10205,5,1962,1962,925,999,1,1,6,0,0.0,1962.0,784,72,3,3,3,3,0,3,False,False,False,False,False,False,False,False,False,False,False,False,True,False,False,False,False,False,False,False,False,False,False,False,False,134500.0,0
7094,5,1966,1966,894,894,1,1,5,0,0.0,1966.0,180,0,3,3,3,3,0,3,False,False,False,False,False,False,False,False,False,False,False,False,False,False,False,False,False,False,False,True,False,False,False,False,False,125000.0,0
8930,6,1978,1978,0,1902,2,2,8,0,0.0,1978.0,0,0,3,3,0,3,0,3,False,False,False,False,False,False,False,False,False,False,False,False,False,False,False,False,False,False,False,True,False,False,False,False,False,112000.0,0
8640,8,2009,2009,1300,1314,2,2,6,0,72.0,2009.0,936,112,4,4,4,3,0,5,False,False,False,False,False,False,False,False,False,False,False,False,False,False,False,False,False,False,False,False,False,True,False,False,False,229456.0,1
6240,4,1947,1950,0,912,0,1,3,0,0.0,1980.0,0,0,3,3,0,0,0,4,False,False,False,True,False,False,False,False,False,False,False,False,False,False,False,False,False,False,False,False,False,False,False,False,False,80500.0,0
1680,6,1971,1971,672,1218,0,1,7,0,236.0,1980.0,0,0,3,3,3,0,0,3,False,False,True,False,False,False,False,False,False,False,False,False,False,False,False,False,False,False,False,False,False,False,False,False,False,91500.0,0
7800,5,1964,1964,912,912,1,1,5,0,0.0,1964.0,312,0,3,3,3,3,0,3,False,False,False,False,False,False,False,False,False,False,False,False,True,False,False,False,False,False,False,False,False,False,False,False,False,115000.0,0
8250,5,1968,1968,952,1211,1,1,5,1,0.0,1968.0,250,63,3,3,3,3,3,5,False,False,False,False,False,False,False,False,False,False,False,False,False,False,False,False,False,False,False,True,False,False,False,False,False,134000.0,0
10496,6,1949,1950,1040,1846,1,2,7,1,320.0,1949.0,196,0,3,3,3,3,4,5,False,False,False,False,False,False,False,False,False,False,False,False,True,False,False,False,False,False,False,False,False,False,False,False,False,143000.0,0
10680,5,1951,1951,2136,2136,2,2,7,0,44.0,1951.0,756,30,3,3,3,3,0,3,False,False,False,False,False,False,False,False,False,False,False,False,True,False,False,False,False,False,False,False,False,False,False,False,False,137900.0,0
15384,7,2004,2005,788,1490,2,2,8,1,0.0,2004.0,724,75,4,4,4,3,4,5,False,False,False,False,False,False,False,False,True,False,False,False,False,False,False,False,False,False,False,False,False,False,False,False,False,184000.0,1
10482,6,1958,1958,588,1138,1,1,6,0,63.0,1958.0,507,0,3,3,3,3,0,5,False,False,False,False,False,False,False,False,False,False,False,False,True,False,False,False,False,False,False,False,False,False,False,False,False,145000.0,0
14598,6,2007,2007,894,1933,3,2,9,1,74.0,2007.0,0,18,4,4,4,3,4,5,False,False,False,False,False,False,False,False,False,False,False,False,False,False,False,False,False,False,False,False,False,True,False,False,False,214000.0,1
8872,5,1965,2008,912,912,2,1,5,0,300.0,1992.0,595,240,3,4,3,3,0,5,False,False,False,False,False,False,False,False,False,False,False,False,True,False,False,False,False,False,False,False,False,False,False,False,False,147000.0,0
8769,9,2008,2008,1702,1702,3,1,7,1,766.0,2008.0,1540,72,5,5,5,3,4,5,False,False,False,False,False,False,False,False,False,False,False,False,False,False,False,False,True,False,False,False,False,False,False,False,False,367294.0,1
7910,5,1960,1960,1075,1507,1,2,7,0,0.0,1960.0,666,0,3,3,3,3,0,4,False,False,False,False,False,False,False,False,False,False,False,False,True,False,False,False,False,False,False,False,False,False,False,False,False,127000.0,0
18890,5,1977,1977,1361,2620,2,2,12,1,1.0,1977.0,498,24,3,3,4,3,3,5,False,False,False,False,False,False,False,False,False,False,False,False,False,False,False,False,False,False,False,True,False,False,False,False,False,190000.0,1
7728,5,1962,1962,1106,1190,2,1,6,0,120.0,1962.0,803,18,3,3,3,3,0,3,False,False,False,False,False,False,False,False,False,False,False,False,True,False,False,False,False,False,False,False,False,False,False,False,False,132500.0,0
9842,4,1962,1962,0,1224,2,2,6,0,0.0,1962.0,0,0,3,3,0,3,0,3,False,False,False,False,False,False,False,False,False,False,False,False,True,False,False,False,False,False,False,False,False,False,False,False,False,101800.0,0
12160,5,1959,1959,1188,1188,2,1,6,0,180.0,1959.0,1000,0,3,3,3,3,0,2,False,False,False,False,False,False,False,False,False,False,False,False,True,False,False,False,False,False,False,False,False,False,False,False,False,142000.0,0
8525,5,1911,1950,940,1964,0,1,7,0,0.0,1980.0,0,192,3,3,3,0,0,3,False,False,False,False,False,False,False,False,False,False,False,False,False,False,False,False,False,False,True,False,False,False,False,False,False,130000.0,0
13132,5,1914,1950,747,1784,1,1,9,0,0.0,1914.0,0,40,3,3,4,2,0,4,False,False,False,False,False,False,True,False,False,False,False,False,False,False,False,False,False,False,False,False,False,False,False,False,False,138887.0,0
2628,7,2003,2003,764,1626,2,2,6,0,106.0,2003.0,0,27,4,4,4,3,0,5,False,False,False,False,False,False,False,False,False,False,False,False,False,False,False,False,True,False,False,False,False,False,False,False,False,175500.0,1
12393,7,2004,2005,847,1948,2,2,8,1,0.0,2004.0,0,48,4,4,4,3,4,5,False,False,False,False,False,True,False,False,False,False,False,False,False,False,False,False,False,False,False,False,False,False,False,False,False,195000.0,1
13072,6,2005,2005,1141,1141,2,1,6,0,0.0,2005.0,0,0,4,3,4,3,0,5,False,False,False,False,False,False,False,False,False,False,False,False,False,False,False,False,False,False,False,False,True,False,False,False,False,142500.0,0
9037,8,2006,2006,1476,1484,2,2,6,1,32.0,2006.0,428,33,4,5,4,3,4,5,False,False,False,False,False,False,False,False,False,False,False,False,False,False,False,False,False,False,False,False,False,False,False,True,False,265900.0,1
8158,7,2003,2003,884,1768,2,2,8,0,252.0,2003.0,550,63,4,4,4,3,0,5,False,False,False,False,False,True,False,False,False,False,False,False,False,False,False,False,False,False,False,False,False,False,False,False,False,224900.0,1
9849,7,2007,2007,1689,1689,3,2,7,0,0.0,2007.0,0,56,4,4,4,3,0,5,False,False,False,False,False,False,False,False,False,False,False,False,False,False,False,False,False,False,False,False,False,True,False,False,False,248328.0,1
10625,7,1974,1974,1053,1173,2,2,6,2,81.0,1974.0,885,120,3,4,4,3,3,3,False,False,False,False,False,False,False,False,False,False,False,False,False,False,True,False,False,False,False,False,False,False,False,False,False,170000.0,1
13891,10,2006,2006,2076,2076,3,2,7,1,0.0,2006.0,1386,229,5,5,5,3,4,5,False,False,False,False,False,False,False,False,False,False,False,False,False,False,False,False,True,False,False,False,False,False,False,False,False,465000.0,1
11435,8,1929,1950,792,1517,2,1,7,2,0.0,1931.0,0,0,3,4,4,3,4,2,False,False,False,False,False,False,True,False,False,False,False,False,False,False,False,False,False,False,False,False,False,False,False,False,False,230000.0,1
12090,6,1984,2003,585,1868,2,3,7,1,74.0,1984.0,0,112,3,3,4,3,3,5,False,False,False,False,False,False,False,False,False,False,False,False,False,False,True,False,False,False,False,False,False,False,False,False,False,178000.0,1
8125,7,2005,2006,756,1553,2,2,6,0,0.0,2005.0,0,45,4,4,4,3,0,5,False,False,False,False,False,False,False,False,False,False,False,False,False,False,False,False,False,False,False,False,False,True,False,False,False,186500.0,1
12328,6,1976,1976,1012,1034,3,1,6,0,335.0,1976.0,539,0,3,3,3,3,0,3,False,False,False,False,False,False,False,False,False,False,False,True,False,False,False,False,False,False,False,False,False,False,False,False,False,169900.0,1
9600,6,1917,1950,735,2058,2,1,8,1,0.0,1950.0,319,0,3,3,4,2,4,2,False,False,False,False,False,False,False,False,False,False,False,False,False,False,False,False,False,True,False,False,False,False,False,False,False,129500.0,0
7200,5,1950,1950,876,988,1,1,6,0,0.0,1950.0,534,80,3,3,3,3,0,3,False,False,False,False,False,False,False,False,False,False,False,False,True,False,False,False,False,False,False,False,False,False,False,False,False,119000.0,0
11160,7,1968,1968,2110,2110,2,2,8,2,0.0,1968.0,1065,0,4,5,3,3,3,5,False,False,False,False,False,False,False,False,False,False,False,False,True,False,False,False,False,False,False,False,False,False,False,False,False,244000.0,1
3136,7,2003,2003,1405,1405,2,2,6,1,163.0,2003.0,0,36,4,4,4,3,4,5,False,False,False,False,False,False,False,False,False,False,False,False,False,False,False,False,True,False,False,False,False,False,False,False,False,171750.0,1
9858,5,1968,1968,864,874,1,1,5,0,0.0,1968.0,510,0,3,3,3,3,0,3,False,False,False,False,False,False,False,False,False,False,False,True,False,False,False,False,False,False,False,False,False,False,False,False,False,130000.0,0
17542,7,1974,2003,1192,2167,2,2,9,2,0.0,1974.0,125,47,4,4,3,3,4,3,False,False,False,False,False,False,False,False,False,False,False,False,False,False,False,False,False,False,False,False,False,False,False,False,True,294000.0,1
6931,7,2003,2004,746,1656,2,2,7,1,92.0,2003.0,0,128,4,4,4,3,4,5,False,False,False,False,False,False,False,True,False,False,False,False,False,False,False,False,False,False,False,False,False,False,False,False,False,165400.0,1
6240,6,1931,1950,884,1367,1,1,6,1,0.0,1978.0,425,0,3,3,3,3,4,3,False,False,False,True,False,False,False,False,False,False,False,False,False,False,False,False,False,False,False,False,False,False,False,False,False,127500.0,0
14303,8,1994,1994,1986,1987,2,2,7,1,554.0,1994.0,1314,36,4,4,4,3,3,5,False,False,False,False,False,False,False,False,False,False,False,False,False,False,False,True,False,False,False,False,False,False,False,False,False,301500.0,1
4060,5,1922,1950,864,864,0,1,4,0,0.0,1980.0,0,96,3,3,2,0,0,5,False,False,False,False,False,False,False,True,False,False,False,False,False,False,False,False,False,False,False,False,False,False,False,False,False,99900.0,0
9587,7,2005,2005,856,1166,2,2,5,0,182.0,2005.0,655,0,4,4,4,3,0,5,False,False,False,False,False,False,False,False,True,False,False,False,False,False,False,False,False,False,False,False,False,False,False,False,False,190000.0,1
9750,6,1969,1969,1054,1054,2,1,6,0,0.0,1969.0,602,0,3,3,4,3,0,4,False,False,False,False,False,False,False,False,False,False,False,False,True,False,False,False,False,False,False,False,False,False,False,False,False,151000.0,0
24682,6,1999,1999,841,1675,2,2,7,1,0.0,1999.0,0,103,3,3,4,3,3,5,False,False,False,False,False,False,False,False,True,False,False,False,False,False,False,False,False,False,False,False,False,False,False,False,False,181000.0,1
9600,5,1956,1956,1050,1050,1,1,5,0,0.0,1956.0,504,0,3,3,3,3,0,4,False,False,False,False,False,False,False,False,False,False,False,False,True,False,False,False,False,False,False,False,False,False,False,False,False,128900.0,0
11250,4,1957,1989,1104,1788,1,1,8,2,0.0,1957.0,0,0,3,3,3,3,3,5,False,False,False,False,True,False,False,False,False,False,False,False,False,False,False,False,False,False,False,False,False,False,False,False,False,161500.0,0
13515,6,1919,1950,764,1824,2,1,8,1,0.0,1940.0,0,0,3,3,3,3,4,5,False,False,False,True,False,False,False,False,False,False,False,False,False,False,False,False,False,False,False,False,False,False,False,False,False,180500.0,1
4060,6,1998,1999,1405,1337,2,2,5,0,0.0,1998.0,266,68,4,4,4,3,0,5,False,False,False,False,False,False,False,False,False,False,False,False,True,False,False,False,False,False,False,False,False,False,False,False,False,181000.0,1
3735,7,1999,1999,691,1452,2,2,6,0,218.0,1999.0,450,34,4,4,4,3,0,5,False,False,False,False,False,False,False,False,False,False,False,False,False,False,False,False,False,False,False,False,False,True,False,False,False,183900.0,1
10120,7,1910,1950,925,1889,1,1,9,1,0.0,1960.0,0,0,2,3,3,3,4,3,False,False,False,False,False,False,False,False,False,False,False,False,False,False,False,False,False,True,False,False,False,False,False,False,False,122000.0,0
13214,9,2008,2009,2002,2018,3,2,10,1,0.0,2009.0,0,76,5,5,5,3,4,5,False,False,False,False,False,False,False,False,False,False,False,False,False,False,False,False,False,False,False,False,False,False,False,True,False,378500.0,1
14100,8,1935,1997,728,3447,3,3,11,2,632.0,1982.0,192,12,3,4,3,3,4,5,False,False,False,False,False,False,True,False,False,False,False,False,False,False,False,False,False,False,False,False,False,False,False,False,False,381000.0,1
11344,5,1958,1958,874,1524,1,1,7,0,180.0,1958.0,460,0,3,3,3,3,0,3,False,False,False,False,False,False,False,False,False,False,False,False,True,False,False,False,False,False,False,False,False,False,False,False,False,144000.0,0
23595,7,1979,1979,1332,1524,2,0,4,1,0.0,1979.0,1258,0,4,4,4,3,3,3,False,False,False,False,True,False,False,False,False,False,False,False,False,False,False,False,False,False,False,False,False,False,False,False,False,260000.0,1
9156,6,1968,1968,1489,1489,2,2,7,1,0.0,1968.0,0,0,3,4,3,3,4,4,False,False,False,False,False,False,False,False,False,False,False,False,False,False,True,False,False,False,False,False,False,False,False,False,False,185750.0,1
13526,5,1965,1965,935,935,1,1,5,0,114.0,1965.0,560,0,3,3,3,3,0,3,False,False,False,False,False,False,False,False,False,False,False,False,False,False,False,False,False,False,False,True,False,False,False,False,False,137000.0,0
11512,6,1959,2006,1019,1357,1,1,5,1,84.0,1959.0,719,0,3,5,3,3,4,4,False,False,False,False,False,False,False,True,False,False,False,False,False,False,False,False,False,False,False,False,False,False,False,False,False,177000.0,1
5362,5,1910,2003,661,1250,2,2,8,1,0.0,1985.0,0,0,3,3,3,3,4,5,False,False,False,False,False,False,True,False,False,False,False,False,False,False,False,False,False,False,False,False,False,False,False,False,False,139000.0,0
11345,5,1948,1950,928,1920,2,2,10,0,567.0,1948.0,220,0,3,3,3,3,0,4,False,False,False,False,False,False,False,False,False,False,False,False,True,False,False,False,False,False,False,False,False,False,False,False,False,137000.0,0
12936,6,1972,1972,723,1395,2,1,6,1,0.0,1972.0,593,116,3,3,3,3,3,3,False,False,False,False,False,False,False,False,False,False,False,False,False,False,True,False,False,False,False,False,False,False,False,False,False,162000.0,0
17871,6,1967,1976,1680,1724,2,1,7,1,359.0,1967.0,528,0,3,3,4,3,4,2,False,False,False,False,False,False,False,False,False,False,False,False,False,False,True,False,False,False,False,False,False,False,False,False,False,197900.0,1
9473,8,2002,2002,1128,2031,2,2,7,1,0.0,2002.0,804,211,4,4,4,3,4,5,False,False,False,False,False,True,False,False,False,False,False,False,False,False,False,False,False,False,False,False,False,False,False,False,False,237000.0,1
7500,4,1920,1950,698,1128,2,1,6,0,0.0,1980.0,0,0,3,3,3,3,0,3,False,False,False,False,False,False,False,False,False,True,False,False,False,False,False,False,False,False,False,False,False,False,False,False,False,68400.0,0
9808,7,2002,2002,1573,1573,2,2,6,0,110.0,2002.0,788,72,4,4,4,3,0,5,False,False,False,False,False,True,False,False,False,False,False,False,False,False,False,False,False,False,False,False,False,False,False,False,False,227000.0,1
8049,7,1990,1990,1309,1339,2,2,6,1,54.0,1990.0,1053,58,3,3,4,4,3,3,False,False,False,False,False,False,False,False,False,False,False,False,False,False,False,False,False,False,False,False,False,False,False,True,False,180000.0,1
8800,5,1977,2008,1040,1040,2,2,5,0,0.0,1977.0,532,0,3,4,4,3,0,3,False,False,False,False,False,True,False,False,False,False,False,False,False,False,False,False,False,False,False,False,False,False,False,False,False,150500.0,0
9400,6,1971,1971,912,1824,0,2,8,0,0.0,1980.0,0,0,3,3,3,0,0,3,False,False,False,False,False,False,False,False,False,False,False,True,False,False,False,False,False,False,False,False,False,False,False,False,False,139000.0,0
9638,6,1919,1990,804,2447,1,2,10,1,0.0,1969.0,0,0,3,4,3,3,4,5,False,False,False,False,False,False,False,False,False,False,False,False,False,False,False,False,False,False,True,False,False,False,False,False,False,169000.0,1
6000,6,1939,1950,780,1412,1,1,6,1,0.0,1939.0,0,0,3,3,3,3,4,5,False,False,False,True,False,False,False,False,False,False,False,False,False,False,False,False,False,False,False,False,False,False,False,False,False,132500.0,0
9790,6,1963,1963,1328,1328,2,1,6,2,451.0,1963.0,569,26,3,3,3,3,4,3,False,False,False,False,False,False,False,False,False,False,False,False,False,False,True,False,False,False,False,False,False,False,False,False,False,143000.0,0
36500,5,1964,1964,1624,1582,2,2,7,0,621.0,1964.0,812,198,3,3,3,3,0,2,False,False,False,False,True,False,False,False,False,False,False,False,False,False,False,False,False,False,False,False,False,False,False,False,False,190000.0,1
5664,8,2000,2000,1501,1659,2,2,5,1,0.0,2000.0,1158,59,4,5,4,3,5,5,False,False,False,False,False,False,False,False,False,False,False,False,False,False,False,False,False,False,False,False,False,False,True,False,False,278000.0,1
11065,8,2006,2006,1085,1970,3,2,8,1,788.0,2006.0,0,74,4,5,4,3,4,5,False,False,False,False,False,False,False,False,False,False,False,False,False,False,False,False,True,False,False,False,False,False,False,False,False,281000.0,1
14112,5,1964,1964,1152,1152,2,1,6,1,86.0,1964.0,1014,0,3,3,3,3,4,3,False,False,False,False,False,False,False,False,False,False,False,False,True,False,False,False,False,False,False,False,False,False,False,False,False,180500.0,1
1680,5,1972,1972,630,1302,1,2,6,0,268.0,1972.0,231,0,3,3,3,3,0,3,False,False,True,False,False,False,False,False,False,False,False,False,False,False,False,False,False,False,False,False,False,False,False,False,False,119500.0,0
6600,5,1892,1965,994,2372,1,2,11,0,0.0,1985.0,0,287,3,3,3,3,0,3,False,False,False,False,False,False,False,False,False,False,False,False,False,False,False,False,False,True,False,False,False,False,False,False,False,107500.0,0
10140,7,1976,1976,832,1664,2,2,8,1,0.0,1976.0,194,28,3,3,4,3,3,3,False,False,False,False,False,False,False,False,False,False,False,False,False,False,True,False,False,False,False,False,False,False,False,False,False,162900.0,0
8172,5,1955,1990,864,864,2,1,5,0,0.0,1957.0,167,0,3,3,3,3,0,3,False,False,False,False,False,False,False,True,False,False,False,False,False,False,False,False,False,False,False,False,False,False,False,False,False,115000.0,0
8400,5,1968,1968,1052,1052,1,1,5,0,168.0,1968.0,1016,0,3,3,3,3,0,4,False,False,False,False,False,False,False,False,False,False,False,False,True,False,False,False,False,False,False,False,False,False,False,False,False,138500.0,0
8700,5,1963,1963,1120,1128,2,2,6,0,148.0,1963.0,776,20,3,3,3,3,0,4,False,False,False,False,False,False,False,False,False,False,False,False,True,False,False,False,False,False,False,False,False,False,False,False,False,155000.0,0
3675,6,2005,2006,547,1072,2,2,5,0,82.0,2005.0,547,44,3,3,4,3,0,4,False,False,False,False,False,False,False,True,False,False,False,False,False,False,False,False,False,False,False,False,False,False,False,False,False,140000.0,0
63887,10,2008,2008,6110,5642,2,2,12,3,796.0,2008.0,5644,292,5,5,5,3,4,5,False,False,False,False,False,False,False,True,False,False,False,False,False,False,False,False,False,False,False,False,False,False,False,False,False,160000.0,0
7500,5,1959,1994,1246,1246,1,1,6,0,0.0,1959.0,340,0,3,4,3,3,0,5,False,False,False,False,False,False,False,False,False,False,False,False,True,False,False,False,False,False,False,False,False,False,False,False,False,154000.0,0
10762,7,1999,1999,978,1983,2,2,9,1,344.0,1999.0,694,0,4,4,4,3,3,5,False,False,False,False,False,False,False,False,True,False,False,False,False,False,False,False,False,False,False,False,False,False,False,False,False,225000.0,1
7500,6,1942,1950,771,1494,1,1,7,2,0.0,1942.0,547,0,3,4,3,3,4,2,False,False,False,False,False,False,True,False,False,False,False,False,False,False,False,False,False,False,False,False,False,False,False,False,False,177500.0,1
10120,8,1994,1994,1165,2526,3,2,8,1,391.0,1994.0,740,78,4,4,4,3,3,5,False,False,False,False,False,False,False,False,False,False,False,False,False,False,False,True,False,False,False,False,False,False,False,False,False,290000.0,1
8688,7,2005,2005,1616,1616,3,2,7,0,228.0,2005.0,0,59,4,4,4,3,0,5,False,False,False,False,False,False,False,False,False,False,False,False,False,False,False,False,False,False,False,False,False,True,False,False,False,232000.0,1
3363,7,2004,2004,976,1708,2,2,7,0,117.0,2004.0,0,40,4,4,4,3,0,5,False,False,False,False,False,False,False,True,False,False,False,False,False,False,False,False,False,False,False,False,False,False,False,False,False,130000.0,0
13173,9,2006,2007,1652,1652,2,2,6,2,300.0,2006.0,1572,102,4,5,5,3,5,5,False,False,False,False,False,False,False,False,False,False,False,False,False,False,False,False,True,False,False,False,False,False,False,False,False,325000.0,1
6955,7,2005,2006,1368,1368,2,2,6,1,94.0,2005.0,0,35,4,4,4,3,4,5,False,False,False,False,False,False,False,False,False,False,False,False,False,False,False,False,True,False,False,False,False,False,False,False,False,202500.0,1
8072,5,1994,1995,990,990,2,1,5,0,0.0,2000.0,746,64,3,3,4,3,0,5,False,False,False,False,False,True,False,False,False,False,False,False,False,False,False,False,False,False,False,False,False,False,False,False,False,138000.0,0
12000,5,1948,2005,924,1122,2,1,6,0,0.0,1948.0,144,36,3,4,3,3,0,5,False,False,False,False,False,False,False,False,False,False,False,False,False,False,False,False,False,True,False,False,False,False,False,False,False,147000.0,0
7153,6,1991,1991,1278,1294,2,2,6,0,88.0,1991.0,1200,51,3,4,4,3,0,4,False,False,False,False,False,False,False,False,False,False,False,False,False,False,False,False,False,False,False,False,True,False,False,False,False,179200.0,1
17500,7,1959,2002,1902,1902,2,2,7,2,0.0,1959.0,1406,207,4,5,4,3,3,3,False,False,False,False,False,False,True,False,False,False,False,False,False,False,False,False,False,False,False,False,False,False,False,False,False,335000.0,1
8814,7,2005,2007,1274,1274,2,2,6,0,80.0,2005.0,925,98,4,4,4,3,0,5,False,False,False,False,False,True,False,False,False,False,False,False,False,False,False,False,False,False,False,False,False,False,False,False,False,203000.0,1
9572,8,1990,1990,1453,2810,2,2,9,1,336.0,1990.0,482,0,4,4,5,4,5,5,False,False,False,False,False,False,False,False,False,False,False,False,False,False,False,True,False,False,False,False,False,False,False,False,False,302000.0,1
14774,9,1999,1999,1393,2599,3,2,10,1,165.0,1999.0,0,30,4,4,4,3,3,5,False,False,False,False,False,False,False,False,False,False,False,False,False,False,False,True,False,False,False,False,False,False,False,False,False,333168.0,1
8190,4,1954,1954,948,948,1,1,5,1,0.0,1956.0,732,36,3,3,3,3,3,5,False,False,False,False,False,False,False,True,False,False,False,False,False,False,False,False,False,False,False,False,False,False,False,False,False,119000.0,0
11075,6,1969,1969,952,2112,2,2,9,2,0.0,1969.0,500,0,3,3,2,3,4,3,False,False,False,False,False,False,False,False,False,False,False,False,True,False,False,False,False,False,False,False,False,False,False,False,False,206900.0,1
10226,8,2008,2008,1622,1630,3,2,8,1,270.0,2008.0,0,42,4,5,5,3,4,5,False,False,False,False,False,True,False,False,False,False,False,False,False,False,False,False,False,False,False,False,False,False,False,False,False,295493.0,1
4230,7,2006,2007,1352,1352,2,2,5,1,0.0,2006.0,0,241,4,4,5,3,4,5,False,False,False,False,False,False,False,False,False,False,False,False,False,False,False,False,False,False,False,False,False,True,False,False,False,208900.0,1
14781,8,2001,2002,1753,1787,3,2,7,1,178.0,2001.0,0,150,4,4,4,3,3,5,False,False,False,False,False,True,False,False,False,False,False,False,False,False,False,False,False,False,False,False,False,False,False,False,False,275000.0,1
10215,4,1954,1954,864,948,1,1,5,0,132.0,1954.0,492,0,3,3,3,3,0,5,False,False,False,False,False,False,False,True,False,False,False,False,False,False,False,False,False,False,False,False,False,False,False,False,False,111000.0,0
8400,6,1957,1957,1478,1478,2,1,6,2,0.0,1957.0,189,0,3,3,3,3,4,4,False,False,False,False,False,False,False,False,False,False,False,False,True,False,False,False,False,False,False,False,False,False,False,False,False,156500.0,0
6627,3,1949,1950,0,720,1,1,4,0,0.0,1955.0,0,0,3,3,0,3,0,3,False,False,False,True,False,False,False,False,False,False,False,False,False,False,False,False,False,False,False,False,False,False,False,False,False,72500.0,0
10186,7,1992,1992,750,1923,2,2,8,1,0.0,1992.0,674,39,4,4,4,3,3,5,False,False,False,False,False,False,False,False,False,False,False,False,False,False,False,True,False,False,False,False,False,False,False,False,False,190000.0,1
5330,4,1940,1950,420,708,0,1,5,0,0.0,1980.0,280,0,2,2,3,0,0,4,False,False,False,True,False,False,False,False,False,False,False,False,False,False,False,False,False,False,False,False,False,False,False,False,False,82500.0,0
9986,8,2006,2007,1795,1795,3,2,7,1,428.0,2007.0,0,49,4,4,5,3,4,5,False,False,False,False,False,False,False,False,False,False,False,False,False,False,False,False,False,False,False,False,False,True,False,False,False,147000.0,0
3636,4,1922,1950,796,796,0,1,5,0,0.0,1980.0,0,0,3,3,3,0,0,2,False,False,False,False,False,False,False,False,False,True,False,False,False,False,False,False,False,False,False,False,False,False,False,False,False,55000.0,0
4270,3,1931,2006,544,774,0,1,6,0,0.0,1980.0,544,0,3,4,3,0,0,5,False,False,False,False,False,False,False,True,False,False,False,False,False,False,False,False,False,False,False,False,False,False,False,False,False,79000.0,0
6600,5,1982,2008,816,816,1,1,5,1,0.0,1982.0,641,0,4,4,3,3,5,5,False,False,False,False,False,False,False,False,False,False,False,True,False,False,False,False,False,False,False,False,False,False,False,False,False,130500.0,0
10440,6,1920,1950,1510,2792,2,2,8,2,0.0,1920.0,493,547,4,3,4,2,3,5,False,False,False,False,False,False,False,False,False,False,False,False,False,False,False,False,False,True,False,False,False,False,False,False,False,256000.0,1
9084,7,1998,1998,935,1632,2,2,8,1,0.0,1998.0,0,28,3,3,4,3,3,4,False,False,False,False,False,False,False,False,True,False,False,False,False,False,False,False,False,False,False,False,False,False,False,False,False,176500.0,1
10000,8,2006,2006,1588,1588,3,2,7,1,410.0,2006.0,0,45,4,4,4,3,4,5,False,False,False,False,False,False,False,False,False,False,False,False,False,False,False,False,False,False,False,False,False,True,False,False,False,227000.0,1
10780,5,1976,1976,911,954,2,1,6,0,0.0,1976.0,483,0,3,3,3,3,0,4,False,False,False,False,False,True,False,False,False,False,False,False,False,False,False,False,False,False,False,False,False,False,False,False,False,132500.0,0
8877,4,1938,1958,816,816,1,1,3,1,0.0,1958.0,690,0,3,3,3,2,4,5,False,False,False,False,False,False,False,True,False,False,False,False,False,False,False,False,False,False,False,False,False,False,False,False,False,100000.0,0
7200,5,1938,1995,803,1360,1,1,6,0,0.0,1951.0,0,65,3,4,3,3,0,5,False,False,False,False,False,False,False,False,False,True,False,False,False,False,False,False,False,False,False,False,False,False,False,False,False,125500.0,0
2368,5,1970,1970,765,1365,2,1,7,0,312.0,1970.0,765,36,3,3,3,3,0,3,False,False,True,False,False,False,False,False,False,False,False,False,False,False,False,False,False,False,False,False,False,False,False,False,False,125000.0,0
9650,6,1977,1977,1350,1334,2,2,6,1,360.0,1977.0,686,16,3,3,4,3,3,3,False,False,False,False,False,False,False,False,False,False,False,False,False,False,True,False,False,False,False,False,False,False,False,False,False,167900.0,1
9246,5,1973,1973,1656,1656,2,2,8,0,564.0,1973.0,0,211,3,3,3,3,0,3,False,False,False,False,False,False,False,False,False,False,False,False,False,False,True,False,False,False,False,False,False,False,False,False,False,135000.0,0
4118,4,1941,1950,693,693,0,1,4,0,0.0,1980.0,0,20,3,2,3,0,0,2,False,False,False,False,False,False,False,False,False,False,False,False,False,False,False,False,False,True,False,False,False,False,False,False,False,52500.0,0
13450,7,2002,2002,916,1861,2,2,8,0,0.0,2002.0,700,91,4,4,4,3,0,5,False,False,False,False,False,True,False,False,False,False,False,False,False,False,False,False,False,False,False,False,False,False,False,False,False,200000.0,1
9560,5,1972,1972,864,864,1,1,5,0,0.0,1972.0,360,0,3,3,3,3,0,5,False,False,False,False,False,True,False,False,False,False,False,False,False,False,False,False,False,False,False,False,False,False,False,False,False,128500.0,0
8294,4,1971,1971,858,872,4,1,5,0,0.0,1974.0,0,0,3,3,3,3,0,3,False,False,False,False,False,False,False,False,False,False,False,False,True,False,False,False,False,False,False,False,False,False,False,False,False,123000.0,0
13695,6,2003,2004,1114,1114,2,1,6,0,0.0,2004.0,814,78,3,4,4,3,0,5,False,False,False,False,False,False,False,False,False,False,False,False,False,False,False,False,False,False,False,False,True,False,False,False,False,155000.0,0
9375,8,2002,2002,1284,2169,2,2,7,1,149.0,2002.0,0,87,4,4,4,3,4,5,False,False,False,False,False,True,False,False,False,False,False,False,False,False,False,False,False,False,False,False,False,False,False,False,False,228500.0,1
7558,6,1928,1950,896,1913,2,1,9,1,0.0,1929.0,0,0,3,3,3,2,3,4,False,False,False,False,False,False,True,False,False,False,False,False,False,False,False,False,False,False,False,False,False,False,False,False,False,177000.0,1
11103,7,2006,2006,728,1456,2,2,8,1,0.0,2006.0,0,0,4,4,4,3,3,5,False,False,False,False,False,True,False,False,False,False,False,False,False,False,False,False,False,False,False,False,False,False,False,False,False,155835.0,0
6000,4,1920,1950,960,960,1,1,5,0,0.0,1997.0,250,0,3,2,3,3,0,4,False,False,False,False,False,False,False,False,False,False,False,False,False,False,False,False,False,True,False,False,False,False,False,False,False,108500.0,0
20781,7,1968,2003,1568,2156,2,2,9,1,0.0,1968.0,297,80,3,3,3,4,4,3,False,False,False,False,False,False,False,False,False,False,False,False,False,False,True,False,False,False,False,False,False,False,False,False,False,262500.0,1
15306,8,2006,2007,1732,1776,3,2,7,1,100.0,2006.0,80,0,4,4,5,3,4,5,False,False,False,False,False,False,False,False,False,False,False,False,False,False,False,False,False,False,False,False,False,False,False,True,False,283463.0,1
16196,7,1998,1998,1482,1494,2,2,5,1,0.0,1998.0,1443,25,4,4,4,3,2,5,False,False,False,False,False,False,False,False,False,False,False,False,False,False,False,False,False,False,False,False,True,False,False,False,False,215000.0,1
5250,8,1872,1987,684,2358,0,2,8,0,0.0,1980.0,259,54,3,3,3,0,0,2,False,False,False,False,False,False,False,False,False,False,False,False,False,False,False,False,False,True,False,False,False,False,False,False,False,122000.0,0
11643,5,1969,1969,1248,2634,4,2,12,0,368.0,1969.0,500,0,3,3,3,3,0,3,False,False,False,False,False,False,False,False,False,False,False,False,True,False,False,False,False,False,False,False,False,False,False,False,False,200000.0,1
9247,6,1962,1962,858,1716,2,1,8,1,318.0,1962.0,319,84,3,3,3,3,4,5,False,False,False,False,False,False,False,False,False,False,False,False,True,False,False,False,False,False,False,False,False,False,False,False,False,171000.0,1
6000,6,1937,2000,698,1176,2,1,4,0,0.0,1999.0,0,0,4,3,3,3,0,3,False,False,False,True,False,False,False,False,False,False,False,False,False,False,False,False,False,False,False,False,False,False,False,False,False,134900.0,0
14720,8,1995,1996,2033,3238,3,2,9,1,579.0,1996.0,816,86,4,4,4,3,5,5,False,False,False,False,False,False,False,False,False,False,False,False,False,False,False,True,False,False,False,False,False,False,False,False,False,410000.0,1
10316,7,2000,2000,992,1865,3,2,7,1,0.0,2000.0,735,184,4,4,4,3,3,5,False,False,False,False,False,True,False,False,False,False,False,False,False,False,False,False,False,False,False,False,False,False,False,False,False,235000.0,1
10192,7,1968,1992,570,1920,2,3,8,1,143.0,1968.0,0,98,3,4,3,3,3,4,False,False,False,False,False,False,False,False,False,False,False,False,False,False,True,False,False,False,False,False,False,False,False,False,False,170000.0,1
9477,5,1966,1966,864,892,1,1,5,0,65.0,1966.0,340,0,3,3,3,3,0,3,False,False,False,False,False,False,False,False,False,False,False,False,True,False,False,False,False,False,False,False,False,False,False,False,False,110000.0,0
12537,5,1971,2008,1078,1078,2,1,6,1,0.0,1971.0,734,0,3,3,3,3,2,5,False,False,False,False,False,False,False,False,False,False,False,False,True,False,False,False,False,False,False,False,False,False,False,False,False,149900.0,0
2117,6,2000,2000,756,1573,2,2,5,0,216.0,2000.0,378,32,4,4,4,3,0,5,False,False,False,False,False,False,False,False,False,False,False,False,False,False,False,False,False,False,False,False,False,True,False,False,False,177500.0,1
16737,9,2004,2005,1980,1980,3,2,8,1,66.0,2004.0,1447,45,4,5,5,3,4,5,False,False,False,False,False,False,False,False,False,False,False,False,False,False,False,False,True,False,False,False,False,False,False,False,False,315000.0,1
9842,5,1921,1998,612,2601,2,3,8,0,0.0,1998.0,0,0,3,3,3,3,0,5,False,False,False,False,False,False,False,False,False,False,False,False,False,False,False,False,False,False,True,False,False,False,False,False,False,189000.0,1
16158,7,2005,2005,1530,1530,2,2,7,1,16.0,2005.0,1274,36,4,4,5,3,4,5,False,False,False,False,False,False,False,False,False,False,False,False,False,False,False,False,False,False,False,False,False,False,True,False,False,260000.0,1
12513,4,1920,2007,715,1738,1,2,7,1,0.0,1920.0,0,0,3,3,3,3,4,4,False,False,False,False,False,False,False,False,False,False,False,False,True,False,False,False,False,False,False,False,False,False,False,False,False,104900.0,0
8499,6,2006,2007,616,1412,2,2,6,1,0.0,2007.0,0,36,3,4,4,3,4,5,False,False,False,False,False,False,False,False,True,False,False,False,False,False,False,False,False,False,False,False,False,False,False,False,False,156932.0,0
3180,7,2005,2005,600,1200,2,2,4,0,0.0,2005.0,0,166,4,4,4,3,0,5,False,False,False,False,False,False,False,False,False,False,False,False,False,False,False,False,False,False,False,False,False,True,False,False,False,144152.0,0
7500,7,2000,2000,814,1674,2,2,7,0,0.0,2000.0,533,96,4,4,4,3,0,5,False,False,False,False,False,False,False,False,False,False,False,False,False,False,False,False,False,False,False,False,False,True,False,False,False,216000.0,1
9179,7,1999,1999,873,1790,2,2,7,0,158.0,1999.0,633,88,4,4,4,3,0,5,False,False,False,False,False,True,False,False,False,False,False,False,False,False,False,False,False,False,False,False,False,False,False,False,False,193000.0,1
2665,5,1977,1977,757,1475,1,2,6,1,0.0,1977.0,548,26,3,3,3,3,3,5,False,False,False,False,False,False,False,False,False,False,True,False,False,False,False,False,False,False,False,False,False,False,False,False,False,127000.0,0
4435,6,2003,2004,848,848,2,1,4,0,170.0,2003.0,685,0,4,4,4,3,0,5,False,False,False,False,False,True,False,False,False,False,False,False,False,False,False,False,False,False,False,False,False,False,False,False,False,144000.0,0
10635,8,2003,2003,1657,1668,2,2,8,1,171.0,2003.0,370,262,4,4,4,3,3,5,False,False,False,False,False,True,False,False,False,False,False,False,False,False,False,False,False,False,False,False,False,False,False,False,False,232000.0,1
5400,4,1920,1950,840,1374,1,1,6,0,0.0,1967.0,315,0,2,3,3,3,0,5,False,False,False,False,False,False,False,False,False,False,False,False,False,False,False,False,False,True,False,False,False,False,False,False,False,105000.0,0
9600,6,1955,1996,992,1661,1,1,8,1,0.0,1955.0,831,28,3,4,3,3,3,4,False,False,False,False,False,False,False,False,False,False,False,False,True,False,False,False,False,False,False,False,False,False,False,False,False,165500.0,1
9750,7,1998,1998,1108,2097,2,2,8,1,0.0,1998.0,975,170,3,4,4,3,3,5,False,False,False,False,False,True,False,False,False,False,False,False,False,False,False,False,False,False,False,False,False,False,False,False,False,274300.0,1
11400,10,2001,2002,2633,2633,3,2,8,2,705.0,2001.0,1282,140,5,5,5,3,4,5,False,False,False,False,False,False,False,False,False,False,False,False,False,False,False,True,False,False,False,False,False,False,False,False,False,466500.0,1
10625,7,2005,2005,1026,1958,3,2,9,1,0.0,2005.0,0,210,4,4,4,3,4,5,False,False,False,False,False,False,False,False,False,False,False,False,False,False,False,False,False,False,False,False,False,True,False,False,False,250000.0,1
10991,8,2007,2007,1571,1571,3,2,7,1,80.0,2007.0,0,36,4,4,4,3,4,5,False,False,False,False,False,False,False,False,False,False,False,False,False,False,False,False,False,False,False,False,False,False,False,True,False,239000.0,1
6292,6,1930,1950,768,790,1,1,4,0,0.0,1925.0,384,141,3,3,4,2,0,3,False,False,False,False,False,False,False,False,False,False,False,False,False,False,False,False,False,False,True,False,False,False,False,False,False,91000.0,0
10998,5,1941,1960,984,1604,2,2,6,0,0.0,1977.0,408,68,3,3,3,3,0,5,False,False,False,False,False,False,False,True,False,False,False,False,False,False,False,False,False,False,False,False,False,False,False,False,False,117000.0,0
1953,6,1973,1973,483,987,1,1,5,0,408.0,1973.0,309,0,3,3,3,3,0,3,False,False,True,False,False,False,False,False,False,False,False,False,False,False,False,False,False,False,False,False,False,False,False,False,False,83000.0,0
9735,5,2006,2007,384,1394,2,2,7,0,0.0,2007.0,0,0,3,4,4,3,0,4,False,False,False,False,False,False,False,False,False,False,False,False,False,False,False,False,False,False,False,False,False,False,False,True,False,167500.0,1
8212,3,1914,1950,864,864,1,1,5,0,0.0,1938.0,203,0,3,3,3,3,0,3,False,False,False,False,False,False,False,True,False,False,False,False,False,False,False,False,False,False,False,False,False,False,False,False,False,58500.0,0
12925,6,1970,1970,1205,2117,2,2,7,2,0.0,1970.0,865,42,3,3,3,3,4,5,False,False,False,False,False,False,False,False,False,False,False,False,True,False,False,False,False,False,False,False,False,False,False,False,False,237500.0,1
7200,7,1920,1950,596,1762,2,1,8,0,0.0,1989.0,0,0,3,4,2,3,0,5,False,False,False,False,False,False,False,False,False,False,False,False,False,False,False,False,False,True,False,False,False,False,False,False,False,157000.0,0
25339,5,1918,2007,816,1416,2,2,7,0,0.0,2007.0,0,0,3,4,3,3,0,5,False,False,False,False,False,False,False,False,False,False,False,False,False,False,False,False,False,False,False,True,False,False,False,False,False,112000.0,0
9060,6,1939,1950,560,1258,1,1,6,0,0.0,1939.0,204,0,3,3,3,3,0,3,False,False,False,False,False,False,False,True,False,False,False,False,False,False,False,False,False,False,False,False,False,False,False,False,False,105000.0,0
5436,4,1922,2007,796,1154,1,1,7,0,0.0,1922.0,735,96,3,4,3,3,0,4,False,False,False,False,False,False,False,False,False,True,False,False,False,False,False,False,False,False,False,False,False,False,False,False,False,125500.0,0
16692,7,1978,1978,1392,2784,2,3,12,2,184.0,1978.0,790,112,3,4,4,3,3,3,False,False,False,False,False,False,False,False,False,False,False,False,False,False,True,False,False,False,False,False,False,False,False,False,False,250000.0,1
8520,6,1916,1950,714,2526,1,2,10,1,0.0,1916.0,168,15,3,4,3,3,4,3,False,False,False,False,False,False,False,False,False,False,False,False,False,False,False,False,False,True,False,False,False,False,False,False,False,136000.0,0
14892,9,2006,2007,1746,1746,3,2,7,2,160.0,2006.0,1320,39,5,5,5,3,4,5,False,False,False,False,False,False,False,False,True,False,False,False,False,False,False,False,False,False,False,False,False,False,False,False,False,377500.0,1
6000,6,1941,1950,735,1218,2,1,6,1,0.0,2003.0,375,0,3,3,3,3,4,5,False,False,False,True,False,False,False,False,False,False,False,False,False,False,False,False,False,False,False,False,False,False,False,False,False,131000.0,0
9100,7,2000,2000,1525,1525,2,2,6,0,244.0,2000.0,1400,36,4,4,4,3,0,5,False,False,False,False,False,True,False,False,False,False,False,False,False,False,False,False,False,False,False,False,False,False,False,False,False,235000.0,1
8944,5,1967,1967,1584,1584,3,2,8,0,0.0,1967.0,0,152,3,3,3,3,0,3,False,False,False,False,False,False,False,False,False,False,False,False,True,False,False,False,False,False,False,False,False,False,False,False,False,124000.0,0
7838,5,1967,1967,864,900,1,1,6,1,0.0,1967.0,769,144,3,3,3,3,1,3,False,False,False,False,False,False,False,False,False,False,False,False,True,False,False,False,False,False,False,False,False,False,False,False,False,123000.0,0
10800,6,1905,2000,482,1912,2,2,7,1,0.0,2003.0,0,25,3,3,2,4,3,5,False,False,False,False,False,False,False,False,False,False,False,False,False,False,False,False,False,True,False,False,False,False,False,False,False,163000.0,0
4045,7,2006,2006,1356,1500,3,2,6,1,45.0,2006.0,1070,20,4,4,4,3,4,5,True,False,False,False,False,False,False,False,False,False,False,False,False,False,False,False,False,False,False,False,False,False,False,False,False,246578.0,1
12665,8,2005,2006,1094,2482,3,2,9,1,245.0,2005.0,0,39,4,4,4,3,4,5,False,False,False,False,False,False,False,False,False,False,False,False,False,False,False,False,False,False,False,False,False,False,False,True,False,281213.0,1
57200,5,1948,1950,747,1687,2,1,7,2,0.0,1966.0,353,0,3,3,3,3,3,3,False,False,False,False,False,False,False,False,False,False,False,False,False,False,False,False,False,False,False,False,False,False,False,True,False,160000.0,0
6120,5,1920,2004,939,1513,1,1,8,0,0.0,1933.0,0,0,3,3,3,2,0,5,False,False,False,True,False,False,False,False,False,False,False,False,False,False,False,False,False,False,False,False,False,False,False,False,False,137500.0,0
7200,5,1950,1982,1208,1904,1,1,7,0,0.0,1950.0,180,0,3,3,3,3,0,4,False,False,False,False,False,False,False,False,False,False,False,False,True,False,False,False,False,False,False,False,False,False,False,False,False,138000.0,0
6171,6,1925,1990,976,1608,1,2,7,1,0.0,1925.0,264,16,3,4,3,2,4,5,False,False,False,False,False,False,False,False,False,False,False,False,False,False,False,False,False,False,True,False,False,False,False,False,False,137450.0,0
6000,6,1929,1950,862,1158,1,1,5,1,0.0,1929.0,0,0,3,3,3,3,4,3,False,False,False,True,False,False,False,False,False,False,False,False,False,False,False,False,False,False,False,False,False,False,False,False,False,120000.0,0
7415,6,2004,2004,839,1593,2,2,8,1,0.0,2004.0,759,75,3,3,3,3,3,5,False,False,False,False,False,False,False,False,True,False,False,False,False,False,False,False,False,False,False,False,False,False,False,False,False,193000.0,1
6762,7,2006,2006,1286,1294,2,2,6,1,0.0,2006.0,0,55,4,4,4,3,4,5,False,False,False,False,False,True,False,False,False,False,False,False,False,False,False,False,False,False,False,False,False,False,False,False,False,193879.0,1
15256,8,2007,2007,1485,1464,3,2,6,0,84.0,2007.0,929,160,4,4,4,3,0,5,False,False,False,False,False,False,False,False,False,False,False,False,False,False,False,False,False,False,False,False,False,True,False,False,False,282922.0,1
10410,3,1915,1950,672,1214,3,1,6,0,0.0,1998.0,0,0,3,3,3,3,0,3,False,False,False,False,False,False,False,False,False,False,False,False,False,False,False,False,False,True,False,False,False,False,False,False,False,105000.0,0
3842,8,2004,2005,1594,1646,2,2,5,1,174.0,2004.0,1373,53,4,4,5,3,4,5,False,False,False,False,False,False,True,False,False,False,False,False,False,False,False,False,False,False,False,False,False,False,False,False,False,275000.0,1
8445,5,1972,2007,768,768,2,1,5,0,0.0,1988.0,656,0,3,3,4,3,0,3,False,False,False,False,False,True,False,False,False,False,False,False,False,False,False,False,False,False,False,False,False,False,False,False,False,133000.0,0
8780,5,1985,1985,833,833,0,1,5,0,0.0,1980.0,625,0,3,3,3,0,0,5,False,False,False,False,False,False,False,False,False,False,False,True,False,False,False,False,False,False,False,False,False,False,False,False,False,112000.0,0
7740,4,1910,1950,622,1363,2,1,6,0,0.0,1966.0,0,0,3,3,2,3,0,4,False,False,False,False,False,False,False,False,False,False,False,False,False,False,False,False,False,True,False,False,False,False,False,False,False,125500.0,0
20544,7,1986,1991,791,2093,2,2,7,1,123.0,1986.0,0,63,3,3,4,3,3,4,False,False,False,False,False,False,False,False,False,False,False,False,False,False,True,False,False,False,False,False,False,False,False,False,False,215000.0,1
12420,7,2001,2001,944,1840,2,2,6,0,0.0,2001.0,666,45,4,4,4,3,0,5,False,False,False,False,False,True,False,False,False,False,False,False,False,False,False,False,False,False,False,False,False,False,False,False,False,230000.0,1
9600,6,1950,2005,856,1668,1,1,6,0,0.0,1950.0,120,0,3,3,3,3,0,5,False,False,False,False,False,False,False,False,False,False,False,False,True,False,False,False,False,False,False,False,False,False,False,False,False,140000.0,0
7200,4,1949,1950,0,1040,2,2,6,0,0.0,1956.0,0,0,3,3,0,3,0,2,False,False,False,False,False,False,False,False,False,False,False,False,True,False,False,False,False,False,False,False,False,False,False,False,False,90000.0,0
10994,8,2005,2006,1844,1844,2,2,7,1,366.0,2005.0,976,44,4,4,4,3,4,5,False,False,False,False,False,False,False,False,False,False,False,False,False,False,False,False,False,False,False,False,True,False,False,False,False,257000.0,1
13053,6,1923,2000,833,1848,2,1,8,1,0.0,1922.0,0,0,3,4,3,3,4,4,False,False,False,True,False,False,False,False,False,False,False,False,False,False,False,False,False,False,False,False,False,False,False,False,False,207000.0,1
3635,7,2007,2007,1386,1569,3,2,7,1,130.0,2007.0,988,20,4,4,4,3,3,5,True,False,False,False,False,False,False,False,False,False,False,False,False,False,False,False,False,False,False,False,False,False,False,False,False,175900.0,1
11340,4,1885,1950,777,2290,2,2,11,0,0.0,1971.0,0,0,3,3,3,3,0,4,False,False,False,False,False,False,False,False,False,False,False,False,False,False,False,False,False,True,False,False,False,False,False,False,False,122500.0,0
16545,8,1998,1998,1284,2450,3,2,7,1,731.0,1998.0,781,126,4,4,4,3,3,5,False,False,False,False,False,False,False,False,False,False,False,False,False,False,False,True,False,False,False,False,False,False,False,False,False,340000.0,1
9204,5,1963,1963,1144,1144,1,1,6,0,0.0,1962.0,25,88,3,3,3,3,0,3,False,False,False,False,False,False,False,False,False,False,False,False,True,False,False,False,False,False,False,False,False,False,False,False,False,124000.0,0
16381,6,1969,1969,1844,1844,2,2,7,1,312.0,1969.0,1110,73,4,4,3,3,3,4,False,False,False,False,False,False,True,False,False,False,False,False,False,False,False,False,False,False,False,False,False,False,False,False,False,223000.0,1
11700,6,1968,1968,708,1416,2,2,7,1,420.0,1968.0,404,169,3,3,3,3,3,4,False,False,False,False,False,False,False,False,False,False,False,False,False,False,True,False,False,False,False,False,False,False,False,False,False,179900.0,1
4043,6,1977,1977,1069,1069,2,2,4,1,0.0,1977.0,360,55,3,3,4,3,2,3,False,False,False,False,False,False,False,False,False,False,False,False,False,True,False,False,False,False,False,False,False,False,False,False,False,127500.0,0
4435,6,2003,2003,848,848,2,1,3,0,170.0,2003.0,686,0,4,4,4,3,0,5,False,False,False,False,False,True,False,False,False,False,False,False,False,False,False,False,False,False,False,False,False,False,False,False,False,136500.0,0
19690,6,1966,1966,697,2201,2,2,8,1,0.0,1966.0,0,236,4,4,4,4,4,3,False,False,False,False,False,False,False,True,False,False,False,False,False,False,False,False,False,False,False,False,False,False,False,False,False,274970.0,1
9503,5,1958,1983,1024,1344,1,1,6,1,0.0,1970.0,457,28,3,3,3,3,3,3,False,False,False,False,False,False,False,False,False,False,False,False,True,False,False,False,False,False,False,False,False,False,False,False,False,144000.0,0
10721,6,1959,1959,1252,1252,2,1,7,0,243.0,1960.0,0,39,4,4,3,3,0,5,False,False,False,False,False,False,False,False,False,False,False,False,True,False,False,False,False,False,False,False,False,False,False,False,False,142000.0,0
10944,7,1994,1994,1223,2127,2,2,5,2,448.0,1994.0,1000,132,4,4,4,3,3,5,False,False,False,False,False,False,False,False,False,False,False,False,False,False,False,True,False,False,False,False,False,False,False,False,False,271000.0,1
10930,5,1945,1950,913,1558,1,1,6,1,0.0,1962.0,580,0,3,3,3,3,3,3,False,False,False,False,False,False,False,False,False,False,False,False,True,False,False,False,False,False,False,False,False,False,False,False,False,140000.0,0
7200,5,1940,1992,788,804,1,1,4,2,294.0,1940.0,510,0,3,4,3,3,4,3,False,False,False,False,False,False,False,False,False,False,False,False,False,False,False,False,False,True,False,False,False,False,False,False,False,119000.0,0
12546,6,1981,1981,1440,1440,2,2,7,1,310.0,1981.0,678,0,4,4,4,3,3,5,False,False,False,False,False,False,False,False,False,False,False,False,False,False,True,False,False,False,False,False,False,False,False,False,False,182900.0,1
21930,5,2005,2005,732,1838,2,2,7,1,0.0,2005.0,0,40,4,3,4,3,4,5,False,False,False,False,False,False,False,False,True,False,False,False,False,False,False,False,False,False,False,False,False,False,False,False,False,192140.0,1
4928,6,1976,1976,958,958,2,2,5,0,0.0,1976.0,958,60,3,3,4,3,0,3,False,False,False,False,False,False,False,False,False,False,False,False,False,True,False,False,False,False,False,False,False,False,False,False,False,143750.0,0
10800,4,1927,2007,656,968,1,2,5,0,0.0,1928.0,0,0,3,3,3,2,0,3,False,False,False,False,False,False,False,False,False,False,False,False,False,False,False,False,False,True,False,False,False,False,False,False,False,64500.0,0
10261,6,2000,2000,936,1792,2,2,8,1,318.0,2000.0,0,0,3,3,4,3,3,5,False,False,False,False,False,False,False,False,True,False,False,False,False,False,False,False,False,False,False,False,False,False,False,False,False,186500.0,1
17400,5,1977,1977,1126,1126,2,2,5,1,0.0,1977.0,936,41,3,3,3,3,4,2,False,False,False,False,False,False,False,False,False,False,False,True,False,False,False,False,False,False,False,False,False,False,False,False,False,160000.0,0
8400,6,1962,2005,1319,1537,2,1,7,1,237.0,1962.0,0,36,4,4,3,3,4,3,False,False,False,False,False,False,False,False,False,False,False,False,True,False,False,False,False,False,False,False,False,False,False,False,False,174000.0,1
9000,4,1971,1971,864,864,2,1,5,0,0.0,1974.0,616,0,3,3,3,3,0,3,False,False,False,False,False,False,False,False,False,False,False,False,True,False,False,False,False,False,False,False,False,False,False,False,False,120500.0,0
12444,8,2008,2008,1932,1932,3,2,7,1,426.0,2008.0,1336,66,5,5,5,3,4,5,False,False,False,False,False,False,False,False,False,False,False,False,False,False,False,False,True,False,False,False,False,False,False,False,False,394617.0,1
7407,6,1957,1996,912,1236,2,1,6,0,0.0,1957.0,600,158,3,3,3,3,0,3,False,False,False,False,False,False,False,False,False,False,False,False,False,False,False,False,False,True,False,False,False,False,False,False,False,149700.0,0
11584,7,1979,1979,539,1725,2,2,6,1,96.0,1979.0,315,88,3,3,3,3,3,3,False,False,False,False,False,False,False,False,False,False,False,False,False,False,True,False,False,False,False,False,False,False,False,False,False,197000.0,1
11526,6,1922,1994,588,2555,2,2,11,1,0.0,1993.0,0,0,3,3,5,3,4,2,False,False,False,False,False,False,True,False,False,False,False,False,False,False,False,False,False,False,False,False,False,False,False,False,False,191000.0,1
4426,6,2004,2004,848,848,2,1,3,1,147.0,2004.0,697,0,4,4,4,3,3,5,False,False,False,False,False,True,False,False,False,False,False,False,False,False,False,False,False,False,False,False,False,False,False,False,False,149300.0,0
11003,10,2008,2008,1017,2007,3,2,10,1,160.0,2008.0,765,52,5,5,5,3,5,5,False,False,False,False,False,False,False,False,False,False,False,False,False,False,False,False,False,False,False,False,False,True,False,False,False,310000.0,1
8854,6,1916,1950,952,952,1,1,4,1,0.0,1916.0,0,98,3,2,3,2,4,2,False,False,False,True,False,False,False,False,False,False,False,False,False,False,False,False,False,False,False,False,False,False,False,False,False,121000.0,0
8500,7,2004,2004,1422,1422,2,2,7,0,106.0,2004.0,0,60,4,4,4,3,0,5,False,False,False,False,False,True,False,False,False,False,False,False,False,False,False,False,False,False,False,False,False,False,False,False,False,179600.0,1
8400,6,1966,1966,814,913,1,1,6,0,0.0,1990.0,187,0,3,3,3,3,0,4,False,False,False,False,False,False,False,False,False,False,False,False,False,False,False,False,False,False,False,True,False,False,False,False,False,129000.0,0
26142,5,1962,1962,1188,1188,1,1,6,0,189.0,1962.0,593,39,3,3,3,3,0,3,False,False,False,False,False,False,False,False,False,False,False,True,False,False,False,False,False,False,False,False,False,False,False,False,False,157900.0,0
10000,8,1995,1996,1220,2090,2,2,8,1,438.0,1995.0,1079,65,4,4,4,3,3,5,False,False,False,False,False,True,False,False,False,False,False,False,False,False,False,False,False,False,False,False,False,False,False,False,False,240000.0,1
11767,4,1910,2000,560,1346,1,1,6,0,0.0,1950.0,0,24,3,3,2,2,0,4,False,False,False,False,False,False,False,True,False,False,False,False,False,False,False,False,False,False,False,False,False,False,False,False,False,112000.0,0
1533,5,1970,1970,630,630,0,1,3,0,0.0,1980.0,553,0,3,5,4,0,0,5,False,False,False,False,False,False,False,False,False,False,True,False,False,False,False,False,False,False,False,False,False,False,False,False,False,92000.0,0
9000,5,1974,1974,896,1792,0,2,8,0,0.0,1980.0,0,45,3,3,4,0,0,3,False,False,False,False,False,False,False,False,False,False,False,False,True,False,False,False,False,False,False,False,False,False,False,False,False,136000.0,0
9262,8,2008,2009,1573,1578,3,2,7,1,194.0,2008.0,0,36,4,5,4,3,4,5,False,False,False,False,False,False,False,False,False,False,False,False,False,False,False,False,False,False,False,False,False,True,False,False,False,287090.0,1
3675,5,2005,2005,547,1072,2,1,5,0,80.0,2005.0,547,28,3,3,4,3,0,4,False,False,False,False,False,False,False,True,False,False,False,False,False,False,False,False,False,False,False,False,False,False,False,False,False,145000.0,0
17217,5,2006,2006,1140,1140,0,1,6,0,0.0,1980.0,0,56,3,3,4,0,0,5,False,False,False,False,False,False,False,False,False,False,False,True,False,False,False,False,False,False,False,False,False,False,False,False,False,84500.0,0
7500,7,2004,2005,1221,1221,2,2,6,0,0.0,2004.0,410,113,4,4,4,3,0,5,False,False,False,False,False,False,False,False,False,False,False,False,False,False,False,False,False,False,False,False,False,True,False,False,False,185000.0,1
7917,6,1999,2000,953,1647,2,2,7,1,0.0,1999.0,0,40,3,3,4,3,3,5,False,False,False,False,False,False,False,False,True,False,False,False,False,False,False,False,False,False,False,False,False,False,False,False,False,175000.0,1
13175,6,1978,1988,1542,2073,2,2,7,2,119.0,1978.0,790,0,3,3,4,3,3,3,False,False,False,False,False,False,False,False,False,False,False,False,False,False,True,False,False,False,False,False,False,False,False,False,False,210000.0,1
9042,7,1941,2006,1152,2340,1,2,9,2,0.0,1941.0,275,60,5,4,3,3,4,5,False,False,False,False,False,False,True,False,False,False,False,False,False,False,False,False,False,False,False,False,False,False,False,False,False,266500.0,1
9717,5,1950,1996,1078,1078,1,1,5,0,0.0,1950.0,49,0,3,4,3,3,0,4,False,False,False,False,False,False,False,False,False,False,False,False,True,False,False,False,False,False,False,False,False,False,False,False,False,142125.0,0
9937,5,1965,1965,1256,1256,1,1,6,0,0.0,1965.0,830,68,4,3,3,3,0,4,False,False,False,False,False,False,False,True,False,False,False,False,False,False,False,False,False,False,False,False,False,False,False,False,False,147500.0,0
