model,brand,year,price_eur,screen_in,weight_g,battery_mah,thickness_mm,camera_mp,res_w,res_h,ppi,storage_gb,ram_gb,is_oled,is_5g,has_nfc,has_jack,chipset,is_tablet
ZTE Blade S6,ZTE,2015.0,220.0,5.0,154.0,2400.0,7.7,13.0,720.0,1280.0,293.7209560109731,16.0,2.0,0.0,0.0,0.0,1.0,Qualcomm MSM8939 Snapdragon 615 (28 nm),0.0
ZTE V5 Lux,ZTE,2015.0,210.0,5.0,165.0,2400.0,9.0,13.0,720.0,1280.0,293.7209560109731,8.0,1.0,0.0,0.0,0.0,1.0,Qualcomm MSM8916 Snapdragon 410 (28 nm),0.0
ZTE Blade G,ZTE,2015.0,70.0,4.0,120.0,1200.0,9.8,2.0,480.0,800.0,233.23807579381202,4.0,0.5,0.0,0.0,0.0,1.0,Mediatek MT6572M (28 nm),0.0
ZTE Blade G Lux,ZTE,2015.0,100.0,4.5,135.0,1850.0,9.1,5.0,480.0,854.0,217.70021294442822,4.0,0.5,0.0,0.0,0.0,1.0,Mediatek MT6572 (28 nm),0.0
ZTE Blade L3 Plus,ZTE,2015.0,100.0,5.0,150.0,2000.0,9.0,13.0,720.0,1280.0,293.7209560109731,8.0,1.0,0.0,0.0,0.0,1.0,Mediatek MT6582 (28 nm),0.0
ZTE nubia Z9 mini,ZTE,2015.0,170.0,5.0,147.0,2900.0,8.2,16.0,1080.0,1920.0,440.58143401645964,16.0,2.0,0.0,0.0,0.0,1.0,Qualcomm MSM8939 Snapdragon 615 (28 nm),0.0
ZTE nubia Z9 Max,ZTE,2015.0,200.0,5.5,165.0,2900.0,7.9,16.0,1080.0,1920.0,400.52857637859967,16.0,3.0,0.0,0.0,1.0,1.0,Qualcomm MSM8994 Snapdragon 810 (20 nm),0.0
ZTE Blade S6 Plus,ZTE,2015.0,280.0,5.5,139.3,3000.0,7.7,13.0,720.0,1280.0,267.0190509190665,16.0,2.0,0.0,0.0,0.0,1.0,Qualcomm MSM8939 Snapdragon 615 (28 nm),0.0
ZTE nubia Z9,ZTE,2015.0,350.0,5.2,192.0,2900.0,8.9,16.0,1080.0,1920.0,423.6359942465958,64.0,4.0,0.0,0.0,1.0,1.0,Qualcomm MSM8994 Snapdragon 810 (20 nm),0.0
ZTE Blade Qlux 4G,ZTE,2015.0,70.0,4.5,154.0,2200.0,10.3,8.0,480.0,854.0,217.70021294442822,8.0,1.0,0.0,0.0,0.0,1.0,Mediatek MT6732M (28 nm),0.0
ZTE Blade Q Pro,ZTE,2015.0,100.0,4.5,166.0,1800.0,9.5,8.0,480.0,854.0,217.70021294442822,8.0,1.0,0.0,0.0,0.0,1.0,Spreadtrum SC7731,0.0
ZTE Maven,ZTE,2015.0,50.0,4.5,133.5,2100.0,9.9,5.0,480.0,854.0,217.70021294442822,8.0,1.0,0.0,0.0,0.0,1.0,Qualcomm MSM8916 Snapdragon 410 (28 nm),0.0
ZTE Blade Apex 3,ZTE,2015.0,110.0,4.5,149.0,2000.0,9.6,5.0,480.0,854.0,217.70021294442822,8.0,1.0,0.0,0.0,0.0,1.0,Qualcomm MSM8916 Snapdragon 410 (28 nm),0.0
ZTE Grand X2,ZTE,2015.0,130.0,5.0,145.0,2480.0,9.3,8.0,720.0,1280.0,293.7209560109731,16.0,2.0,0.0,0.0,0.0,1.0,Qualcomm MSM8926 Snapdragon 400 (28 nm),0.0
ZTE Obsidian,ZTE,2015.0,130.0,4.5,137.5,1800.0,10.2,5.0,480.0,854.0,217.70021294442822,4.0,1.0,0.0,0.0,0.0,1.0,Mediatek MT6735M (28 nm),0.0
ZTE Blade A410,ZTE,2015.0,100.0,4.0,131.0,1500.0,10.2,5.0,480.0,800.0,233.23807579381202,8.0,1.0,0.0,0.0,0.0,1.0,Mediatek MT6735M (28 nm),0.0
ZTE Axon Pro,ZTE,2015.0,290.0,5.5,172.9,3000.0,9.4,13.0,1440.0,2560.0,534.038101838133,64.0,4.0,0.0,0.0,1.0,1.0,Qualcomm MSM8994 Snapdragon 810 (20 nm),0.0
ZTE Blade D6,ZTE,2015.0,100.0,5.0,122.0,2200.0,6.8,13.0,720.0,1280.0,293.7209560109731,16.0,2.0,0.0,0.0,1.0,1.0,Mediatek MT6735 (28 nm),0.0
ZTE Boost Max+,ZTE,2015.0,180.0,5.7,194.8,3400.0,10.2,8.0,720.0,1280.0,257.6499614131343,16.0,2.0,0.0,0.0,0.0,1.0,,0.0
ZTE Axon Lux,ZTE,2015.0,300.0,5.5,168.0,3000.0,9.7,13.0,1440.0,2560.0,534.038101838133,128.0,4.0,0.0,0.0,1.0,1.0,Qualcomm MSM8994 Snapdragon 810 (20 nm),0.0
ZTE nubia My Prague,ZTE,2015.0,290.0,5.2,140.0,2200.0,5.5,13.0,1080.0,1920.0,423.6359942465958,32.0,3.0,1.0,0.0,0.0,1.0,Qualcomm MSM8939 Snapdragon 615 (28 nm),0.0
ZTE Zmax 2,ZTE,2015.0,130.0,5.5,170.1,3000.0,9.4,8.0,720.0,1280.0,267.0190509190665,16.0,2.0,0.0,0.0,0.0,1.0,Qualcomm MSM8916 Snapdragon 410 (28 nm),0.0
ZTE Axon mini,ZTE,2015.0,300.0,5.2,140.0,2800.0,7.9,13.0,1080.0,1920.0,423.6359942465958,32.0,3.0,1.0,0.0,0.0,1.0,Qualcomm MSM8939v2 Snapdragon 616 (28 nm),0.0
ZTE Blade S7,ZTE,2015.0,280.0,5.0,131.0,2500.0,7.2,13.0,1080.0,1920.0,440.58143401645964,32.0,3.0,0.0,0.0,0.0,1.0,Qualcomm MSM8939 Snapdragon 615 (28 nm),0.0
ZTE Axon,ZTE,2015.0,290.0,5.5,169.8,3000.0,9.4,13.0,1080.0,1920.0,400.52857637859967,32.0,2.0,0.0,0.0,1.0,1.0,Qualcomm MSM8974 Snapdragon 801 (28 nm),0.0
ZTE Blade X9,ZTE,2015.0,170.0,5.5,160.0,3000.0,8.6,13.0,1080.0,1920.0,400.52857637859967,16.0,2.0,0.0,0.0,0.0,1.0,Qualcomm MSM8939 Snapdragon 615 (28 nm),0.0
ZTE Avid Plus,ZTE,2016.0,110.0,5.0,164.4,2300.0,10.9,5.0,480.0,854.0,195.93019164998537,8.0,1.0,0.0,0.0,0.0,1.0,Qualcomm MSM8909 Snapdragon 210 (28 nm),0.0
ZTE Grand X 3,ZTE,2016.0,120.0,5.5,170.1,3080.0,9.4,8.0,720.0,1280.0,267.0190509190665,16.0,2.0,0.0,0.0,0.0,1.0,Qualcomm MSM8909 Snapdragon 210 (28 nm),0.0
ZTE nubia Prague S,ZTE,2016.0,250.0,5.2,135.0,2200.0,6.8,13.0,1080.0,1920.0,423.6359942465958,64.0,3.0,1.0,0.0,0.0,1.0,Qualcomm MSM8939 Snapdragon 615 (28 nm),0.0
ZTE Blade V7 Lite,ZTE,2016.0,120.0,5.0,135.0,2500.0,7.9,13.0,720.0,1280.0,293.7209560109731,16.0,2.0,0.0,0.0,0.0,1.0,Mediatek MT6735P (28 nm),0.0
ZTE Blade A2,ZTE,2016.0,130.0,5.0,135.0,2500.0,7.9,13.0,720.0,1280.0,293.7209560109731,16.0,2.0,0.0,0.0,0.0,1.0,Mediatek MT6750 (28 nm),0.0
ZTE Blade A910,ZTE,2016.0,140.0,5.5,135.0,2540.0,6.9,13.0,720.0,1280.0,267.0190509190665,16.0,2.0,1.0,0.0,0.0,1.0,Mediatek MT6735 (28 nm),0.0
ZTE Blade V7,ZTE,2016.0,150.0,5.2,136.0,2500.0,7.5,13.0,1080.0,1920.0,423.6359942465958,16.0,2.0,0.0,0.0,0.0,1.0,Mediatek MT6753 (28 nm),0.0
ZTE Blade A512,ZTE,2016.0,120.0,5.2,130.0,2540.0,7.6,13.0,720.0,1280.0,282.42399616439724,16.0,2.0,0.0,0.0,0.0,1.0,Qualcomm MSM8917 Snapdragon 425 (28 nm),0.0
ZTE Blade V Plus,ZTE,2016.0,200.0,5.5,164.0,3000.0,8.6,13.0,1080.0,1920.0,400.52857637859967,16.0,2.0,0.0,0.0,0.0,1.0,"Mediatek MT6753
Qualcomm MSM8939 Snapdragon 615 (28 nm)",0.0
ZTE Blade L5 Plus,ZTE,2016.0,90.0,5.0,160.0,2150.0,8.3,8.0,720.0,1280.0,293.7209560109731,8.0,1.0,0.0,0.0,0.0,1.0,Mediatek MT6580 (28 nm),0.0
ZTE nubia Z11 mini,ZTE,2016.0,160.0,5.0,138.0,2800.0,8.0,16.0,1080.0,1920.0,440.58143401645964,64.0,3.0,0.0,0.0,0.0,1.0,Qualcomm MSM8952 Snapdragon 617 (28 nm),0.0
ZTE Blade L110 (A110),ZTE,2016.0,70.0,4.0,110.0,1400.0,10.4,5.0,480.0,800.0,233.23807579381202,8.0,1.0,0.0,0.0,0.0,1.0,Spreadtrum SC7731G,0.0
ZTE nubia Z11,ZTE,2016.0,280.0,5.5,162.0,3000.0,7.5,16.0,1080.0,1920.0,400.52857637859967,64.0,6.0,0.0,0.0,1.0,1.0,Qualcomm MSM8996 Snapdragon 820 (14 nm),0.0
ZTE Axon 7,ZTE,2016.0,240.0,5.5,175.0,3250.0,7.9,20.0,1440.0,2560.0,534.038101838133,64.0,4.0,1.0,0.0,1.0,1.0,Qualcomm MSM8996 Snapdragon 820 (14 nm),0.0
ZTE nubia Z11 Max,ZTE,2016.0,200.0,6.0,185.0,4000.0,7.4,16.0,1080.0,1920.0,367.1511950137164,64.0,4.0,1.0,0.0,0.0,1.0,Qualcomm MSM8976 Snapdragon 652 (28 nm),0.0
ZTE nubia N1,ZTE,2016.0,230.0,5.5,190.0,5000.0,8.9,13.0,1080.0,1920.0,400.52857637859967,64.0,3.0,0.0,0.0,0.0,1.0,Mediatek MT6755 Helio P10 (28 nm),0.0
ZTE Warp 7,ZTE,2016.0,110.0,5.5,158.8,3000.0,9.1,13.0,720.0,1280.0,267.0190509190665,16.0,2.0,0.0,0.0,0.0,1.0,,0.0
ZTE Axon 7 mini,ZTE,2016.0,220.0,5.2,153.0,2705.0,7.8,16.0,1080.0,1920.0,423.6359942465958,32.0,3.0,1.0,0.0,1.0,1.0,Qualcomm MSM8952 Snapdragon 617 (28 nm),0.0
ZTE nubia Z11 mini S,ZTE,2016.0,220.0,5.2,158.0,3000.0,7.6,23.0,1080.0,1920.0,423.6359942465958,128.0,4.0,0.0,0.0,1.0,1.0,Qualcomm MSM8953 Snapdragon 625 (14 nm),0.0
ZTE Grand X4,ZTE,2016.0,200.0,5.5,162.0,3140.0,9.1,13.0,720.0,1280.0,267.0190509190665,16.0,2.0,0.0,0.0,0.0,1.0,Qualcomm MSM8917 Snapdragon 425 (28 nm),0.0
ZTE Axon 7 Max,ZTE,2016.0,350.0,6.0,196.0,4100.0,8.2,13.0,1080.0,1920.0,367.1511950137164,64.0,4.0,0.0,0.0,0.0,1.0,Qualcomm MSM8953 Snapdragon 625 (14 nm),0.0
ZTE Blade V8,ZTE,2017.0,250.0,5.2,141.0,2730.0,7.7,13.0,1080.0,1920.0,423.6359942465958,32.0,3.0,0.0,0.0,0.0,1.0,Qualcomm MSM8940 Snapdragon 435 (28 nm),0.0
ZTE Blade V8 Pro,ZTE,2017.0,200.0,5.5,185.0,3140.0,9.1,13.0,1080.0,1920.0,400.52857637859967,32.0,3.0,0.0,0.0,1.0,1.0,Qualcomm MSM8953 Snapdragon 625 (14 nm),0.0
ZTE Blade A2 Plus,ZTE,2017.0,150.0,5.5,189.0,5000.0,9.8,13.0,1080.0,1920.0,400.52857637859967,32.0,4.0,0.0,0.0,0.0,1.0,Mediatek MT6750T (28 nm),0.0
ZTE Blade V8 Lite,ZTE,2017.0,150.0,5.0,136.0,2500.0,8.0,8.0,720.0,1280.0,293.7209560109731,16.0,2.0,0.0,0.0,0.0,1.0,Mediatek MT6750 (28 nm),0.0
ZTE Blade V8 Mini,ZTE,2017.0,160.0,5.0,141.0,2800.0,8.9,13.0,720.0,1280.0,293.7209560109731,16.0,2.0,0.0,0.0,0.0,1.0,Qualcomm MSM8940 Snapdragon 435 (28 nm),0.0
ZTE nubia N1 lite,ZTE,2017.0,130.0,5.5,171.0,3000.0,8.4,8.0,720.0,1280.0,267.0190509190665,16.0,2.0,0.0,0.0,0.0,1.0,Mediatek MT6737 (28 nm),0.0
ZTE Blade A520,ZTE,2017.0,80.0,5.0,130.0,2400.0,8.4,8.0,720.0,1280.0,293.7209560109731,16.0,2.0,0.0,0.0,0.0,1.0,Mediatek MT6737 (28 nm),0.0
ZTE nubia Z17 mini,ZTE,2017.0,170.0,5.2,155.0,2950.0,7.5,13.0,1080.0,1920.0,423.6359942465958,64.0,6.0,0.0,0.0,1.0,1.0,"Qualcomm MSM8976 Snapdragon 652 (28 nm) - Standard edition
Qualcomm MSM8976 Pro Snapdragon 653 (28 nm) - High edition",0.0
ZTE Max XL,ZTE,2017.0,120.0,6.0,180.0,3990.0,9.4,13.0,1080.0,1920.0,367.1511950137164,32.0,2.0,0.0,0.0,0.0,1.0,Qualcomm MSM8940 Snapdragon 435 (28 nm),0.0
ZTE Axon 7s,ZTE,2017.0,450.0,5.5,170.0,3400.0,7.9,12.0,1440.0,2560.0,534.038101838133,128.0,6.0,1.0,0.0,1.0,1.0,Qualcomm MSM8996 Snapdragon 821 (14 nm),0.0
ZTE nubia Z17,ZTE,2017.0,300.0,5.5,173.0,3200.0,7.6,12.0,1080.0,1920.0,400.52857637859967,128.0,8.0,0.0,0.0,1.0,0.0,Qualcomm MSM8998 Snapdragon 835 (10 nm),0.0
ZTE nubia M2 lite,ZTE,2017.0,120.0,5.5,164.0,3000.0,7.5,13.0,720.0,1280.0,267.0190509190665,64.0,4.0,0.0,0.0,0.0,1.0,Mediatek MT6750 (28 nm),0.0
ZTE nubia M2,ZTE,2017.0,300.0,5.5,168.0,3630.0,7.0,13.0,1080.0,1920.0,400.52857637859967,64.0,4.0,1.0,0.0,0.0,1.0,Qualcomm MSM8953 Snapdragon 625 (14 nm),0.0
ZTE nubia N2,ZTE,2017.0,260.0,5.5,180.0,5000.0,7.9,13.0,720.0,1280.0,267.0190509190665,64.0,4.0,1.0,0.0,0.0,1.0,Mediatek MT6750 (28 nm),0.0
ZTE Blade V7 Plus,ZTE,2017.0,180.0,5.2,136.0,2540.0,8.0,13.0,1080.0,1920.0,423.6359942465958,32.0,3.0,0.0,0.0,0.0,1.0,Mediatek MT6753 (28 nm),0.0
ZTE Grand X View 2,ZTE,2017.0,160.0,8.0,330.0,4620.0,9.4,5.0,800.0,1280.0,188.67962264113208,8.0,1.0,0.0,0.0,0.0,1.0,Qualcomm MSM8909 Snapdragon 210 (28 nm),0.0
ZTE Blade A601,ZTE,2016.0,80.0,5.0,152.0,4000.0,9.5,8.0,720.0,1280.0,293.7209560109731,8.0,1.0,0.0,0.0,0.0,1.0,,0.0
ZTE Tempo X,ZTE,2017.0,70.0,5.0,141.8,2200.0,9.1,5.0,480.0,854.0,195.93019164998537,8.0,1.0,0.0,0.0,0.0,1.0,Qualcomm MSM8909 Snapdragon 210 (28 nm),0.0
ZTE Blade Force,ZTE,2017.0,110.0,5.5,170.1,3000.0,9.1,8.0,720.0,1280.0,267.0190509190665,16.0,2.0,0.0,0.0,0.0,1.0,Qualcomm MSM8920 Snapdragon 427 (28 nm),0.0
ZTE Blade Z Max,ZTE,2017.0,110.0,6.0,175.0,4080.0,8.4,16.0,1080.0,1920.0,367.1511950137164,32.0,2.0,0.0,0.0,0.0,1.0,Qualcomm MSM8940 Snapdragon 435 (28 nm),0.0
ZTE nubia Z17 lite,ZTE,2017.0,250.0,5.5,168.0,3200.0,7.6,13.0,1080.0,1920.0,400.52857637859967,64.0,6.0,0.0,0.0,1.0,1.0,Qualcomm MSM8976 Pro Snapdragon 653 (28 nm),0.0
ZTE nubia Z17 miniS,ZTE,2017.0,200.0,5.2,155.0,3200.0,7.6,13.0,1080.0,1920.0,423.6359942465958,64.0,6.0,0.0,0.0,1.0,0.0,Qualcomm MSM8976 Pro Snapdragon 653 (28 nm),0.0
ZTE nubia Z17s,ZTE,2017.0,360.0,5.73,170.0,3100.0,8.5,12.0,1080.0,2040.0,402.8352683072533,128.0,8.0,0.0,0.0,1.0,0.0,Qualcomm MSM8998 Snapdragon 835 (10 nm),0.0
ZTE Axon M,ZTE,2017.0,400.0,5.2,230.0,3180.0,12.2,20.0,1080.0,1920.0,423.6359942465958,64.0,4.0,0.0,0.0,0.0,1.0,Qualcomm MSM8996 Snapdragon 821 (14 nm),0.0
ZTE Blade X,ZTE,2017.0,100.0,5.5,156.0,3000.0,8.9,13.0,720.0,1280.0,267.0190509190665,16.0,2.0,0.0,0.0,0.0,1.0,Qualcomm MSM8917 Snapdragon 425 (28 nm),0.0
ZTE Maven 2,ZTE,2017.0,80.0,5.0,166.0,2300.0,11.0,5.0,480.0,854.0,195.93019164998537,8.0,1.0,0.0,0.0,0.0,1.0,Qualcomm MSM8909 Snapdragon 210 (28 nm),0.0
ZTE Blade A6,ZTE,2017.0,190.0,5.2,160.0,5000.0,8.5,13.0,720.0,1280.0,282.42399616439724,32.0,3.0,0.0,0.0,0.0,1.0,Qualcomm MSM8940 Snapdragon 435 (28 nm),0.0
ZTE Blade A3,ZTE,2017.0,150.0,5.5,164.0,4000.0,8.2,13.0,720.0,1280.0,267.0190509190665,32.0,3.0,0.0,0.0,0.0,1.0,Mediatek MT6737T (28 nm),0.0
ZTE Blade V9,ZTE,2018.0,150.0,5.7,140.0,3100.0,7.5,16.0,1080.0,2160.0,423.6760378420654,64.0,4.0,0.0,0.0,1.0,1.0,Qualcomm SDM450 Snapdragon 450 (14 nm),0.0
ZTE Blade V9 Vita,ZTE,2018.0,120.0,5.45,135.0,3200.0,7.6,13.0,720.0,1440.0,295.40714565134834,32.0,3.0,0.0,0.0,1.0,1.0,Qualcomm MSM8940 Snapdragon 435 (28 nm),0.0
ZTE nubia N3,ZTE,2018.0,300.0,6.01,190.0,5000.0,8.5,16.0,1080.0,2160.0,401.82253173041147,64.0,4.0,0.0,0.0,0.0,1.0,Qualcomm MSM8953 Snapdragon 625 (14 nm),0.0
ZTE nubia V18,ZTE,2018.0,200.0,6.01,170.0,4000.0,7.8,13.0,1080.0,2160.0,401.82253173041147,64.0,4.0,0.0,0.0,0.0,1.0,Qualcomm MSM8953 Snapdragon 625 (14 nm),0.0
ZTE nubia Z18 mini,ZTE,2018.0,260.0,5.7,153.0,3450.0,7.6,24.0,1080.0,2160.0,423.6760378420654,128.0,6.0,0.0,0.0,0.0,1.0,Qualcomm SDM660 Snapdragon 660 (14 nm),0.0
ZTE Blade A7,ZTE,2019.0,80.0,6.09,146.0,3200.0,7.9,16.0,720.0,1560.0,282.1245529709626,64.0,3.0,0.0,0.0,0.0,1.0,Mediatek MT6771 Helio P60 (12 nm),0.0
ZTE Blade A7 Vita,ZTE,2018.0,150.0,5.45,135.0,3200.0,7.9,13.0,720.0,1440.0,295.40714565134834,32.0,3.0,0.0,0.0,0.0,1.0,Qualcomm MSM8917 Snapdragon 425 (28 nm),0.0
ZTE nubia Red Magic,ZTE,2018.0,400.0,6.0,185.0,3800.0,9.5,24.0,1080.0,2160.0,402.49223594996215,128.0,8.0,0.0,0.0,0.0,1.0,Qualcomm MSM8998 Snapdragon 835 (10 nm),0.0
ZTE Axon 9 Pro,ZTE,2018.0,650.0,6.21,179.0,4000.0,7.9,12.0,1080.0,2248.0,401.6060445003491,128.0,6.0,1.0,0.0,1.0,0.0,Qualcomm SDM845 Snapdragon 845 (10 nm),0.0
ZTE nubia Z18,ZTE,2018.0,400.0,5.99,172.0,3450.0,8.6,24.0,1080.0,2160.0,403.16417624370166,128.0,8.0,0.0,0.0,0.0,0.0,Qualcomm SDM845 Snapdragon 845 (10 nm),0.0
ZTE nubia X,ZTE,2018.0,450.0,6.26,181.0,3800.0,8.4,16.0,1080.0,2280.0,403.01206469575664,512.0,8.0,0.0,0.0,0.0,0.0,Qualcomm SDM845 Snapdragon 845 (10 nm),0.0
ZTE nubia Red Magic Mars,ZTE,2018.0,420.0,6.0,193.0,3800.0,9.9,16.0,1080.0,2160.0,402.49223594996215,256.0,10.0,0.0,0.0,0.0,1.0,Qualcomm SDM845 Snapdragon 845 (10 nm),0.0
ZTE Axon 10 Pro,ZTE,2019.0,470.0,6.47,175.0,4000.0,7.9,48.0,1080.0,2340.0,398.33196157492176,256.0,12.0,1.0,0.0,1.0,0.0,Qualcomm SM8150 Snapdragon 855 (7 nm),0.0
ZTE Axon 10 Pro 5G,ZTE,2019.0,900.0,6.47,175.0,4000.0,7.9,48.0,1080.0,2340.0,398.33196157492176,256.0,12.0,1.0,1.0,1.0,0.0,Qualcomm SM8150 Snapdragon 855 (7 nm),0.0
ZTE Avid 559,ZTE,2019.0,40.0,5.0,145.0,2200.0,9.4,5.0,480.0,854.0,195.93019164998537,16.0,2.0,0.0,0.0,0.0,1.0,Qualcomm MSM8909 Snapdragon 210 (28 nm),0.0
ZTE nubia Red Magic 3,ZTE,2019.0,500.0,6.65,215.0,5000.0,9.7,48.0,1080.0,2340.0,387.55004381800654,256.0,12.0,1.0,0.0,0.0,1.0,Qualcomm SM8150 Snapdragon 855 (7 nm),0.0
ZTE Blade L8,ZTE,2019.0,60.0,5.0,144.0,2000.0,10.5,8.0,480.0,960.0,214.6625258399798,16.0,1.0,0.0,0.0,0.0,1.0,Unisoc SC7731E (28nm),0.0
ZTE Blade A3 (2019),ZTE,2019.0,60.0,5.0,144.0,2000.0,10.5,8.0,480.0,960.0,214.6625258399798,32.0,1.0,0.0,0.0,0.0,1.0,Unisoc SC9832E (28nm),0.0
ZTE Blade A5 (2019),ZTE,2019.0,80.0,5.45,157.0,2600.0,9.6,13.0,720.0,1440.0,295.40714565134834,16.0,2.0,0.0,0.0,0.0,1.0,Unisoc SC9863A (28nm),0.0
ZTE nubia Z20,ZTE,2019.0,550.0,6.42,186.0,4000.0,9.0,48.0,1080.0,2340.0,401.4342354189632,512.0,8.0,1.0,0.0,0.0,0.0,Qualcomm SM8150 Snapdragon 855+ (7 nm),0.0
ZTE nubia Red Magic 3s,ZTE,2019.0,820.0,6.65,215.0,5000.0,9.7,48.0,1080.0,2340.0,387.55004381800654,256.0,12.0,1.0,0.0,0.0,1.0,Qualcomm SM8150 Snapdragon 855+ (7 nm),0.0
ZTE Blade 20,ZTE,2019.0,130.0,6.49,190.0,5000.0,9.0,16.0,720.0,1560.0,264.736290846404,128.0,4.0,0.0,0.0,0.0,1.0,Mediatek MT6771 Helio P60 (12 nm),0.0
ZTE Blade 10 Prime,ZTE,2019.0,160.0,6.3,165.0,3200.0,7.9,16.0,1080.0,2280.0,400.4532579357836,64.0,3.0,0.0,0.0,1.0,1.0,Mediatek MT6771 Helio P60 (12 nm),0.0
ZTE Blade A7 Prime,ZTE,2019.0,90.0,6.09,165.0,3200.0,8.1,16.0,720.0,1560.0,282.1245529709626,32.0,3.0,0.0,0.0,0.0,1.0,Mediatek MT6761 Helio A22 (12 nm),0.0
ZTE Blade Max View,ZTE,2019.0,90.0,6.0,160.0,4000.0,8.1,16.0,1080.0,2160.0,402.49223594996215,32.0,3.0,0.0,0.0,0.0,1.0,Qualcomm MSM8940 Snapdragon 435 (28 nm),0.0
ZTE nubia Red Magic 5G,ZTE,2020.0,818.8000000000001,6.65,218.0,4500.0,9.8,64.0,1080.0,2340.0,387.55004381800654,256.0,16.0,1.0,1.0,1.0,1.0,Qualcomm SM8250 Snapdragon 865 5G (7 nm+),0.0
ZTE Axon 11 5G,ZTE,2020.0,490.0,6.47,168.0,4000.0,7.9,64.0,1080.0,2340.0,398.33196157492176,256.0,8.0,1.0,1.0,1.0,0.0,Qualcomm SM7250 Snapdragon 765G 5G (7 nm),0.0
ZTE Axon 11 4G,ZTE,2020.0,280.0,6.47,168.0,4000.0,7.9,48.0,1080.0,2340.0,398.33196157492176,128.0,6.0,1.0,0.0,0.0,0.0,Mediatek MT6771 Helio P70 (12nm),0.0
ZTE nubia Play,ZTE,2020.0,310.0,6.65,210.0,5100.0,9.1,48.0,1080.0,2340.0,387.55004381800654,256.0,8.0,1.0,1.0,1.0,0.0,Qualcomm SM7250 Snapdragon 765G 5G (7 nm),0.0
ZTE Blade A3 Prime,ZTE,2020.0,50.0,5.45,163.0,2660.0,9.7,8.0,720.0,1440.0,295.40714565134834,32.0,2.0,0.0,0.0,0.0,1.0,Mediatek MT6761 Helio A22 (12 nm),0.0
ZTE Blade A3 Joy,ZTE,2020.0,50.0,5.5,162.0,2650.0,7.9,8.0,720.0,1440.0,292.721626145427,32.0,2.0,0.0,0.0,0.0,1.0,Mediatek MT6761D Helio A20 (12 nm),0.0
ZTE Axon 11 SE 5G,ZTE,2020.0,250.0,6.53,184.0,4000.0,8.8,48.0,1080.0,2340.0,394.6719435512624,128.0,6.0,0.0,1.0,0.0,1.0,MediaTek MT6873 Dimensity 800 (7 nm),0.0
ZTE nubia Red Magic 5G Lite,ZTE,2020.0,600.0,6.65,215.0,5100.0,9.1,48.0,1080.0,2340.0,387.55004381800654,256.0,8.0,1.0,1.0,1.0,0.0,Qualcomm SM7250 Snapdragon 765G 5G (7 nm),0.0
ZTE nubia Red Magic 5S,ZTE,2020.0,540.0,6.65,220.0,4500.0,9.8,64.0,1080.0,2340.0,387.55004381800654,256.0,16.0,1.0,1.0,1.0,1.0,Qualcomm SM8250 Snapdragon 865 5G (7 nm+),0.0
ZTE Gabb Z2,ZTE,2020.0,140.0,5.45,162.0,2650.0,9.7,8.0,720.0,1440.0,295.40714565134834,32.0,2.0,0.0,0.0,0.0,1.0,Mediatek MT6761 Helio A22 (12 nm),0.0
ZTE Quest 5,ZTE,2020.0,80.0,5.0,143.0,2000.0,10.6,5.0,480.0,960.0,214.6625258399798,16.0,1.0,0.0,0.0,0.0,1.0,Mediatek MT6739 (28 nm),0.0
ZTE Axon 20 4G,ZTE,2020.0,370.0,6.92,198.0,4220.0,8.0,64.0,1080.0,2460.0,388.2418470041291,128.0,6.0,1.0,0.0,1.0,0.0,Unisoc UMS512T / Tiger T618 (12 nm),0.0
ZTE Axon 20 5G,ZTE,2020.0,720.0,6.92,198.0,4220.0,8.0,64.0,1080.0,2460.0,388.2418470041291,256.0,8.0,1.0,1.0,1.0,0.0,Qualcomm SM7250 Snapdragon 765G 5G (7 nm),0.0
ZTE Axon 20 5G Extreme,ZTE,2020.0,440.0,6.92,198.0,4220.0,8.0,64.0,1080.0,2460.0,388.2418470041291,256.0,12.0,1.0,1.0,1.0,0.0,Qualcomm SM7250 Snapdragon 765G 5G (7 nm),0.0
ZTE Blade A5 2020,ZTE,2020.0,120.0,6.09,155.0,3200.0,8.0,13.0,720.0,1560.0,282.1245529709626,64.0,2.0,0.0,0.0,0.0,1.0,Unisoc SC9863A (28nm),0.0
ZTE Blade A3Y,ZTE,2020.0,50.0,5.5,162.0,2660.0,9.7,8.0,720.0,1440.0,292.721626145427,32.0,2.0,0.0,0.0,0.0,1.0,Mediatek MT6761 Helio A22 (12 nm),0.0
ZTE Blade 20 5G,ZTE,2020.0,220.0,6.52,188.0,4000.0,8.9,16.0,720.0,1600.0,269.1007631835743,128.0,6.0,0.0,1.0,0.0,1.0,MediaTek MT6853V Dimensity 720 (7 nm),0.0
ZTE Blade A7s 2020,ZTE,2020.0,120.0,6.5,182.0,4000.0,8.2,16.0,720.0,1560.0,264.3290042451019,64.0,3.0,0.0,0.0,1.0,1.0,Unisoc SC9863A (28nm),0.0
ZTE Blade V2020 5G,ZTE,2020.0,180.0,6.53,184.0,4000.0,8.8,48.0,1080.0,2340.0,394.6719435512624,128.0,6.0,0.0,1.0,0.0,1.0,MediaTek MT6873 Dimensity 800 (7 nm),0.0
ZTE Blade 20 Pro 5G,ZTE,2020.0,350.0,6.47,168.0,4000.0,7.9,64.0,1080.0,2340.0,398.33196157492176,128.0,8.0,1.0,1.0,1.0,0.0,Qualcomm SM7250 Snapdragon 765G 5G (7 nm),0.0
ZTE Blade X1 5G,ZTE,2021.0,320.0,6.5,190.0,4000.0,9.2,48.0,1080.0,2340.0,396.4935063676529,128.0,6.0,0.0,1.0,1.0,1.0,Qualcomm SM7250 Snapdragon 765G 5G (7 nm),0.0
ZTE nubia Red Magic 6,ZTE,2021.0,818.8000000000001,6.8,220.0,5050.0,9.7,64.0,1080.0,2400.0,387.03021528461136,256.0,12.0,1.0,1.0,1.0,1.0,Qualcomm SM8350 Snapdragon 888 5G (5 nm),0.0
ZTE nubia Red Magic 6 Pro,ZTE,2021.0,960.0,6.8,220.0,5050.0,9.7,64.0,1080.0,2400.0,387.03021528461136,512.0,18.0,1.0,1.0,1.0,1.0,Qualcomm SM8350 Snapdragon 888 5G (5 nm),0.0
ZTE S30 SE,ZTE,2021.0,220.0,6.67,210.0,6000.0,9.6,48.0,1080.0,2400.0,394.57353282389164,128.0,6.0,0.0,1.0,0.0,1.0,MediaTek MT6833 Dimensity 700 (7 nm),0.0
ZTE S30,ZTE,2021.0,290.0,6.67,184.0,4000.0,7.9,64.0,1080.0,2400.0,394.57353282389164,256.0,8.0,0.0,1.0,0.0,1.0,Qualcomm SM7125 Snapdragon 720G (8 nm),0.0
ZTE S30 Pro,ZTE,2021.0,390.0,6.67,183.0,4200.0,7.8,64.0,1080.0,2400.0,394.57353282389164,256.0,8.0,1.0,1.0,0.0,0.0,Qualcomm SDM768 Snapdragon 768G 5G (7 nm),0.0
ZTE Axon 30 Pro 5G,ZTE,2021.0,400.0,6.67,186.0,4200.0,7.9,64.0,1080.0,2400.0,394.57353282389164,256.0,8.0,1.0,1.0,1.0,0.0,Qualcomm SM8350 Snapdragon 888 5G (5 nm),0.0
ZTE Axon 30 Ultra 5G,ZTE,2021.0,579.0,6.67,188.0,4600.0,8.0,64.0,1080.0,2400.0,394.57353282389164,1024.0,18.0,1.0,1.0,1.0,0.0,Qualcomm SM8350 Snapdragon 888 5G (5 nm),0.0
ZTE Blade 11 Prime,ZTE,2021.0,160.0,6.52,190.0,4000.0,8.7,16.0,720.0,1600.0,269.1007631835743,64.0,4.0,0.0,0.0,0.0,1.0,Mediatek MT6762 Helio P22 (12 nm),0.0
ZTE nubia Z30 Pro,ZTE,2021.0,640.0,6.67,198.0,4200.0,8.5,64.0,1080.0,2400.0,394.57353282389164,512.0,16.0,1.0,1.0,1.0,0.0,Qualcomm SM8350 Snapdragon 888 5G (5 nm),0.0
ZTE nubia Red Magic 6R,ZTE,2021.0,500.0,6.67,186.0,4200.0,7.8,64.0,1080.0,2400.0,394.57353282389164,256.0,12.0,1.0,1.0,1.0,0.0,Qualcomm SM8350 Snapdragon 888 5G (5 nm),0.0
ZTE Blade V30,ZTE,2021.0,200.0,6.67,193.0,5000.0,8.9,64.0,1080.0,2400.0,394.57353282389164,128.0,4.0,0.0,0.0,0.0,1.0,Unisoc Tiger T618 (12 nm),0.0
ZTE Axon 30 5G,ZTE,2021.0,500.0,6.92,189.0,4200.0,7.8,64.0,1080.0,2460.0,388.2418470041291,256.0,12.0,1.0,1.0,1.0,0.0,Qualcomm SM8250-AC Snapdragon 870 5G (7 nm),0.0
ZTE nubia Red Magic 6s,ZTE,2021.0,500.0,6.8,215.0,5050.0,9.5,64.0,1080.0,2400.0,387.03021528461136,256.0,16.0,1.0,1.0,1.0,1.0,Qualcomm SM8350 Snapdragon 888+ 5G (5 nm),0.0
ZTE nubia Red Magic 6s Pro,ZTE,2021.0,600.0,6.8,215.0,5050.0,9.5,64.0,1080.0,2400.0,387.03021528461136,512.0,18.0,1.0,1.0,1.0,1.0,Qualcomm SM8350 Snapdragon 888+ 5G (5 nm),0.0
ZTE Blade L9,ZTE,2021.0,70.0,5.0,143.0,2000.0,10.0,5.0,480.0,960.0,214.6625258399798,32.0,1.0,0.0,0.0,0.0,1.0,Unisoc SC7731e,0.0
ZTE Blade A31 Lite,ZTE,2021.0,80.0,5.0,143.0,2000.0,10.5,5.0,480.0,960.0,214.6625258399798,32.0,1.0,0.0,0.0,0.0,1.0,Unisoc SC9832E (28nm),0.0
ZTE Blade A71,ZTE,2021.0,129.0,6.52,180.0,4000.0,8.2,16.0,720.0,1600.0,269.1007631835743,64.0,3.0,0.0,0.0,1.0,1.0,Unisoc SC9863A (28nm),0.0
ZTE Avid 589,ZTE,2021.0,60.0,5.5,167.0,3000.0,7.9,8.0,720.0,1440.0,292.721626145427,32.0,2.0,0.0,0.0,0.0,1.0,Mediatek MT6762D Helio P22 (12 nm),0.0
ZTE Voyage 20 Pro,ZTE,2021.0,310.0,6.67,190.0,5100.0,8.3,64.0,1080.0,2400.0,394.57353282389164,256.0,8.0,1.0,1.0,0.0,0.0,MediaTek MT6853V Dimensity 720 (7 nm),0.0
ZTE Blade A7P,ZTE,2021.0,110.0,6.52,170.0,3200.0,8.3,13.0,720.0,1600.0,269.1007631835743,32.0,3.0,0.0,0.0,0.0,0.0,Mediatek MT6762D Helio P22 (12 nm),0.0
ZTE Blade A3 Plus,ZTE,2022.0,70.0,5.0,188.0,2050.0,10.5,5.0,480.0,960.0,214.6625258399798,16.0,2.0,0.0,0.0,0.0,1.0,Mediatek MT6739W (28 nm),0.0
ZTE nubia Red Magic 7,ZTE,2022.0,630.0,6.8,215.0,4500.0,9.5,64.0,1080.0,2400.0,387.03021528461136,512.0,18.0,1.0,1.0,1.0,1.0,Qualcomm SM8450 Snapdragon 8 Gen 1 (4 nm),0.0
ZTE nubia Red Magic 7 Pro,ZTE,2022.0,800.0,6.8,235.0,5000.0,10.0,64.0,1080.0,2400.0,387.03021528461136,1024.0,18.0,1.0,1.0,1.0,1.0,Qualcomm SM8450 Snapdragon 8 Gen 1 (4 nm),0.0
ZTE Blade V40 Vita,ZTE,2022.0,130.0,6.75,214.3,6000.0,9.4,48.0,720.0,1600.0,259.93140384546734,128.0,4.0,0.0,0.0,0.0,1.0,Unisoc T606 (12 nm),0.0
ZTE nubia Z40 Pro,ZTE,2022.0,500.0,6.67,199.0,5000.0,8.4,64.0,1080.0,2400.0,394.57353282389164,1024.0,16.0,1.0,1.0,1.0,0.0,Qualcomm SM8450 Snapdragon 8 Gen 1 (4 nm),0.0
ZTE Axon 40 Ultra,ZTE,2022.0,707.48,6.8,204.0,5000.0,8.4,64.0,1116.0,2480.0,399.931222460765,1024.0,16.0,1.0,1.0,1.0,0.0,Qualcomm SM8450 Snapdragon 8 Gen 1 (4 nm),0.0
ZTE Axon 40 Pro,ZTE,2022.0,602.0,6.67,199.0,5000.0,8.7,108.0,1080.0,2400.0,394.57353282389164,512.0,12.0,1.0,1.0,1.0,0.0,Qualcomm SM8250-AC Snapdragon 870 5G (7 nm),0.0
ZTE Blade A52,ZTE,2022.0,90.0,6.52,214.0,5000.0,9.4,13.0,720.0,1600.0,269.1007631835743,64.0,2.0,0.0,0.0,1.0,1.0,Unisoc SC9863A (28nm),0.0
ZTE Blade A72,ZTE,2022.0,110.0,6.75,214.0,6000.0,9.4,13.0,1080.0,2400.0,389.8971057682011,128.0,3.0,0.0,0.0,0.0,1.0,Unisoc SC9863A (28nm),0.0
ZTE Blade A72 5G,ZTE,2022.0,145.0,6.52,211.0,4000.0,9.2,13.0,720.0,1600.0,269.1007631835743,128.0,6.0,0.0,1.0,1.0,1.0,MediaTek MT6833 Dimensity 700 (7 nm),0.0
ZTE V40 Pro,ZTE,2022.0,350.0,6.67,190.0,5100.0,8.3,64.0,1080.0,2400.0,394.57353282389164,128.0,6.0,1.0,0.0,0.0,1.0,Unisoc Tiger T618 (12 nm),0.0
ZTE nubia Red Magic 7S,ZTE,2022.0,590.0,6.8,215.0,4500.0,9.5,64.0,1080.0,2400.0,387.03021528461136,512.0,16.0,1.0,1.0,1.0,1.0,Qualcomm SM8475 Snapdragon 8+ Gen 1 (4 nm),0.0
ZTE nubia Red Magic 7S Pro,ZTE,2022.0,780.0,6.8,235.0,5000.0,10.0,64.0,1080.0,2400.0,387.03021528461136,1024.0,18.0,1.0,1.0,1.0,1.0,Qualcomm SM8475 Snapdragon 8+ Gen 1 (4 nm),0.0
ZTE nubia Z40S Pro,ZTE,2022.0,490.0,6.67,205.0,5000.0,8.1,64.0,1080.0,2400.0,394.57353282389164,1024.0,18.0,1.0,1.0,1.0,0.0,Qualcomm SM8475 Snapdragon 8+ Gen 1 (4 nm),0.0
ZTE Axon 30S,ZTE,2022.0,250.0,6.92,189.0,4200.0,7.8,64.0,1080.0,2460.0,388.2418470041291,256.0,12.0,1.0,1.0,1.0,0.0,Qualcomm SM8250-AC Snapdragon 870 5G (7 nm),0.0
ZTE Blade V40s,ZTE,2022.0,170.0,6.67,184.0,4500.0,7.6,50.0,1080.0,2400.0,394.57353282389164,128.0,6.0,1.0,0.0,1.0,1.0,Unisoc UMS512T T618 (12 nm),0.0
ZTE Axon 40 SE,ZTE,2022.0,300.0,6.67,182.0,4500.0,7.6,50.0,1080.0,2400.0,394.57353282389164,128.0,4.0,1.0,0.0,1.0,1.0,Unisoc UMS512T T618 (12 nm),0.0
ZTE Axon 40 Ultra Space Edition,ZTE,2022.0,800.0,6.8,204.0,5000.0,8.4,64.0,1116.0,2480.0,399.931222460765,1024.0,18.0,1.0,1.0,1.0,0.0,Qualcomm SM8450 Snapdragon 8 Gen 1 (4 nm),0.0
ZTE Voyage 40 Pro+,ZTE,2022.0,300.0,6.67,192.5,4510.0,7.6,64.0,1080.0,2400.0,394.57353282389164,256.0,8.0,1.0,1.0,1.0,0.0,MediaTek MT6833P Dimensity 810 (6 nm),0.0
ZTE nubia Z50,ZTE,2022.0,400.0,6.67,197.0,5000.0,8.5,64.0,1080.0,2400.0,394.57353282389164,1024.0,16.0,1.0,1.0,1.0,0.0,Qualcomm SM8550 Snapdragon 8 Gen 2 (4 nm),0.0
ZTE nubia Red Magic 8 Pro,ZTE,2022.0,550.0,6.8,228.0,6000.0,8.9,50.0,1116.0,2480.0,399.931222460765,256.0,12.0,1.0,1.0,1.0,1.0,Qualcomm SM8550 Snapdragon 8 Gen 2 (4 nm),0.0
ZTE nubia Red Magic 8 Pro+,ZTE,2022.0,700.0,6.8,230.0,5000.0,8.9,50.0,1116.0,2480.0,399.931222460765,1024.0,16.0,1.0,1.0,1.0,1.0,Qualcomm SM8550 Snapdragon 8 Gen 2 (4 nm),0.0
YU Yureka,YU,2015.0,130.0,5.5,155.0,2500.0,6.0,13.0,720.0,1280.0,267.0190509190665,16.0,2.0,0.0,0.0,0.0,1.0,Qualcomm MSM8939 Snapdragon 615 (28 nm),0.0
YU Yuphoria,YU,2015.0,90.0,5.0,143.0,2230.0,8.2,8.0,720.0,1280.0,293.7209560109731,16.0,2.0,0.0,0.0,0.0,1.0,Qualcomm MSM8916 Snapdragon 410 (28 nm),0.0
YU Yunique,YU,2015.0,70.0,4.7,128.0,2000.0,8.3,8.0,720.0,1280.0,312.4691021393331,8.0,1.0,0.0,0.0,0.0,1.0,Qualcomm MSM8916 Snapdragon 410 (28 nm),0.0
YU Yutopia,YU,2015.0,420.0,5.2,159.0,3000.0,7.2,21.0,1440.0,2560.0,564.8479923287945,32.0,4.0,0.0,0.0,0.0,1.0,Qualcomm MSM8994 Snapdragon 810 (20 nm),0.0
YU Yureka Note,YU,2016.0,180.0,6.0,184.0,4000.0,7.9,13.0,1080.0,1920.0,367.1511950137164,16.0,3.0,0.0,0.0,0.0,1.0,Mediatek MT6753 (28 nm),0.0
YU Yunicorn,YU,2016.0,180.0,5.5,172.0,4000.0,8.5,13.0,1080.0,1920.0,400.52857637859967,32.0,4.0,0.0,0.0,0.0,1.0,Mediatek MT6755 Helio P10 (28 nm),0.0
YU Yureka S,YU,2016.0,170.0,5.2,172.0,3000.0,8.8,13.0,1080.0,1920.0,423.6359942465958,16.0,3.0,0.0,0.0,0.0,1.0,Qualcomm MSM8939 Snapdragon 615 (28 nm),0.0
YU Yunique Plus,YU,2016.0,80.0,4.7,128.0,2000.0,,8.0,720.0,1280.0,312.4691021393331,8.0,2.0,0.0,0.0,0.0,1.0,Qualcomm MSM8916 Snapdragon 410 (28 nm),0.0
Yota YotaPhone 3,Yota,2017.0,310.0,5.5,170.0,3300.0,7.9,12.0,1080.0,1920.0,400.52857637859967,128.0,4.0,1.0,0.0,1.0,0.0,Qualcomm MSM8953 Snapdragon 625 (14 nm),0.0
Yezz Max 1,Yezz,2018.0,60.0,5.0,120.0,2000.0,8.8,8.0,480.0,960.0,214.6625258399798,16.0,2.0,0.0,0.0,0.0,1.0,Mediatek MT6580M (28 nm),0.0
Yezz LIV1,Yezz,2019.0,50.0,5.0,133.3,2000.0,9.5,5.0,480.0,960.0,214.6625258399798,16.0,1.0,0.0,0.0,0.0,1.0,Unisoc SC7731E (28nm),0.0
Yezz Max 1 Plus,Yezz,2019.0,80.0,5.45,154.8,2800.0,8.9,8.0,720.0,1440.0,295.40714565134834,16.0,2.0,0.0,0.0,0.0,1.0,Unisoc SC9832E (28nm),0.0
Yezz Art 1 Pro,Yezz,2020.0,100.0,6.53,120.0,4000.0,8.9,16.0,720.0,1560.0,263.1146290341749,64.0,4.0,0.0,0.0,0.0,1.0,MediaTek MT6762D Helio A25 (12 nm),0.0
Yezz Liv 1s,Yezz,2020.0,50.0,4.95,137.0,2000.0,10.0,5.0,480.0,960.0,216.83083418179777,16.0,1.0,0.0,0.0,0.0,1.0,Spreadtrum SC7731E (28nm),0.0
Yezz Max 2 Plus,Yezz,2021.0,70.0,5.5,150.0,2600.0,9.7,13.0,720.0,1440.0,292.721626145427,32.0,2.0,0.0,0.0,0.0,1.0,Unisoc SC9832E (28nm),0.0
Yezz Art 2 Pro,Yezz,2021.0,120.0,6.53,188.0,5000.0,8.8,16.0,720.0,1600.0,268.68866400565156,128.0,4.0,0.0,0.0,0.0,1.0,Unisoc SC9863A (28nm),0.0
Yezz GO 3,Yezz,2021.0,50.0,4.0,84.5,1350.0,9.0,5.0,360.0,640.0,183.5755975068582,8.0,1.0,1.0,0.0,0.0,1.0,Unisoc SC7731e,0.0
Yezz Max 2,Yezz,2021.0,60.0,5.45,170.0,2500.0,10.2,8.0,480.0,960.0,196.9380971008989,32.0,1.0,0.0,0.0,0.0,1.0,Mediatek MT6737M (28 nm),0.0
Yezz EPIC 3,Yezz,2022.0,70.0,7.0,250.0,2500.0,10.6,5.0,600.0,1024.0,169.54777786686512,32.0,2.0,0.0,0.0,0.0,1.0,Allwinner A133,0.0
Yezz Art 3 Lite,Yezz,2022.0,120.0,6.52,154.0,5000.0,10.5,13.0,720.0,1600.0,269.1007631835743,64.0,2.0,0.0,0.0,0.0,1.0,Unisoc SC9832E (28nm),0.0
Xiaomi Redmi 2,Xiaomi,2015.0,130.0,4.7,133.0,2200.0,9.4,8.0,720.0,1280.0,312.4691021393331,16.0,2.0,0.0,0.0,0.0,1.0,Qualcomm MSM8916 Snapdragon 410 (28 nm),0.0
Xiaomi Redmi 2A,Xiaomi,2015.0,130.0,4.7,132.0,2200.0,9.4,8.0,720.0,1280.0,312.4691021393331,8.0,1.0,0.0,0.0,0.0,1.0,Leadcore L1860C,0.0
Xiaomi Mi Note,Xiaomi,2015.0,190.0,5.7,161.0,3000.0,7.0,13.0,1080.0,1920.0,386.47494211970144,64.0,3.0,0.0,0.0,0.0,1.0,Qualcomm MSM8974AC Snapdragon 801 (28 nm),0.0
Xiaomi Mi Note Pro,Xiaomi,2015.0,250.0,5.7,161.0,3000.0,7.0,13.0,1440.0,2560.0,515.2999228262686,64.0,4.0,0.0,0.0,0.0,1.0,Qualcomm MSM8994 Snapdragon 810 (20 nm),0.0
Xiaomi Mi 4i,Xiaomi,2015.0,260.0,5.0,130.0,3120.0,7.8,13.0,1080.0,1920.0,440.58143401645964,32.0,2.0,0.0,0.0,0.0,1.0,Qualcomm MSM8939 Snapdragon 615 (28 nm),0.0
Xiaomi Redmi 2 Prime,Xiaomi,2015.0,120.0,4.7,133.0,2200.0,9.0,8.0,720.0,1280.0,312.4691021393331,16.0,2.0,0.0,0.0,0.0,1.0,Qualcomm MSM8916 Snapdragon 410 (28 nm),0.0
Xiaomi Redmi 2 Pro,Xiaomi,2015.0,100.0,4.7,133.0,2200.0,9.0,8.0,720.0,1280.0,312.4691021393331,16.0,2.0,0.0,0.0,0.0,1.0,Qualcomm MSM8916 Snapdragon 410 (28 nm),0.0
Xiaomi Redmi Note 2,Xiaomi,2015.0,160.0,5.5,160.0,3060.0,8.3,13.0,1080.0,1920.0,400.52857637859967,32.0,2.0,0.0,0.0,0.0,1.0,Mediatek MT6795 Helio X10 (28 nm),0.0
Xiaomi Mi 4c,Xiaomi,2015.0,210.0,5.0,132.0,3080.0,7.8,13.0,1080.0,1920.0,440.58143401645964,32.0,3.0,0.0,0.0,0.0,1.0,Qualcomm MSM8992 Snapdragon 808 (20 nm),0.0
Xiaomi Redmi Note 3 (MediaTek),Xiaomi,2015.0,180.0,5.5,164.0,4000.0,8.7,13.0,1080.0,1920.0,400.52857637859967,32.0,3.0,0.0,0.0,0.0,1.0,Mediatek MT6795 Helio X10 (28 nm),0.0
Xiaomi Redmi Note Prime,Xiaomi,2015.0,140.0,5.5,185.0,3100.0,9.4,13.0,720.0,1280.0,267.0190509190665,16.0,2.0,0.0,0.0,0.0,1.0,Qualcomm MSM8916 Snapdragon 410 (28 nm),0.0
Xiaomi Redmi 3,Xiaomi,2016.0,160.0,5.0,144.0,4100.0,8.5,13.0,720.0,1280.0,293.7209560109731,32.0,3.0,0.0,0.0,0.0,1.0,Qualcomm MSM8939v2 Snapdragon 616 (28 nm),0.0
Xiaomi Redmi Note 3,Xiaomi,2016.0,160.0,5.5,164.0,4050.0,8.7,16.0,1080.0,1920.0,400.52857637859967,32.0,3.0,0.0,0.0,0.0,1.0,Qualcomm MSM8956 Snapdragon 650,0.0
Xiaomi Mi 4s,Xiaomi,2016.0,220.0,5.0,133.0,3260.0,7.8,13.0,1080.0,1920.0,440.58143401645964,64.0,3.0,0.0,0.0,0.0,1.0,Qualcomm MSM8992 Snapdragon 808 (20 nm),0.0
Xiaomi Mi 5,Xiaomi,2016.0,240.0,5.15,129.0,3000.0,7.3,16.0,1080.0,1920.0,427.74896506452393,128.0,4.0,0.0,0.0,1.0,1.0,Qualcomm MSM8996 Snapdragon 820 (14 nm),0.0
Xiaomi Mi Max,Xiaomi,2016.0,150.0,6.44,203.0,4850.0,7.5,16.0,1080.0,1920.0,342.06633075812084,128.0,4.0,0.0,0.0,0.0,1.0,"Qualcomm MSM8956 Snapdragon 650
Qualcomm MSM8976 Snapdragon 652 (28 nm) - Prime model",0.0
Xiaomi Redmi 3 Pro,Xiaomi,2016.0,130.0,5.0,144.0,4100.0,8.5,13.0,720.0,1280.0,293.7209560109731,32.0,3.0,0.0,0.0,0.0,1.0,Qualcomm MSM8939v2 Snapdragon 616 (28 nm),0.0
Xiaomi Redmi 3s,Xiaomi,2016.0,120.0,5.0,144.0,4100.0,8.5,13.0,720.0,1280.0,293.7209560109731,32.0,3.0,0.0,0.0,0.0,1.0,Qualcomm MSM8937 Snapdragon 430 (28 nm),0.0
Xiaomi Redmi 3s Prime,Xiaomi,2016.0,150.0,5.0,144.0,4100.0,8.5,13.0,720.0,1280.0,293.7209560109731,32.0,3.0,0.0,0.0,0.0,1.0,Qualcomm MSM8937 Snapdragon 430 (28 nm),0.0
Xiaomi Redmi 3x,Xiaomi,2016.0,170.0,5.0,144.0,4100.0,8.5,13.0,720.0,1280.0,293.7209560109731,32.0,2.0,0.0,0.0,0.0,1.0,Qualcomm MSM8937 Snapdragon 430 (28 nm),0.0
Xiaomi Redmi Pro,Xiaomi,2016.0,170.0,5.5,174.0,4050.0,8.2,13.0,1080.0,1920.0,400.52857637859967,128.0,4.0,1.0,0.0,0.0,1.0,"Mediatek MT6797T Helio X25 (20 nm) - High & Exclusive editions
Mediatek MT6797 Helio X20 (20 nm) - Standard edition",0.0
Xiaomi Redmi Note 4 (MediaTek),Xiaomi,2016.0,170.0,5.5,175.0,4100.0,8.4,13.0,1080.0,1920.0,400.52857637859967,64.0,4.0,0.0,0.0,0.0,1.0,Mediatek MT6797 Helio X20 (20 nm),0.0
Xiaomi Mi 5s,Xiaomi,2016.0,250.0,5.15,145.0,3200.0,8.3,12.0,1080.0,1920.0,427.74896506452393,128.0,4.0,0.0,0.0,1.0,1.0,Qualcomm MSM8996 Snapdragon 821 (14 nm),0.0
Xiaomi Mi 5s Plus,Xiaomi,2016.0,310.0,5.7,168.0,3800.0,8.0,13.0,1080.0,1920.0,386.47494211970144,128.0,6.0,0.0,0.0,1.0,1.0,Qualcomm MSM8996 Snapdragon 821 (14 nm),0.0
Xiaomi Mi Note 2,Xiaomi,2016.0,310.0,5.7,166.0,4070.0,7.6,22.5,1080.0,1920.0,386.47494211970144,128.0,6.0,1.0,0.0,1.0,1.0,Qualcomm MSM8996 Snapdragon 821 (14 nm),0.0
Xiaomi Mi Mix,Xiaomi,2016.0,390.0,6.4,209.0,4400.0,7.9,16.0,1080.0,2040.0,360.6634511563377,256.0,6.0,0.0,0.0,1.0,1.0,Qualcomm MSM8996 Snapdragon 821 (14 nm),0.0
Xiaomi Redmi 4 Prime,Xiaomi,2016.0,160.0,5.0,156.0,4100.0,8.9,13.0,1080.0,1920.0,440.58143401645964,32.0,3.0,0.0,0.0,0.0,1.0,Qualcomm MSM8953 Snapdragon 625 (14 nm),0.0
Xiaomi Redmi 4 (China),Xiaomi,2016.0,130.0,5.0,156.0,4100.0,8.9,13.0,720.0,1280.0,293.7209560109731,16.0,2.0,0.0,0.0,0.0,1.0,Qualcomm MSM8937 Snapdragon 430 (28 nm),0.0
Xiaomi Redmi 4A,Xiaomi,2016.0,110.0,5.0,131.5,3120.0,8.5,13.0,720.0,1280.0,293.7209560109731,32.0,3.0,0.0,0.0,0.0,1.0,Qualcomm MSM8917 Snapdragon 425 (28 nm),0.0
Xiaomi Redmi Note 4,Xiaomi,2017.0,150.0,5.5,165.0,4100.0,8.5,13.0,1080.0,1920.0,400.52857637859967,64.0,4.0,0.0,0.0,0.0,1.0,Qualcomm MSM8953 Snapdragon 625 (14 nm),0.0
Xiaomi Redmi Note 4X,Xiaomi,2017.0,130.0,5.5,165.0,4100.0,8.5,13.0,1080.0,1920.0,400.52857637859967,64.0,4.0,0.0,0.0,0.0,1.0,Qualcomm MSM8953 Snapdragon 625 (14 nm),0.0
Xiaomi Mi 5c,Xiaomi,2017.0,150.0,5.15,135.0,2860.0,7.1,12.0,1080.0,1920.0,427.74896506452393,64.0,3.0,0.0,0.0,0.0,1.0,Xiaomi Surge S1,0.0
Xiaomi Mi 6,Xiaomi,2017.0,330.0,5.15,168.0,3350.0,7.5,12.0,1080.0,1920.0,427.74896506452393,128.0,6.0,0.0,0.0,1.0,0.0,Qualcomm MSM8998 Snapdragon 835 (10 nm),0.0
Xiaomi Redmi 4 (4X),Xiaomi,2017.0,110.0,5.0,150.0,4100.0,8.7,13.0,720.0,1280.0,293.7209560109731,64.0,4.0,0.0,0.0,0.0,1.0,Qualcomm MSM8940 Snapdragon 435 (28 nm),0.0
Xiaomi Mi Max 2,Xiaomi,2017.0,200.0,6.44,211.0,5300.0,7.6,12.0,1080.0,1920.0,342.06633075812084,128.0,4.0,0.0,0.0,0.0,1.0,Qualcomm MSM8953 Snapdragon 625 (14 nm),0.0
Xiaomi Mi A1 (Mi 5X),Xiaomi,2017.0,170.0,5.5,165.0,3080.0,7.3,12.0,1080.0,1920.0,400.52857637859967,64.0,4.0,0.0,0.0,0.0,1.0,Qualcomm MSM8953 Snapdragon 625 (14 nm),0.0
Xiaomi Mi Mix 2,Xiaomi,2017.0,410.0,5.99,185.0,3400.0,7.7,12.0,1080.0,2160.0,403.16417624370166,256.0,8.0,0.0,0.0,1.0,0.0,Qualcomm MSM8998 Snapdragon 835 (10 nm),0.0
Xiaomi Mi Note 3,Xiaomi,2017.0,280.0,5.5,163.0,3500.0,7.6,12.0,1080.0,1920.0,400.52857637859967,128.0,6.0,0.0,0.0,1.0,0.0,Qualcomm SDM660 Snapdragon 660 (14 nm),0.0
Xiaomi Redmi Y1 Lite,Xiaomi,2017.0,90.0,5.5,150.0,3080.0,7.6,13.0,720.0,1280.0,267.0190509190665,16.0,2.0,0.0,0.0,0.0,1.0,Qualcomm MSM8917 Snapdragon 425 (28 nm),0.0
Xiaomi Redmi Y1 (Note 5A),Xiaomi,2017.0,140.0,5.5,153.0,3080.0,7.7,13.0,720.0,1280.0,267.0190509190665,64.0,4.0,0.0,0.0,0.0,1.0,Qualcomm MSM8940 Snapdragon 435 (28 nm),0.0
Xiaomi Redmi 5A,Xiaomi,2017.0,100.0,5.0,137.0,3000.0,8.4,13.0,720.0,1280.0,293.7209560109731,32.0,3.0,0.0,0.0,0.0,1.0,Qualcomm MSM8917 Snapdragon 425 (28 nm),0.0
Xiaomi Redmi 5,Xiaomi,2017.0,160.0,5.7,157.0,3300.0,7.7,12.0,720.0,1440.0,282.45069189471025,64.0,4.0,0.0,0.0,0.0,1.0,Qualcomm SDM450 Snapdragon 450 (14 nm),0.0
Xiaomi Redmi 5 Plus (Redmi Note 5),Xiaomi,2018.0,180.0,5.99,180.0,4000.0,8.1,12.0,1080.0,2160.0,403.16417624370166,64.0,4.0,0.0,0.0,0.0,1.0,Qualcomm MSM8953 Snapdragon 625 (14 nm),0.0
Xiaomi Black Shark,Xiaomi,2018.0,400.0,5.99,190.0,4000.0,9.3,12.0,1080.0,2160.0,403.16417624370166,128.0,8.0,0.0,0.0,0.0,0.0,Qualcomm SDM845 Snapdragon 845 (10 nm),0.0
Xiaomi Redmi Note 5 Pro,Xiaomi,2018.0,180.0,5.99,181.0,4000.0,8.1,12.0,1080.0,2160.0,403.16417624370166,64.0,6.0,0.0,0.0,0.0,1.0,Qualcomm SDM636 Snapdragon 636 (14 nm),0.0
Xiaomi Redmi Note 5 AI Dual Camera,Xiaomi,2018.0,180.0,5.99,181.0,4000.0,8.1,12.0,1080.0,2160.0,403.16417624370166,64.0,6.0,0.0,0.0,0.0,1.0,Qualcomm SDM636 Snapdragon 636 (14 nm),0.0
Xiaomi Mi Mix 2S,Xiaomi,2018.0,270.0,5.99,191.0,3400.0,8.1,12.0,1080.0,2160.0,403.16417624370166,256.0,8.0,0.0,0.0,1.0,0.0,Qualcomm SDM845 Snapdragon 845 (10 nm),0.0
Xiaomi Redmi S2 (Redmi Y2),Xiaomi,2018.0,160.0,5.99,170.0,3080.0,8.1,12.0,720.0,1440.0,268.7761174958011,64.0,4.0,0.0,0.0,0.0,1.0,Qualcomm MSM8953 Snapdragon 625 (14 nm),0.0
Xiaomi Mi 8 SE,Xiaomi,2018.0,260.0,5.88,164.0,3120.0,7.5,12.0,1080.0,2244.0,423.5320828927645,128.0,6.0,1.0,0.0,0.0,0.0,Qualcomm SDM710 Snapdragon 710 (10 nm),0.0
Xiaomi Mi 8,Xiaomi,2018.0,430.0,6.21,175.0,3400.0,7.6,12.0,1080.0,2248.0,401.6060445003491,256.0,8.0,1.0,0.0,1.0,0.0,Qualcomm SDM845 Snapdragon 845 (10 nm),0.0
Xiaomi Mi 8 Explorer,Xiaomi,2018.0,400.0,6.21,177.0,3000.0,7.6,12.0,1080.0,2248.0,401.6060445003491,128.0,8.0,1.0,0.0,1.0,0.0,Qualcomm SDM845 Snapdragon 845 (10 nm),0.0
Xiaomi Redmi 6A,Xiaomi,2018.0,110.0,5.45,145.0,3000.0,8.3,13.0,720.0,1440.0,295.40714565134834,32.0,3.0,0.0,0.0,0.0,1.0,Mediatek MT6761 Helio A22 (12 nm),0.0
Xiaomi Redmi 6,Xiaomi,2018.0,130.0,5.45,146.0,3000.0,8.3,12.0,720.0,1440.0,295.40714565134834,64.0,4.0,0.0,0.0,0.0,1.0,Mediatek MT6762 Helio P22 (12 nm),0.0
Xiaomi Mi Max 3,Xiaomi,2018.0,310.0,6.9,221.0,5500.0,8.0,12.0,1080.0,2160.0,349.993248652141,128.0,6.0,0.0,0.0,0.0,1.0,Qualcomm SDM636 Snapdragon 636 (14 nm),0.0
Xiaomi Mi A2 Lite (Redmi 6 Pro),Xiaomi,2018.0,380.0,5.84,178.0,4000.0,8.8,12.0,1080.0,2280.0,431.99580907456107,64.0,4.0,0.0,0.0,0.0,1.0,Qualcomm MSM8953 Snapdragon 625 (14 nm),0.0
Xiaomi Mi A2 (Mi 6X),Xiaomi,2018.0,270.0,5.99,166.0,3000.0,7.3,12.0,1080.0,2160.0,403.16417624370166,128.0,6.0,0.0,0.0,0.0,0.0,Qualcomm SDM660 Snapdragon 660 (14 nm),0.0
Xiaomi Mi 8 Lite,Xiaomi,2018.0,360.0,6.26,169.0,3350.0,7.5,12.0,1080.0,2280.0,403.01206469575664,128.0,6.0,0.0,0.0,0.0,0.0,Qualcomm SDM660 Snapdragon 660 (14 nm),0.0
Xiaomi Mi 8 Pro,Xiaomi,2018.0,510.0,6.21,177.0,3000.0,7.6,12.0,1080.0,2248.0,401.6060445003491,128.0,8.0,1.0,0.0,1.0,0.0,Qualcomm SDM845 Snapdragon 845 (10 nm),0.0
Xiaomi Redmi Note 6 Pro,Xiaomi,2018.0,200.0,6.26,182.0,4000.0,8.3,12.0,1080.0,2280.0,403.01206469575664,64.0,6.0,0.0,0.0,0.0,1.0,Qualcomm SDM636 Snapdragon 636 (14 nm),0.0
Xiaomi Mi Mix 3,Xiaomi,2018.0,730.0,6.39,218.0,3200.0,8.5,12.0,1080.0,2340.0,403.31890319088325,256.0,10.0,1.0,0.0,1.0,0.0,Qualcomm SDM845 Snapdragon 845 (10 nm),0.0
Xiaomi Black Shark Helo,Xiaomi,2018.0,450.0,6.01,190.0,4000.0,8.7,12.0,1080.0,2160.0,401.82253173041147,256.0,10.0,1.0,0.0,0.0,0.0,Qualcomm SDM845 Snapdragon 845 (10 nm),0.0
Xiaomi Mi Play,Xiaomi,2018.0,170.0,5.84,150.0,3000.0,7.8,12.0,1080.0,2280.0,431.99580907456107,128.0,6.0,0.0,0.0,0.0,1.0,Mediatek MT6765 Helio P35 (12nm),0.0
Xiaomi Redmi Note 7,Xiaomi,2019.0,170.0,6.3,186.0,4000.0,8.1,48.0,1080.0,2340.0,409.08060180789585,128.0,6.0,0.0,0.0,0.0,1.0,Qualcomm SDM660 Snapdragon 660 (14 nm),0.0
Xiaomi Redmi Go,Xiaomi,2019.0,100.0,5.0,137.0,3000.0,8.4,8.0,720.0,1280.0,293.7209560109731,16.0,1.0,0.0,0.0,0.0,1.0,Qualcomm MSM8917 Snapdragon 425 (28 nm),0.0
Xiaomi Mi 9,Xiaomi,2019.0,590.0,6.39,173.0,3300.0,7.6,48.0,1080.0,2340.0,403.31890319088325,256.0,8.0,1.0,0.0,1.0,0.0,Qualcomm SM8150 Snapdragon 855 (7 nm),0.0
Xiaomi Mi 9 SE,Xiaomi,2019.0,460.0,5.97,155.0,3070.0,7.5,48.0,1080.0,2340.0,431.69309738521673,128.0,6.0,1.0,0.0,1.0,0.0,Qualcomm SDM712 Snapdragon 712 (10 nm),0.0
Xiaomi Mi 9 Explorer,Xiaomi,2019.0,530.0,6.39,173.0,3300.0,7.6,48.0,1080.0,2340.0,403.31890319088325,256.0,12.0,1.0,0.0,1.0,0.0,Qualcomm SM8150 Snapdragon 855 (7 nm),0.0
Xiaomi Mi Mix 3 5G,Xiaomi,2019.0,410.0,6.39,225.0,3800.0,9.4,12.0,1080.0,2340.0,403.31890319088325,128.0,6.0,1.0,1.0,1.0,0.0,Qualcomm SM8150 Snapdragon 855 (7 nm),0.0
Xiaomi Redmi Note 7 Pro,Xiaomi,2019.0,260.0,6.3,186.0,4000.0,8.1,48.0,1080.0,2340.0,409.08060180789585,128.0,6.0,0.0,0.0,0.0,1.0,Qualcomm SDM675 Snapdragon 675 (11 nm),0.0
Xiaomi Redmi 7,Xiaomi,2019.0,150.0,6.26,180.0,4000.0,8.5,12.0,720.0,1520.0,268.6747097971711,64.0,4.0,0.0,0.0,0.0,1.0,Qualcomm SDM632 Snapdragon 632 (14 nm),0.0
Xiaomi Black Shark 2,Xiaomi,2019.0,400.0,6.39,205.0,4000.0,8.8,48.0,1080.0,2340.0,403.31890319088325,256.0,12.0,1.0,0.0,0.0,0.0,Qualcomm SM8150 Snapdragon 855 (7 nm),0.0
Xiaomi Redmi Note 7S,Xiaomi,2019.0,140.0,6.3,186.0,4000.0,8.1,48.0,1080.0,2340.0,409.08060180789585,64.0,4.0,0.0,0.0,0.0,1.0,Qualcomm SDM660 Snapdragon 660 (14 nm),0.0
Xiaomi Redmi K20 Pro,Xiaomi,2019.0,400.0,6.39,191.0,4000.0,8.8,48.0,1080.0,2340.0,403.31890319088325,256.0,8.0,1.0,0.0,1.0,1.0,Qualcomm SM8150 Snapdragon 855 (7 nm),0.0
Xiaomi Redmi K20,Xiaomi,2019.0,260.0,6.39,191.0,4000.0,8.8,48.0,1080.0,2340.0,403.31890319088325,256.0,8.0,1.0,0.0,1.0,1.0,Qualcomm SDM730 Snapdragon 730 (8 nm),0.0
Xiaomi Mi 9T,Xiaomi,2019.0,460.0,6.39,191.0,4000.0,8.8,48.0,1080.0,2340.0,403.31890319088325,128.0,6.0,1.0,0.0,1.0,1.0,Qualcomm SDM730 Snapdragon 730 (8 nm),0.0
Xiaomi Mi 9T Pro,Xiaomi,2019.0,449.9,6.39,191.0,4000.0,8.8,48.0,1080.0,2340.0,403.31890319088325,256.0,8.0,1.0,0.0,1.0,1.0,Qualcomm SM8150 Snapdragon 855 (7 nm),0.0
Xiaomi Mi CC9,Xiaomi,2019.0,260.0,6.39,179.0,4030.0,8.7,48.0,1080.0,2340.0,403.31890319088325,256.0,8.0,1.0,0.0,1.0,1.0,Qualcomm SDM710 Snapdragon 710 (10 nm),0.0
Xiaomi Mi CC9e,Xiaomi,2019.0,170.0,6.01,173.8,4030.0,8.5,48.0,720.0,1560.0,285.87995467440305,128.0,6.0,1.0,0.0,0.0,1.0,Qualcomm SDM665 Snapdragon 665 (11 nm),0.0
Xiaomi Redmi 7A,Xiaomi,2019.0,130.0,5.45,165.0,4000.0,9.6,13.0,720.0,1440.0,295.40714565134834,32.0,3.0,0.0,0.0,0.0,1.0,Qualcomm SDM439 Snapdragon 439 (12 nm),0.0
Xiaomi Mi A3,Xiaomi,2019.0,230.0,6.09,173.8,4030.0,8.5,48.0,720.0,1560.0,282.1245529709626,128.0,6.0,1.0,0.0,0.0,1.0,Qualcomm SDM665 Snapdragon 665 (11 nm),0.0
Xiaomi Black Shark 2 Pro,Xiaomi,2019.0,550.0,6.39,205.0,4000.0,8.8,48.0,1080.0,2340.0,403.31890319088325,256.0,12.0,1.0,0.0,0.0,0.0,Qualcomm SM8150 Snapdragon 855+ (7 nm),0.0
Xiaomi Redmi Note 8 Pro,Xiaomi,2019.0,220.0,6.53,200.0,4500.0,8.8,64.0,1080.0,2340.0,394.6719435512624,256.0,8.0,0.0,0.0,1.0,1.0,Mediatek Helio G90T (12nm),0.0
Xiaomi Mi 9 Lite,Xiaomi,2019.0,320.0,6.39,179.0,4030.0,8.7,48.0,1080.0,2340.0,403.31890319088325,128.0,6.0,1.0,0.0,1.0,1.0,Qualcomm SDM710 Snapdragon 710 (10 nm),0.0
Xiaomi Redmi K20 Pro Premium,Xiaomi,2019.0,450.0,6.39,191.0,4000.0,8.8,48.0,1080.0,2340.0,403.31890319088325,512.0,12.0,1.0,0.0,1.0,1.0,Qualcomm SM8150 Snapdragon 855+ (7 nm),0.0
Xiaomi Mi 9 Pro,Xiaomi,2019.0,500.0,6.39,196.0,4000.0,8.5,48.0,1080.0,2340.0,403.31890319088325,512.0,12.0,1.0,0.0,1.0,0.0,Qualcomm SM8150 Snapdragon 855+ (7 nm),0.0
Xiaomi Mi 9 Pro 5G,Xiaomi,2019.0,600.0,6.39,196.0,4000.0,8.5,48.0,1080.0,2340.0,403.31890319088325,512.0,12.0,1.0,1.0,1.0,0.0,Qualcomm SM8150 Snapdragon 855+ (7 nm),0.0
Xiaomi Mi Mix Alpha,Xiaomi,2019.0,2500.0,7.92,241.0,4050.0,10.4,108.0,2088.0,2250.0,387.5716409381679,512.0,12.0,1.0,1.0,0.0,0.0,Qualcomm SM8150 Snapdragon 855+ (7 nm),0.0
Xiaomi Redmi 8A,Xiaomi,2019.0,120.0,6.22,188.0,5000.0,9.4,12.0,720.0,1520.0,270.4025214357381,64.0,4.0,0.0,0.0,0.0,1.0,Qualcomm SDM439 Snapdragon 439 (12 nm),0.0
Xiaomi Redmi 8,Xiaomi,2019.0,210.0,6.22,188.0,5000.0,9.4,12.0,720.0,1520.0,270.4025214357381,64.0,4.0,0.0,0.0,0.0,1.0,Qualcomm SDM439 Snapdragon 439 (12 nm),0.0
Xiaomi Mi CC9 Pro,Xiaomi,2019.0,400.0,6.47,208.0,5260.0,9.7,108.0,1080.0,2340.0,398.33196157492176,256.0,8.0,1.0,0.0,1.0,1.0,Qualcomm SDM730 Snapdragon 730G (8 nm),0.0
Xiaomi Mi Note 10,Xiaomi,2019.0,380.0,6.47,208.0,5260.0,9.7,108.0,1080.0,2340.0,398.33196157492176,256.0,6.0,1.0,0.0,1.0,1.0,Qualcomm SDM730 Snapdragon 730G (8 nm),0.0
Xiaomi Mi Note 10 Pro,Xiaomi,2019.0,480.0,6.47,208.0,5260.0,9.7,108.0,1080.0,2340.0,398.33196157492176,256.0,8.0,1.0,0.0,1.0,1.0,Qualcomm SDM730 Snapdragon 730G (8 nm),0.0
Xiaomi Redmi Note 8T,Xiaomi,2019.0,250.0,6.3,200.0,4000.0,8.6,48.0,1080.0,2340.0,409.08060180789585,128.0,4.0,0.0,0.0,1.0,1.0,Qualcomm SDM665 Snapdragon 665 (11 nm),0.0
Xiaomi Redmi K30 5G,Xiaomi,2019.0,260.0,6.67,208.0,4500.0,8.8,64.0,1080.0,2400.0,394.57353282389164,256.0,8.0,0.0,1.0,1.0,1.0,Qualcomm SM7250 Snapdragon 765G 5G (7 nm),0.0
Xiaomi Redmi K30,Xiaomi,2019.0,210.0,6.67,208.0,4500.0,8.8,64.0,1080.0,2400.0,394.57353282389164,256.0,8.0,0.0,0.0,1.0,1.0,Qualcomm SDM730 Snapdragon 730G (8 nm),0.0
Xiaomi Redmi 8A Dual,Xiaomi,2020.0,110.0,6.22,188.0,5000.0,9.4,13.0,720.0,1520.0,270.4025214357381,64.0,3.0,0.0,0.0,0.0,1.0,Qualcomm SDM439 Snapdragon 439 (12 nm),0.0
Xiaomi Redmi 8A Pro,Xiaomi,2020.0,90.0,6.22,188.0,5000.0,9.4,13.0,720.0,1520.0,270.4025214357381,32.0,3.0,0.0,0.0,0.0,1.0,Qualcomm SDM439 Snapdragon 439 (12 nm),0.0
Xiaomi Mi 10 5G,Xiaomi,2020.0,238.9,6.67,208.0,4780.0,9.0,108.0,1080.0,2340.0,386.38797472110105,256.0,12.0,1.0,1.0,1.0,0.0,Qualcomm SM8250 Snapdragon 865 5G (7 nm+),0.0
Xiaomi Mi 10 Pro 5G,Xiaomi,2020.0,930.0,6.67,208.0,4500.0,9.0,108.0,1080.0,2340.0,386.38797472110105,512.0,12.0,1.0,1.0,1.0,0.0,Qualcomm SM8250 Snapdragon 865 5G (7 nm+),0.0
Xiaomi Black Shark 3,Xiaomi,2020.0,390.0,6.67,222.0,4720.0,10.4,64.0,1080.0,2400.0,394.57353282389164,256.0,12.0,1.0,1.0,0.0,1.0,Qualcomm SM8250 Snapdragon 865 5G (7 nm+),0.0
Xiaomi Black Shark 3 Pro,Xiaomi,2020.0,940.0,7.1,253.0,5000.0,10.1,64.0,1440.0,3120.0,483.9826838290598,512.0,12.0,1.0,1.0,0.0,1.0,Qualcomm SM8250 Snapdragon 865 5G (7 nm+),0.0
Xiaomi Redmi Note 9S,Xiaomi,2020.0,189.9,6.67,209.0,5020.0,8.8,48.0,1080.0,2400.0,394.57353282389164,128.0,6.0,0.0,0.0,0.0,1.0,Qualcomm SM7125 Snapdragon 720G (8 nm),0.0
Xiaomi Redmi K30 Pro,Xiaomi,2020.0,390.0,6.67,218.0,4700.0,8.9,64.0,1080.0,2400.0,394.57353282389164,256.0,12.0,1.0,1.0,1.0,1.0,Qualcomm SM8250 Snapdragon 865 5G (7 nm+),0.0
Xiaomi Redmi K30 Pro Zoom,Xiaomi,2020.0,500.0,6.67,218.0,4700.0,8.9,64.0,1080.0,2400.0,394.57353282389164,512.0,12.0,1.0,1.0,1.0,1.0,Qualcomm SM8250 Snapdragon 865 5G (7 nm+),0.0
Xiaomi Mi 10 Lite 5G,Xiaomi,2020.0,266.9,6.57,192.0,4160.0,7.9,48.0,1080.0,2400.0,400.5792182550011,256.0,8.0,1.0,1.0,1.0,1.0,Qualcomm SM7250 Snapdragon 765G 5G (7 nm),0.0
Xiaomi Mi 10 Youth 5G,Xiaomi,2020.0,270.0,6.57,192.0,4160.0,7.9,48.0,1080.0,2400.0,400.5792182550011,256.0,8.0,1.0,1.0,1.0,1.0,Qualcomm SM7250 Snapdragon 765G 5G (7 nm),0.0
Xiaomi Mi Note 10 Lite,Xiaomi,2020.0,289.99,6.47,204.0,5260.0,9.7,64.0,1080.0,2340.0,398.33196157492176,128.0,8.0,1.0,0.0,1.0,1.0,Qualcomm SDM730 Snapdragon 730G (8 nm),0.0
Xiaomi Redmi Note 9,Xiaomi,2020.0,189.0,6.53,199.0,5020.0,8.9,48.0,1080.0,2340.0,394.6719435512624,128.0,6.0,0.0,0.0,1.0,1.0,MediaTek MT6769Z Helio G85 (12nm),0.0
Xiaomi Redmi Note 9 Pro,Xiaomi,2020.0,228.76,6.67,209.0,5020.0,8.8,64.0,1080.0,2400.0,394.57353282389164,128.0,8.0,0.0,0.0,1.0,1.0,Qualcomm SM7125 Snapdragon 720G (8 nm),0.0
Xiaomi Redmi K30 5G Racing,Xiaomi,2020.0,260.0,6.67,208.0,4500.0,8.8,64.0,1080.0,2400.0,394.57353282389164,128.0,6.0,0.0,1.0,1.0,1.0,Qualcomm SDM768 Snapdragon 768G 5G (7 nm),0.0
Xiaomi Poco F2 Pro,Xiaomi,2020.0,499.9,6.67,219.0,4700.0,8.9,64.0,1080.0,2400.0,394.57353282389164,256.0,8.0,1.0,1.0,1.0,1.0,Qualcomm SM8250 Snapdragon 865 5G (7 nm+),0.0
Xiaomi Redmi K30i 5G,Xiaomi,2020.0,250.0,6.67,208.0,4500.0,8.8,48.0,1080.0,2400.0,394.57353282389164,256.0,8.0,0.0,1.0,1.0,1.0,Qualcomm SM7250 Snapdragon 765G 5G (7 nm),0.0
Xiaomi Redmi 10X 4G,Xiaomi,2020.0,130.0,6.53,199.0,5020.0,8.9,48.0,1080.0,2340.0,394.6719435512624,128.0,6.0,0.0,0.0,0.0,1.0,MediaTek MT6769Z Helio G85 (12nm),0.0
Xiaomi Redmi 10X 5G,Xiaomi,2020.0,200.0,6.57,205.0,4520.0,9.0,48.0,1080.0,2400.0,400.5792182550011,256.0,8.0,1.0,1.0,0.0,1.0,MediaTek MT6875 Dimensity 820 (7 nm),0.0
Xiaomi Redmi 10X Pro 5G,Xiaomi,2020.0,290.0,6.57,208.0,4520.0,9.0,48.0,1080.0,2400.0,400.5792182550011,256.0,8.0,1.0,1.0,1.0,1.0,MediaTek MT6875 Dimensity 820 (7 nm),0.0
Xiaomi Redmi 9,Xiaomi,2020.0,175.17,6.53,198.0,5020.0,9.1,13.0,1080.0,2340.0,394.6719435512624,128.0,6.0,0.0,0.0,1.0,1.0,Mediatek MT6769V/CU Helio G80 (12 nm),0.0
Xiaomi Redmi 9C,Xiaomi,2020.0,110.31,6.53,196.0,5000.0,9.0,13.0,720.0,1600.0,268.68866400565156,128.0,4.0,0.0,0.0,0.0,1.0,MediaTek MT6765G Helio G35 (12 nm),0.0
Xiaomi Redmi 9C NFC,Xiaomi,2020.0,100.0,6.53,196.0,5000.0,9.0,13.0,720.0,1600.0,268.68866400565156,128.0,4.0,0.0,0.0,1.0,1.0,MediaTek MT6765G Helio G35 (12 nm),0.0
Xiaomi Redmi 9A,Xiaomi,2020.0,93.0,6.53,196.0,5000.0,9.0,13.0,720.0,1600.0,268.68866400565156,128.0,6.0,0.0,0.0,0.0,1.0,MediaTek MT6762G Helio G25 (12 nm),0.0
Xiaomi Black Shark 3S,Xiaomi,2020.0,600.0,6.67,222.0,4729.0,10.4,64.0,1080.0,2400.0,394.57353282389164,256.0,12.0,1.0,1.0,0.0,1.0,Qualcomm SM8250 Snapdragon 865 5G (7 nm+),0.0
Xiaomi Redmi K30 Ultra,Xiaomi,2020.0,250.0,6.67,213.0,4500.0,9.1,64.0,1080.0,2400.0,394.57353282389164,512.0,8.0,1.0,1.0,1.0,0.0,Mediatek MT6889Z Dimensity 1000+ (7nm),0.0
Xiaomi Mi 10 Ultra,Xiaomi,2020.0,650.0,6.67,221.8,4500.0,9.5,48.0,1080.0,2340.0,386.38797472110105,512.0,16.0,1.0,1.0,1.0,0.0,Qualcomm SM8250 Snapdragon 865 5G (7 nm+),0.0
Xiaomi Redmi 9 (India),Xiaomi,2020.0,110.0,6.53,194.0,5000.0,9.0,13.0,720.0,1600.0,268.68866400565156,128.0,4.0,0.0,0.0,0.0,1.0,MediaTek MT6765G Helio G35 (12 nm),0.0
Xiaomi Poco X3 NFC,Xiaomi,2020.0,269.95,6.67,215.0,5160.0,9.4,64.0,1080.0,2400.0,394.57353282389164,128.0,8.0,0.0,0.0,1.0,1.0,Qualcomm SM7150-AC Snapdragon 732G (8 nm),0.0
Xiaomi Redmi 9AT,Xiaomi,2020.0,93.88,6.53,194.0,5000.0,9.0,13.0,720.0,1600.0,268.68866400565156,32.0,2.0,0.0,0.0,0.0,1.0,MediaTek MT6762G Helio G25 (12 nm),0.0
Xiaomi Mi 10T Lite 5G,Xiaomi,2020.0,229.5,6.67,214.5,4820.0,9.0,64.0,1080.0,2400.0,394.57353282389164,128.0,6.0,0.0,1.0,1.0,1.0,Qualcomm SM7225 Snapdragon 750G 5G (8 nm),0.0
Xiaomi Mi 10T 5G,Xiaomi,2020.0,429.99,6.67,216.0,5000.0,9.3,64.0,1080.0,2400.0,394.57353282389164,128.0,8.0,0.0,1.0,1.0,0.0,Qualcomm SM8250 Snapdragon 865 5G (7 nm+),0.0
Xiaomi Mi 10T Pro 5G,Xiaomi,2020.0,337.9,6.67,218.0,5000.0,9.3,108.0,1080.0,2400.0,394.57353282389164,256.0,8.0,0.0,1.0,1.0,0.0,Qualcomm SM8250 Snapdragon 865 5G (7 nm+),0.0
Xiaomi Poco C3,Xiaomi,2020.0,80.0,6.43,194.0,5000.0,9.0,13.0,720.0,1600.0,272.86733685177364,64.0,4.0,0.0,0.0,0.0,1.0,MediaTek MT6765G Helio G35 (12 nm),0.0
Xiaomi Redmi K30S,Xiaomi,2020.0,330.0,6.67,216.0,5000.0,9.3,64.0,1080.0,2400.0,394.57353282389164,256.0,8.0,0.0,1.0,1.0,0.0,Qualcomm SM8250 Snapdragon 865 5G (7 nm+),0.0
Xiaomi Poco M3,Xiaomi,2020.0,199.99,6.53,198.0,6000.0,9.6,48.0,1080.0,2340.0,394.6719435512624,128.0,6.0,0.0,0.0,0.0,1.0,Qualcomm SM6115 Snapdragon 662 (11 nm),0.0
Xiaomi Redmi Note 9 4G,Xiaomi,2020.0,130.0,6.53,198.0,6000.0,9.6,48.0,1080.0,2340.0,394.6719435512624,256.0,8.0,0.0,0.0,0.0,1.0,Qualcomm SM6115 Snapdragon 662 (11 nm),0.0
Xiaomi Redmi Note 9 5G,Xiaomi,2020.0,170.0,6.53,199.0,5000.0,9.2,48.0,1080.0,2340.0,394.6719435512624,256.0,8.0,0.0,1.0,0.0,1.0,MediaTek MT6853 Dimensity 800U (7 nm),0.0
Xiaomi Redmi Note 9 Pro 5G,Xiaomi,2020.0,370.0,6.67,215.0,4820.0,9.0,108.0,1080.0,2400.0,394.57353282389164,256.0,8.0,0.0,1.0,1.0,1.0,Qualcomm SM7225 Snapdragon 750G 5G (8 nm),0.0
Xiaomi Redmi 9 Power,Xiaomi,2020.0,120.0,6.53,198.0,6000.0,9.6,48.0,1080.0,2340.0,394.6719435512624,128.0,6.0,0.0,0.0,0.0,1.0,Qualcomm SM6115 Snapdragon 662 (11 nm),0.0
Xiaomi Mi 11,Xiaomi,2020.0,876.32,6.81,196.0,4600.0,8.1,108.0,1440.0,3200.0,515.282518636389,256.0,12.0,1.0,1.0,1.0,0.0,Qualcomm SM8350 Snapdragon 888 5G (5 nm),0.0
Xiaomi Mi 10i 5G,Xiaomi,2021.0,250.0,6.67,214.5,4820.0,9.0,108.0,1080.0,2400.0,394.57353282389164,128.0,8.0,0.0,1.0,1.0,1.0,Qualcomm SM7225 Snapdragon 750G 5G (8 nm),0.0
Xiaomi Redmi 9T,Xiaomi,2021.0,230.85,6.53,198.0,6000.0,9.6,48.0,1080.0,2340.0,394.6719435512624,128.0,6.0,0.0,0.0,1.0,1.0,Qualcomm SM6115 Snapdragon 662 (11 nm),0.0
Xiaomi Redmi Note 9T,Xiaomi,2021.0,192.49,6.53,199.0,5000.0,9.1,48.0,1080.0,2340.0,394.6719435512624,128.0,6.0,0.0,1.0,1.0,1.0,MediaTek MT6853 Dimensity 800U (7 nm),0.0
Xiaomi Redmi K40,Xiaomi,2021.0,280.0,6.67,196.0,4520.0,7.8,48.0,1080.0,2400.0,394.57353282389164,256.0,12.0,1.0,1.0,1.0,0.0,Qualcomm SM8250-AC Snapdragon 870 5G (7 nm),0.0
Xiaomi Redmi K40 Pro,Xiaomi,2021.0,360.0,6.67,196.0,4520.0,7.8,64.0,1080.0,2400.0,394.57353282389164,256.0,12.0,1.0,1.0,1.0,0.0,Qualcomm SM8350 Snapdragon 888 5G (5 nm),0.0
Xiaomi Redmi K40 Pro+,Xiaomi,2021.0,470.0,6.67,196.0,4520.0,7.8,108.0,1080.0,2400.0,394.57353282389164,256.0,12.0,1.0,1.0,1.0,0.0,Qualcomm SM8350 Snapdragon 888 5G (5 nm),0.0
Xiaomi Redmi Note 10 Pro (India),Xiaomi,2021.0,180.0,6.67,192.0,5020.0,8.1,64.0,1080.0,2400.0,394.57353282389164,128.0,8.0,1.0,0.0,0.0,1.0,Qualcomm SM7150 Snapdragon 732G (8 nm),0.0
Xiaomi Redmi Note 10,Xiaomi,2021.0,270.52,6.43,178.8,5000.0,8.3,48.0,1080.0,2400.0,409.3010052776606,128.0,6.0,1.0,0.0,0.0,1.0,Qualcomm SDM678 Snapdragon 678 (11 nm),0.0
Xiaomi Redmi Note 10S,Xiaomi,2021.0,188.42,6.43,178.8,5000.0,8.3,64.0,1080.0,2400.0,409.3010052776606,128.0,8.0,1.0,0.0,1.0,1.0,Mediatek Helio G95 (12 nm),0.0
Xiaomi Redmi Note 10 5G,Xiaomi,2021.0,182.0,6.5,190.0,5000.0,8.9,48.0,1080.0,2400.0,404.89314829774725,256.0,8.0,0.0,1.0,1.0,1.0,MediaTek MT6833 Dimensity 700 (7 nm),0.0
Xiaomi Redmi Note 10 Pro,Xiaomi,2021.0,212.99,6.67,193.0,5020.0,8.1,108.0,1080.0,2400.0,394.57353282389164,128.0,8.0,1.0,0.0,1.0,1.0,Qualcomm SM7150 Snapdragon 732G (8 nm),0.0
Xiaomi Mi 10S,Xiaomi,2021.0,430.0,6.67,208.0,4780.0,9.0,108.0,1080.0,2340.0,386.38797472110105,256.0,12.0,1.0,1.0,1.0,0.0,Qualcomm SM8250-AC Snapdragon 870 5G (7 nm),0.0
Xiaomi Poco F3,Xiaomi,2021.0,337.0,6.67,196.0,4520.0,7.8,48.0,1080.0,2400.0,394.57353282389164,256.0,8.0,1.0,1.0,1.0,0.0,Qualcomm SM8250-AC Snapdragon 870 5G (7 nm),0.0
Xiaomi Poco X3 Pro,Xiaomi,2021.0,459.9,6.67,215.0,5160.0,9.4,48.0,1080.0,2400.0,394.57353282389164,256.0,8.0,0.0,0.0,1.0,1.0,Qualcomm Snapdragon 860 (7 nm),0.0
Xiaomi Black Shark 4,Xiaomi,2021.0,399.0,6.67,210.0,4500.0,9.9,48.0,1080.0,2400.0,394.57353282389164,256.0,12.0,1.0,1.0,1.0,1.0,Qualcomm SM8250-AC Snapdragon 870 5G (7 nm),0.0
Xiaomi Black Shark 4 Pro,Xiaomi,2021.0,499.0,6.67,220.0,4500.0,9.9,64.0,1080.0,2400.0,394.57353282389164,512.0,16.0,1.0,1.0,1.0,1.0,Qualcomm SM8350 Snapdragon 888 5G (5 nm),0.0
Xiaomi Mi 11 Lite,Xiaomi,2021.0,339.0,6.55,157.0,4250.0,6.8,64.0,1080.0,2400.0,401.8023609061614,128.0,8.0,1.0,0.0,1.0,0.0,Qualcomm SM7150 Snapdragon 732G (8 nm),0.0
Xiaomi Mi 11 Lite 5G,Xiaomi,2021.0,319.99,6.55,159.0,4250.0,6.8,64.0,1080.0,2400.0,401.8023609061614,256.0,8.0,1.0,1.0,1.0,0.0,Qualcomm SM7350-AB Snapdragon 780G (5 nm),0.0
Xiaomi Mi 11i,Xiaomi,2021.0,333.4,6.67,196.0,4520.0,7.8,108.0,1080.0,2400.0,394.57353282389164,256.0,8.0,1.0,1.0,1.0,0.0,Qualcomm SM8350 Snapdragon 888 5G (5 nm),0.0
Xiaomi Mi 11 Pro,Xiaomi,2021.0,404.7816,6.81,208.0,5000.0,8.5,50.0,1440.0,3200.0,515.282518636389,256.0,12.0,1.0,1.0,1.0,0.0,Qualcomm SM8350 Snapdragon 888 5G (5 nm),0.0
Xiaomi Mi 11 Ultra,Xiaomi,2021.0,1500.0,6.81,234.0,5000.0,8.4,50.0,1440.0,3200.0,515.282518636389,512.0,12.0,1.0,1.0,1.0,0.0,Qualcomm SM8350 Snapdragon 888 5G (5 nm),0.0
Xiaomi Mi Mix Fold,Xiaomi,2021.0,1300.0,8.01,317.0,5020.0,7.6,108.0,1860.0,2480.0,387.01622971285894,512.0,16.0,1.0,1.0,1.0,0.0,Qualcomm SM8350 Snapdragon 888 5G (5 nm),0.0
Xiaomi Poco M2 Reloaded,Xiaomi,2021.0,100.0,6.53,198.0,5000.0,9.1,13.0,1080.0,2340.0,394.6719435512624,64.0,4.0,0.0,0.0,0.0,1.0,Mediatek MT6769V/CU Helio G80 (12 nm),0.0
Xiaomi Redmi K40 Gaming,Xiaomi,2021.0,260.0,6.67,205.0,5065.0,8.3,64.0,1080.0,2400.0,394.57353282389164,256.0,12.0,1.0,1.0,1.0,0.0,MediaTek MT6893 Dimensity 1200 (6 nm),0.0
Xiaomi Poco M3 Pro 5G,Xiaomi,2021.0,215.0,6.5,190.0,5000.0,8.9,48.0,1080.0,2400.0,404.89314829774725,128.0,6.0,0.0,1.0,1.0,1.0,MediaTek MT6833 Dimensity 700 (7 nm),0.0
Xiaomi Redmi Note 8 2021,Xiaomi,2021.0,189.0,6.3,190.0,4000.0,8.4,48.0,1080.0,2340.0,409.08060180789585,128.0,4.0,0.0,0.0,0.0,1.0,MediaTek MT6769Z Helio G85 (12nm),0.0
Xiaomi Redmi Note 10 Pro (China),Xiaomi,2021.0,200.0,6.6,193.0,5000.0,8.9,64.0,1080.0,2400.0,398.7584036265693,256.0,8.0,0.0,1.0,1.0,0.0,MediaTek MT6891Z Dimensity 1100 (6 nm),0.0
Xiaomi Redmi Note 10T 5G,Xiaomi,2021.0,170.0,6.5,190.0,5000.0,8.9,48.0,1080.0,2400.0,404.89314829774725,128.0,6.0,0.0,1.0,0.0,1.0,MediaTek MT6833 Dimensity 700 (7 nm),0.0
Xiaomi Poco X3 GT,Xiaomi,2021.0,362.96,6.6,193.0,5000.0,8.9,64.0,1080.0,2400.0,398.7584036265693,256.0,8.0,0.0,1.0,1.0,0.0,MediaTek MT6891Z Dimensity 1100 (6 nm),0.0
Xiaomi Mix 4,Xiaomi,2021.0,660.0,6.67,225.0,4500.0,8.0,108.0,1080.0,2400.0,394.57353282389164,512.0,12.0,1.0,1.0,1.0,0.0,Qualcomm SM8350 Snapdragon 888+ 5G (5 nm),0.0
Xiaomi Redmi 10,Xiaomi,2021.0,145.2,6.5,181.0,5000.0,8.9,50.0,1080.0,2400.0,404.89314829774725,128.0,6.0,0.0,0.0,1.0,1.0,MediaTek Helio G88 (12nm),0.0
Xiaomi 11 Lite 5G NE,Xiaomi,2021.0,317.99,6.55,158.0,4250.0,6.8,64.0,1080.0,2400.0,401.8023609061614,256.0,8.0,1.0,1.0,1.0,0.0,Qualcomm SM7325 Snapdragon 778G 5G (6 nm),0.0
Xiaomi 11T,Xiaomi,2021.0,320.0,6.67,203.0,5000.0,8.8,108.0,1080.0,2400.0,394.57353282389164,256.0,8.0,1.0,1.0,1.0,0.0,MediaTek MT6893 Dimensity 1200 (6 nm),0.0
Xiaomi 11T Pro,Xiaomi,2021.0,407.37,6.67,204.0,5000.0,8.8,108.0,1080.0,2400.0,394.57353282389164,256.0,12.0,1.0,1.0,1.0,0.0,Qualcomm SM8350 Snapdragon 888 5G (5 nm),0.0
Xiaomi Redmi 9A Sport,Xiaomi,2021.0,101.1908,6.53,194.0,5000.0,9.0,13.0,720.0,1600.0,268.68866400565156,32.0,3.0,0.0,0.0,0.0,1.0,MediaTek MT6762G Helio G25 (12 nm),0.0
Xiaomi Civi,Xiaomi,2021.0,350.0,6.55,166.0,4500.0,7.0,64.0,1080.0,2400.0,401.8023609061614,256.0,12.0,1.0,1.0,1.0,0.0,Qualcomm SM7325 Snapdragon 778G 5G (6 nm),0.0
Xiaomi Black Shark 4S,Xiaomi,2021.0,360.0,6.67,210.0,4500.0,9.9,48.0,1080.0,2400.0,394.57353282389164,256.0,12.0,1.0,1.0,1.0,1.0,Qualcomm SM8250-AC Snapdragon 870 5G (7 nm),0.0
Xiaomi Black Shark 4S Pro,Xiaomi,2021.0,650.0,6.67,220.0,4500.0,9.9,64.0,1080.0,2400.0,394.57353282389164,512.0,16.0,1.0,1.0,1.0,1.0,Qualcomm SM8350 Snapdragon 888+ 5G (5 nm),0.0
Xiaomi Redmi Note 11 (China),Xiaomi,2021.0,158.97600000000003,6.6,195.0,5000.0,8.8,50.0,1080.0,2400.0,398.7584036265693,256.0,8.0,0.0,1.0,0.0,1.0,MediaTek MT6833P Dimensity 810 (6 nm),0.0
Xiaomi Redmi Note 11 Pro (China),Xiaomi,2021.0,220.0,6.67,207.0,5160.0,8.3,108.0,1080.0,2400.0,394.57353282389164,256.0,8.0,1.0,1.0,1.0,1.0,MediaTek Dimensity 920 (6 nm),0.0
Xiaomi Poco M4 Pro 5G,Xiaomi,2021.0,218.9,6.6,195.0,5000.0,8.8,50.0,1080.0,2400.0,398.7584036265693,256.0,8.0,0.0,1.0,1.0,1.0,MediaTek MT6833P Dimensity 810 (6 nm),0.0
Xiaomi Redmi Note 11 4G,Xiaomi,2021.0,151.79080000000002,6.5,181.0,5000.0,8.9,50.0,1080.0,2400.0,404.89314829774725,128.0,6.0,0.0,0.0,0.0,1.0,MediaTek Helio G88 (12nm),0.0
Xiaomi 11i HyperCharge 5G,Xiaomi,2022.0,300.0,6.67,204.0,4500.0,8.3,108.0,1080.0,2400.0,394.57353282389164,256.0,8.0,1.0,1.0,0.0,1.0,MediaTek Dimensity 920 (6 nm),0.0
Xiaomi Redmi Note 11,Xiaomi,2022.0,177.0,6.43,179.0,5000.0,8.1,50.0,1080.0,2400.0,409.3010052776606,128.0,6.0,1.0,0.0,1.0,1.0,Qualcomm SM6225 Snapdragon 680 4G (6 nm),0.0
Xiaomi Redmi Note 11S,Xiaomi,2022.0,189.0,6.43,179.0,5000.0,8.1,108.0,1080.0,2400.0,409.3010052776606,128.0,8.0,1.0,0.0,1.0,1.0,Mediatek Helio G96 (12 nm),0.0
Xiaomi Redmi Note 11 Pro,Xiaomi,2022.0,246.98,6.67,202.0,5000.0,8.1,108.0,1080.0,2400.0,394.57353282389164,128.0,8.0,1.0,0.0,1.0,1.0,Mediatek Helio G96 (12 nm),0.0
Xiaomi Redmi Note 11 Pro 5G,Xiaomi,2022.0,286.37,6.67,202.0,5000.0,8.1,108.0,1080.0,2400.0,394.57353282389164,128.0,8.0,1.0,1.0,1.0,1.0,Qualcomm SM6375 Snapdragon 695 5G (6 nm),0.0
Xiaomi Redmi 10 2022,Xiaomi,2022.0,142.0,6.5,181.0,5000.0,8.9,50.0,1080.0,2400.0,404.89314829774725,128.0,6.0,0.0,0.0,1.0,1.0,MediaTek Helio G88 (12nm),0.0
Xiaomi Redmi K50 Gaming,Xiaomi,2022.0,460.0,6.67,210.0,4700.0,8.5,64.0,1080.0,2400.0,394.57353282389164,256.0,12.0,1.0,1.0,1.0,0.0,Qualcomm SM8450 Snapdragon 8 Gen 1 (4 nm),0.0
Xiaomi Poco M4 Pro,Xiaomi,2022.0,249.0,6.43,179.5,5000.0,8.1,64.0,1080.0,2400.0,409.3010052776606,256.0,8.0,1.0,0.0,1.0,1.0,Mediatek Helio G96 (12 nm),0.0
Xiaomi Poco X4 Pro 5G,Xiaomi,2022.0,279.65,6.67,205.0,5000.0,8.1,108.0,1080.0,2400.0,394.57353282389164,256.0,8.0,1.0,1.0,1.0,1.0,Qualcomm SM6375 Snapdragon 695 5G (6 nm),0.0
Xiaomi Redmi Note 11E,Xiaomi,2022.0,170.0,6.58,200.0,5000.0,8.9,50.0,1080.0,2408.0,401.07946472241093,128.0,6.0,0.0,1.0,0.0,1.0,MediaTek MT6833 Dimensity 700 (7 nm),0.0
Xiaomi Redmi Note 11E Pro,Xiaomi,2022.0,240.0,6.67,202.0,5000.0,8.1,108.0,1080.0,2400.0,394.57353282389164,256.0,8.0,1.0,1.0,1.0,1.0,Qualcomm SM6375 Snapdragon 695 5G (6 nm),0.0
Xiaomi Redmi 10C,Xiaomi,2022.0,127.0,6.71,190.0,5000.0,8.3,50.0,720.0,1650.0,268.2935890672578,128.0,4.0,0.0,0.0,1.0,1.0,Qualcomm SM6225 Snapdragon 680 4G (6 nm),0.0
Xiaomi 12X,Xiaomi,2021.0,532.0,6.28,176.0,4500.0,8.2,50.0,1080.0,2400.0,419.0773031744199,256.0,12.0,1.0,1.0,1.0,0.0,Qualcomm SM8250-AC Snapdragon 870 5G (7 nm),0.0
Xiaomi 12,Xiaomi,2021.0,497.0,6.28,179.0,4500.0,8.2,50.0,1080.0,2400.0,419.0773031744199,256.0,12.0,1.0,1.0,1.0,0.0,Qualcomm SM8450 Snapdragon 8 Gen 1 (4 nm),0.0
Xiaomi 12 Pro,Xiaomi,2021.0,760.0,6.73,204.0,4600.0,8.2,50.0,1440.0,3200.0,521.4077194522747,256.0,12.0,1.0,1.0,1.0,0.0,Qualcomm SM8450 Snapdragon 8 Gen 1 (4 nm),0.0
Xiaomi Redmi K40S,Xiaomi,2022.0,260.0,6.67,195.0,4500.0,7.7,48.0,1080.0,2400.0,394.57353282389164,256.0,12.0,1.0,1.0,1.0,0.0,Qualcomm SM8250-AC Snapdragon 870 5G (7 nm),0.0
Xiaomi Redmi K50,Xiaomi,2022.0,340.0,6.67,201.0,5500.0,8.5,48.0,1440.0,3200.0,526.0980437651888,512.0,12.0,1.0,1.0,1.0,0.0,MediaTek Dimensity 8100 (5 nm),0.0
Xiaomi Redmi K50 Pro,Xiaomi,2022.0,545.422,6.67,201.0,5000.0,8.5,108.0,1440.0,3200.0,526.0980437651888,512.0,12.0,1.0,1.0,1.0,0.0,MediaTek Dimensity 9000 (4 nm),0.0
Xiaomi Redmi Note 11 Pro+ 5G,Xiaomi,2021.0,389.0,6.67,204.0,4500.0,8.3,108.0,1080.0,2400.0,394.57353282389164,256.0,8.0,1.0,1.0,1.0,1.0,MediaTek Dimensity 920 (6 nm),0.0
Xiaomi Redmi 10 5G,Xiaomi,2022.0,171.12,6.58,200.0,5000.0,8.9,50.0,1080.0,2408.0,401.07946472241093,128.0,6.0,0.0,1.0,1.0,1.0,MediaTek MT6833 Dimensity 700 (7 nm),0.0
Xiaomi Redmi Note 11S 5G,Xiaomi,2022.0,229.99,6.6,195.0,5000.0,8.8,50.0,1080.0,2400.0,398.7584036265693,128.0,6.0,0.0,1.0,1.0,1.0,MediaTek MT6833P Dimensity 810 (6 nm),0.0
Xiaomi Redmi 10A,Xiaomi,2022.0,119.0,6.53,194.0,5000.0,9.0,13.0,720.0,1600.0,268.68866400565156,128.0,6.0,0.0,0.0,0.0,1.0,MediaTek MT6762G Helio G25 (12 nm),0.0
Xiaomi Black Shark 5 RS,Xiaomi,2022.0,470.0,6.67,220.0,4500.0,9.9,64.0,1080.0,2400.0,394.57353282389164,256.0,12.0,1.0,1.0,1.0,1.0,Qualcomm SM8350 Snapdragon 888/888+ 5G (5 nm),0.0
Xiaomi Black Shark 5,Xiaomi,2022.0,589.0,6.67,218.0,4650.0,10.0,64.0,1080.0,2400.0,394.57353282389164,256.0,12.0,1.0,1.0,1.0,0.0,Qualcomm SM8250-AC Snapdragon 870 5G (7 nm),0.0
Xiaomi Civi 1S,Xiaomi,2022.0,330.0,6.55,166.0,4500.0,7.0,64.0,1080.0,2400.0,401.8023609061614,256.0,12.0,1.0,1.0,1.0,0.0,Qualcomm SM7325-AE Snapdragon 778G+ 5G (6 nm),0.0
Xiaomi Poco F4 GT,Xiaomi,2022.0,469.0,6.67,210.0,4700.0,8.5,64.0,1080.0,2400.0,394.57353282389164,256.0,12.0,1.0,1.0,1.0,0.0,Qualcomm SM8450 Snapdragon 8 Gen 1 (4 nm),0.0
Xiaomi Redmi Note 11SE,Xiaomi,2022.0,150.0,6.5,190.0,5000.0,8.9,48.0,1080.0,2400.0,404.89314829774725,128.0,8.0,0.0,1.0,1.0,1.0,MediaTek MT6833 Dimensity 700 (7 nm),0.0
Xiaomi Redmi Note 11T Pro,Xiaomi,2022.0,250.0,6.6,200.0,5080.0,8.9,64.0,1080.0,2460.0,407.0656941316021,512.0,8.0,0.0,1.0,1.0,1.0,MediaTek Dimensity 8100 (5 nm),0.0
Xiaomi Redmi Note 11T Pro+,Xiaomi,2022.0,300.0,6.6,198.0,4400.0,8.9,64.0,1080.0,2460.0,407.0656941316021,512.0,8.0,0.0,1.0,1.0,1.0,MediaTek Dimensity 8100 (5 nm),0.0
Xiaomi Poco C40,Xiaomi,2022.0,127.99,6.71,204.0,6000.0,9.2,13.0,720.0,1650.0,268.2935890672578,64.0,4.0,0.0,0.0,1.0,1.0,JLQ JR510 (11 nm),0.0
Xiaomi Poco X4 GT,Xiaomi,2022.0,332.51,6.6,200.0,5080.0,8.9,64.0,1080.0,2460.0,407.0656941316021,256.0,8.0,0.0,1.0,1.0,1.0,MediaTek Dimensity 8100 (5 nm),0.0
Xiaomi Poco F4,Xiaomi,2022.0,424.67,6.67,195.0,4500.0,7.7,64.0,1080.0,2400.0,394.57353282389164,256.0,12.0,1.0,1.0,1.0,0.0,Qualcomm SM8250-AC Snapdragon 870 5G (7 nm),0.0
Xiaomi 12 Pro (Dimensity),Xiaomi,2022.0,570.0,6.73,201.0,5160.0,8.2,50.0,1440.0,3200.0,521.4077194522747,256.0,12.0,1.0,1.0,1.0,0.0,MediaTek Dimensity 9000+ (4 nm),0.0
Xiaomi 12S,Xiaomi,2022.0,570.0,6.28,179.0,4500.0,8.2,50.0,1080.0,2400.0,419.0773031744199,512.0,12.0,1.0,1.0,1.0,0.0,Qualcomm SM8475 Snapdragon 8+ Gen 1 (4 nm),0.0
Xiaomi 12S Pro,Xiaomi,2022.0,670.0,6.73,203.0,4600.0,8.2,50.0,1440.0,3200.0,521.4077194522747,512.0,12.0,1.0,1.0,1.0,0.0,Qualcomm SM8475 Snapdragon 8+ Gen 1 (4 nm),0.0
Xiaomi 12S Ultra,Xiaomi,2022.0,871.24,6.73,225.0,4860.0,9.1,50.3,1440.0,3200.0,521.4077194522747,512.0,12.0,1.0,1.0,1.0,0.0,Qualcomm SM8475 Snapdragon 8+ Gen 1 (4 nm),0.0
Xiaomi 12 Lite,Xiaomi,2022.0,373.74,6.55,173.0,4300.0,7.3,108.0,1080.0,2400.0,401.8023609061614,256.0,8.0,1.0,1.0,1.0,0.0,Qualcomm SM7325 Snapdragon 778G 5G (6 nm),0.0
Xiaomi Mix Fold 2,Xiaomi,2022.0,1300.0,8.02,262.0,4500.0,5.4,50.0,1914.0,2160.0,359.8503740648379,1024.0,12.0,1.0,1.0,1.0,0.0,Qualcomm SM8475 Snapdragon 8+ Gen 1 (4 nm),0.0
Xiaomi Redmi K50 Ultra,Xiaomi,2022.0,430.0,6.67,202.0,5000.0,8.6,108.0,1220.0,2712.0,445.8434858692056,512.0,12.0,1.0,1.0,1.0,0.0,Qualcomm SM8475 Snapdragon 8+ Gen 1 (4 nm),0.0
Xiaomi Poco M4 5G,Xiaomi,2022.0,154.56,6.58,200.0,5000.0,8.9,13.0,1080.0,2408.0,401.07946472241093,128.0,6.0,0.0,1.0,1.0,1.0,MediaTek MT6833 Dimensity 700 (7 nm),0.0
Xiaomi Poco M5,Xiaomi,2022.0,188.94,6.58,201.0,5000.0,8.9,50.0,1080.0,2408.0,401.07946472241093,128.0,6.0,0.0,0.0,1.0,1.0,MediaTek MT8781 Helio G99 (6nm),0.0
Xiaomi Poco M5s,Xiaomi,2022.0,189.04,6.43,178.8,5000.0,8.3,64.0,1080.0,2400.0,409.3010052776606,128.0,6.0,1.0,0.0,1.0,1.0,Mediatek Helio G95 (12 nm),0.0
Xiaomi Redmi A1,Xiaomi,2022.0,94.96,6.52,192.0,5000.0,9.1,8.0,720.0,1600.0,269.1007631835743,32.0,3.0,0.0,0.0,0.0,1.0,Mediatek MT6761 Helio A22 (12 nm),0.0
Xiaomi Redmi 11 Prime,Xiaomi,2022.0,160.0,6.58,201.0,5000.0,8.9,50.0,1080.0,2408.0,401.07946472241093,128.0,6.0,0.0,0.0,1.0,1.0,MediaTek MT8781 Helio G99 (6nm),0.0
Xiaomi Civi 2,Xiaomi,2022.0,350.0,6.55,171.8,4500.0,7.2,50.0,1080.0,2400.0,401.8023609061614,256.0,12.0,1.0,1.0,1.0,0.0,Qualcomm Snapdragon 7 Gen 1 (4 nm),0.0
Xiaomi Redmi A1+,Xiaomi,2022.0,112.34,6.52,192.0,5000.0,9.1,8.0,720.0,1600.0,269.1007631835743,32.0,3.0,0.0,0.0,0.0,1.0,Mediatek MT6761 Helio A22 (12 nm),0.0
Xiaomi Redmi Note 11R,Xiaomi,2022.0,160.0,6.58,201.0,5000.0,8.9,13.0,1080.0,2408.0,401.07946472241093,128.0,8.0,0.0,1.0,0.0,1.0,MediaTek MT6833 Dimensity 700 (7 nm),0.0
Xiaomi 12T,Xiaomi,2022.0,507.99,6.67,202.0,5000.0,8.6,108.0,1220.0,2712.0,445.8434858692056,256.0,8.0,1.0,1.0,1.0,0.0,MediaTek Dimensity 8100-Ultra,0.0
Xiaomi 12T Pro,Xiaomi,2022.0,596.78,6.67,205.0,5000.0,8.6,200.0,1220.0,2712.0,445.8434858692056,256.0,12.0,1.0,1.0,1.0,0.0,Qualcomm SM8475 Snapdragon 8+ Gen 1 (4 nm),0.0
Xiaomi Redmi Note 12,Xiaomi,2022.0,173.88,6.67,188.0,5000.0,8.0,48.0,1080.0,2400.0,394.57353282389164,256.0,8.0,1.0,1.0,0.0,1.0,Qualcomm SM4375 Snapdragon 4 Gen 1 (6 nm),0.0
Xiaomi Redmi Note 12 Pro,Xiaomi,2022.0,247.48000000000002,6.67,187.0,5000.0,7.9,50.0,1080.0,2400.0,394.57353282389164,256.0,12.0,1.0,1.0,1.0,1.0,MediaTek Dimensity 1080 (6 nm),0.0
Xiaomi Redmi Note 12 Pro+,Xiaomi,2022.0,311.88,6.67,208.4,5000.0,9.0,200.0,1080.0,2400.0,394.57353282389164,256.0,12.0,1.0,1.0,1.0,1.0,MediaTek Dimensity 1080 (6 nm),0.0
Xiaomi Redmi Note 12 Discovery,Xiaomi,2022.0,348.68,6.67,207.5,4300.0,9.0,200.0,1080.0,2400.0,394.57353282389164,256.0,8.0,1.0,1.0,1.0,1.0,MediaTek Dimensity 1080 (6 nm),0.0
Xiaomi 13,Xiaomi,2022.0,550.0,6.36,185.0,4500.0,8.0,50.0,1080.0,2400.0,413.80589055587376,512.0,12.0,1.0,1.0,1.0,0.0,Qualcomm SM8550 Snapdragon 8 Gen 2 (4 nm),0.0
Xiaomi 13 Pro,Xiaomi,2022.0,827.08,6.73,210.0,4820.0,8.4,50.3,1440.0,3200.0,521.4077194522747,512.0,12.0,1.0,1.0,1.0,0.0,Qualcomm SM8550 Snapdragon 8 Gen 2 (4 nm),0.0
Xiaomi Redmi K60,Xiaomi,2022.0,350.0,6.67,199.0,5500.0,8.6,64.0,1440.0,3200.0,526.0980437651888,512.0,16.0,1.0,1.0,1.0,0.0,Qualcomm SM8475 Snapdragon 8+ Gen 1 (4 nm),0.0
Xiaomi Redmi K60E,Xiaomi,2022.0,300.0,6.67,202.0,5500.0,8.5,48.0,1440.0,3200.0,526.0980437651888,512.0,12.0,1.0,1.0,1.0,0.0,MediaTek Dimensity 8200 (4 nm),0.0
Xiaomi Redmi K60 Pro,Xiaomi,2022.0,460.0,6.67,201.0,5000.0,8.6,54.0,1440.0,3200.0,526.0980437651888,512.0,16.0,1.0,1.0,1.0,0.0,Qualcomm SM8550 Snapdragon 8 Gen 2 (4 nm),0.0
Xiaomi Redmi Note 12 Pro Speed,Xiaomi,2022.0,230.0,6.67,181.0,5000.0,7.9,108.0,1080.0,2400.0,394.57353282389164,256.0,12.0,1.0,1.0,1.0,1.0,Qualcomm SM7325 Snapdragon 778G 5G (6 nm),0.0
Xiaomi Redmi 12C,Xiaomi,2022.0,110.0,6.71,192.0,5000.0,8.8,50.0,720.0,1650.0,268.2935890672578,128.0,6.0,0.0,0.0,0.0,1.0,MediaTek MT6769Z Helio G85 (12nm),0.0
Wiko Lenny2,Wiko,2015.0,120.0,5.0,156.0,1800.0,9.0,5.0,480.0,854.0,195.93019164998537,4.0,0.75,0.0,0.0,0.0,1.0,Mediatek MT6580M (28 nm),0.0
Wiko View,Wiko,2017.0,150.0,5.7,160.0,2900.0,8.7,13.0,720.0,1440.0,282.45069189471025,32.0,3.0,0.0,0.0,0.0,1.0,Qualcomm MSM8917 Snapdragon 425 (28 nm),0.0
Wiko View Prime,Wiko,2017.0,190.0,5.7,162.0,3000.0,8.3,16.0,720.0,1440.0,282.45069189471025,64.0,4.0,0.0,0.0,0.0,1.0,Qualcomm MSM8937 Snapdragon 430 (28 nm),0.0
Wiko View2,Wiko,2018.0,200.0,6.0,153.0,3000.0,8.3,13.0,720.0,1528.0,281.52284296502677,32.0,3.0,0.0,0.0,1.0,1.0,Qualcomm MSM8940 Snapdragon 435 (28 nm),0.0
Wiko View2 Pro,Wiko,2018.0,300.0,6.0,164.0,3000.0,8.3,16.0,720.0,1528.0,281.52284296502677,64.0,4.0,0.0,0.0,1.0,1.0,Qualcomm SDM450 Snapdragon 450 (14 nm),0.0
Wiko View3,Wiko,2019.0,180.0,6.26,178.0,4000.0,8.2,12.0,720.0,1520.0,268.6747097971711,64.0,3.0,0.0,0.0,0.0,1.0,Mediatek MT6762WB Helio P22 (12 nm),0.0
Wiko View3 Pro,Wiko,2019.0,250.0,6.3,184.0,4000.0,8.1,12.0,1080.0,2340.0,409.08060180789585,128.0,6.0,0.0,0.0,1.0,1.0,Mediatek MT6771 Helio P60 (12 nm),0.0
Wiko Y80,Wiko,2019.0,80.0,5.99,185.0,4000.0,8.6,13.0,720.0,1440.0,268.7761174958011,16.0,2.0,0.0,0.0,0.0,1.0,Unisoc SC9863A (28nm),0.0
Wiko Jerry3,Wiko,2019.0,60.0,5.45,172.0,2500.0,9.1,5.0,480.0,960.0,196.9380971008989,16.0,1.0,0.0,0.0,0.0,1.0,,0.0
Wiko Tommy3 Plus,Wiko,2019.0,80.0,5.45,150.0,2900.0,8.4,13.0,720.0,1440.0,295.40714565134834,16.0,2.0,0.0,0.0,0.0,1.0,Mediatek MT6739WA (28 nm),0.0
Wiko Jerry4,Wiko,2019.0,80.0,5.99,167.0,3730.0,9.0,8.0,720.0,1440.0,268.7761174958011,16.0,1.0,0.0,0.0,0.0,1.0,,0.0
Wiko Y70,Wiko,2019.0,80.0,5.99,167.0,3730.0,9.0,8.0,720.0,1440.0,268.7761174958011,16.0,1.0,0.0,0.0,0.0,1.0,,0.0
Wiko Y50,Wiko,2019.0,50.0,5.0,160.0,2200.0,8.7,5.0,480.0,854.0,195.93019164998537,32.0,1.0,0.0,0.0,0.0,1.0,,0.0
Wiko Sunny3 Plus,Wiko,2019.0,50.0,5.45,175.0,2200.0,9.3,5.0,480.0,960.0,196.9380971008989,8.0,1.0,0.0,0.0,0.0,1.0,,0.0
Wiko Y60,Wiko,2020.0,50.0,5.45,177.7,2500.0,9.3,5.0,480.0,960.0,196.9380971008989,16.0,1.0,0.0,0.0,0.0,1.0,,0.0
Wiko View3 Lite,Wiko,2020.0,90.0,6.09,160.1,4000.0,8.7,13.0,720.0,1560.0,282.1245529709626,32.0,2.0,0.0,0.0,0.0,1.0,Unisoc SC9863A (28nm),0.0
Wiko Sunny4,Wiko,2020.0,50.0,5.0,160.0,2200.0,8.7,5.0,480.0,854.0,195.93019164998537,16.0,1.0,0.0,0.0,0.0,1.0,,0.0
Wiko View4,Wiko,2020.0,160.0,6.52,180.0,5000.0,8.9,13.0,720.0,1600.0,269.1007631835743,64.0,3.0,0.0,0.0,0.0,1.0,MediaTek MT6762D Helio A25 (12 nm),0.0
Wiko View4 Lite,Wiko,2020.0,80.0,6.52,174.0,4000.0,8.5,13.0,720.0,1600.0,269.1007631835743,64.0,2.0,0.0,0.0,0.0,1.0,MediaTek MT6762D Helio A25 (12 nm),0.0
Wiko Y61,Wiko,2020.0,60.0,5.99,190.0,3000.0,9.0,8.0,480.0,960.0,179.18407833053405,32.0,2.0,0.0,0.0,0.0,1.0,Mediatek MT6761WE,0.0
Wiko Sunny5,Wiko,2020.0,60.0,5.99,166.0,3000.0,9.0,5.0,480.0,960.0,179.18407833053405,32.0,1.0,0.0,0.0,0.0,1.0,,0.0
Wiko Y81,Wiko,2020.0,80.0,6.2,166.0,4000.0,8.3,13.0,720.0,1520.0,271.27478763391787,32.0,2.0,0.0,0.0,0.0,1.0,Mediatek MT6761D Helio A20 (12 nm),0.0
Wiko View5,Wiko,2020.0,370.0,6.55,201.0,5000.0,9.3,48.0,720.0,1600.0,267.8682406041076,64.0,3.0,0.0,0.0,0.0,1.0,MediaTek MT6762D Helio A25 (12 nm),0.0
Wiko View5 Plus,Wiko,2020.0,300.0,6.55,201.0,5000.0,9.3,48.0,720.0,1600.0,267.8682406041076,128.0,4.0,0.0,0.0,0.0,1.0,Mediatek MT6765 Helio P35 (12nm),0.0
Wiko Y51,Wiko,2021.0,70.0,5.45,175.0,2500.0,9.0,5.0,480.0,960.0,196.9380971008989,16.0,1.0,0.0,0.0,0.0,1.0,,0.0
Wiko Sunny5 Lite,Wiko,2020.0,60.0,5.45,175.0,2500.0,9.0,5.0,480.0,960.0,196.9380971008989,32.0,1.0,0.0,0.0,0.0,1.0,,0.0
Wiko Y62,Wiko,2021.0,70.0,6.1,171.5,3000.0,9.1,5.0,720.0,1560.0,281.6620537037971,16.0,1.0,0.0,0.0,0.0,1.0,Mediatek MT6761D Helio A20 (12 nm),0.0
Wiko Power U10,Wiko,2021.0,100.0,6.82,206.0,5000.0,9.5,13.0,720.0,1640.0,262.6230284720013,32.0,3.0,0.0,0.0,0.0,1.0,MediaTek MT6765G Helio G35 (12 nm),0.0
Wiko Power U20,Wiko,2021.0,120.0,6.82,210.0,6000.0,9.5,13.0,720.0,1640.0,262.6230284720013,64.0,3.0,0.0,0.0,0.0,1.0,MediaTek MT6765G Helio G35 (12 nm),0.0
Wiko Y52,Wiko,2021.0,50.0,5.0,153.0,2020.0,10.2,5.0,480.0,854.0,195.93019164998537,16.0,1.0,0.0,0.0,0.0,1.0,Unisoc SC9832E (28nm),0.0
Wiko Power U30,Wiko,2021.0,150.0,6.82,214.0,6000.0,9.5,13.0,720.0,1640.0,262.6230284720013,128.0,4.0,0.0,0.0,0.0,1.0,MediaTek MT6765G Helio G35 (12 nm),0.0
Wiko Y62 Plus,Wiko,2021.0,70.0,6.1,172.0,3000.0,9.1,8.0,720.0,1560.0,281.6620537037971,32.0,2.0,0.0,0.0,0.0,1.0,Mediatek MT6761D Helio A20 (12 nm),0.0
Wiko 10,Wiko,2022.0,140.0,6.75,199.0,5000.0,9.0,50.0,720.0,1600.0,259.93140384546734,128.0,6.0,0.0,0.0,0.0,1.0,Mediatek MT6765 Helio G37 (12 nm),0.0
Wiko 5G,Wiko,2022.0,270.0,6.78,191.0,4000.0,7.9,108.0,1080.0,2388.0,386.5585593082292,256.0,8.0,0.0,1.0,0.0,0.0,Qualcomm SM6375 Snapdragon 695 5G (6 nm),0.0
Vodafone Smart first 6,Vodafone,2015.0,60.0,4.0,112.0,1400.0,11.8,2.0,480.0,800.0,233.23807579381202,4.0,0.5,0.0,0.0,0.0,1.0,Mediatek MT6572M (28 nm),0.0
Vodafone Smart prime 6,Vodafone,2015.0,110.0,5.0,155.0,2500.0,9.0,8.0,720.0,1280.0,293.7209560109731,8.0,1.0,0.0,0.0,0.0,1.0,Qualcomm MSM8916 Snapdragon 410 (28 nm),0.0
Vodafone Smart ultra 6,Vodafone,2015.0,170.0,5.5,159.0,3000.0,8.4,13.0,1080.0,1920.0,400.52857637859967,16.0,2.0,0.0,0.0,0.0,1.0,Qualcomm MSM8939 Snapdragon 615 (28 nm),0.0
Vodafone Smart speed 6,Vodafone,2015.0,70.0,4.5,146.0,1780.0,10.0,5.0,480.0,854.0,217.70021294442822,8.0,1.0,0.0,0.0,0.0,1.0,Mediatek MT6735M (28 nm),0.0
Vodafone Smart first 7,Vodafone,2016.0,30.0,3.5,110.0,1400.0,12.0,2.0,320.0,480.0,164.8252011640681,4.0,0.5,0.0,0.0,0.0,1.0,Spreadtrum SC7731G,0.0
Vodafone Smart prime 7,Vodafone,2016.0,100.0,5.0,128.0,2540.0,8.0,8.0,720.0,1280.0,293.7209560109731,8.0,1.0,0.0,0.0,1.0,1.0,Qualcomm MSM8909 Snapdragon 210 (28 nm),0.0
Vodafone Smart Platinum 7,Vodafone,2016.0,380.0,5.5,155.0,3000.0,7.0,16.0,1440.0,2560.0,534.038101838133,32.0,3.0,1.0,0.0,1.0,1.0,Qualcomm MSM8976 Snapdragon 652 (28 nm),0.0
Vodafone Smart ultra 7,Vodafone,2016.0,160.0,5.5,150.0,2960.0,8.7,13.0,1080.0,1920.0,400.52857637859967,16.0,2.0,0.0,0.0,0.0,1.0,Mediatek MT6755M (28 nm),0.0
Vodafone Smart Turbo 7,Vodafone,2016.0,60.0,5.0,167.9,2000.0,9.5,5.0,480.0,854.0,195.93019164998537,8.0,1.0,0.0,0.0,0.0,1.0,Mediatek MT6735M (28 nm),0.0
Vodafone Smart N8,Vodafone,2017.0,100.0,5.0,151.0,2400.0,8.6,13.0,720.0,1280.0,293.7209560109731,16.0,1.5,0.0,0.0,1.0,1.0,Mediatek MT6737 (28 nm),0.0
Vodafone Smart V8,Vodafone,2017.0,230.0,5.5,166.0,3000.0,7.9,16.0,1080.0,1920.0,400.52857637859967,32.0,3.0,0.0,0.0,1.0,1.0,Qualcomm MSM8940 Snapdragon 435 (28 nm),0.0
Vodafone Smart E8,Vodafone,2017.0,80.0,5.0,169.0,2200.0,9.2,5.0,480.0,854.0,195.93019164998537,8.0,1.0,0.0,0.0,1.0,1.0,Qualcomm MSM8909 Snapdragon 210 (28 nm),0.0
Vodafone Smart N9 lite,Vodafone,2018.0,100.0,5.34,155.0,2460.0,9.4,8.0,480.0,960.0,200.99487438200356,16.0,1.0,0.0,0.0,1.0,1.0,Mediatek MT6739WA (28 nm),0.0
Vodafone Smart N9,Vodafone,2018.0,120.0,5.5,145.0,2900.0,8.7,13.0,720.0,1440.0,292.721626145427,16.0,2.0,0.0,0.0,1.0,1.0,Mediatek MT6739WA (28 nm),0.0
Vodafone Smart X9,Vodafone,2018.0,110.0,5.7,153.0,3100.0,8.0,16.0,1080.0,2160.0,423.6760378420654,32.0,3.0,0.0,0.0,1.0,1.0,Qualcomm SDM450 Snapdragon 450 (14 nm),0.0
Vodafone Smart E9,Vodafone,2018.0,70.0,5.0,134.0,2000.0,9.8,5.0,480.0,960.0,214.6625258399798,8.0,1.0,0.0,0.0,0.0,1.0,Mediatek MT6739 (28 nm),0.0
Vodafone Smart N10,Vodafone,2019.0,150.0,5.67,160.0,2920.0,8.4,13.0,720.0,1500.0,293.44814018755653,16.0,2.0,0.0,0.0,0.0,1.0,Mediatek MT6761V/WA Helio A22 (12 nm),0.0
Vodafone Smart V10,Vodafone,2019.0,180.0,5.9,145.0,3400.0,8.2,13.0,720.0,1560.0,291.20991993104445,32.0,3.0,0.0,0.0,0.0,1.0,Qualcomm SDM429 Snapdragon 429 (12 nm),0.0
vivo X5Pro,vivo,2015.0,300.0,5.2,151.0,2450.0,6.4,13.0,1080.0,1920.0,423.6359942465958,16.0,2.0,1.0,0.0,0.0,1.0,Qualcomm MSM8939 Snapdragon 615 (28 nm),0.0
vivo X5Max Platinum Edition,vivo,2015.0,440.0,5.5,194.0,4150.0,7.3,13.0,1080.0,1920.0,400.52857637859967,32.0,3.0,1.0,0.0,0.0,1.0,Mediatek MT6752 (28 nm),0.0
vivo Y35 (2015),vivo,2015.0,100.0,5.0,153.0,2300.0,6.8,13.0,720.0,1280.0,293.7209560109731,16.0,2.0,0.0,0.0,0.0,1.0,Qualcomm MSM8916 Snapdragon 410 (28 nm),0.0
vivo Y31 (2015),vivo,2015.0,130.0,4.7,137.0,2100.0,8.4,8.0,720.0,1280.0,312.4691021393331,8.0,1.0,0.0,0.0,0.0,1.0,Mediatek MT6580 (28 nm),0.0
vivo Y51 (2015),vivo,2015.0,130.0,5.0,157.0,2350.0,7.5,8.0,540.0,960.0,220.29071700822982,16.0,2.0,0.0,0.0,0.0,1.0,Qualcomm MSM8916 Snapdragon 410 (28 nm),0.0
vivo Xplay5,vivo,2016.0,520.0,5.43,167.8,3600.0,7.6,16.0,1440.0,2560.0,540.9225709226025,128.0,4.0,1.0,0.0,1.0,1.0,Qualcomm MSM8976 Snapdragon 652 (28 nm),0.0
vivo Xplay5 Elite,vivo,2016.0,610.0,5.43,167.8,3600.0,7.6,16.0,1440.0,2560.0,540.9225709226025,128.0,6.0,1.0,0.0,1.0,1.0,Qualcomm MSM8996 Snapdragon 820 (14 nm),0.0
vivo X6S,vivo,2016.0,350.0,5.2,140.5,2400.0,6.7,13.0,1080.0,1920.0,423.6359942465958,64.0,4.0,1.0,0.0,0.0,1.0,Qualcomm MSM8976 Snapdragon 652 (28 nm),0.0
vivo X6S Plus,vivo,2016.0,410.0,5.7,172.5,3000.0,6.9,16.0,1080.0,1920.0,386.47494211970144,64.0,4.0,1.0,0.0,0.0,1.0,Qualcomm MSM8976 Snapdragon 652 (28 nm),0.0
vivo V3,vivo,2016.0,260.0,5.0,138.0,2550.0,7.5,13.0,720.0,1280.0,293.7209560109731,32.0,3.0,0.0,0.0,0.0,1.0,Qualcomm MSM8939v2 Snapdragon 616 (28 nm),0.0
vivo V3Max,vivo,2016.0,300.0,5.5,168.0,3000.0,7.6,13.0,1080.0,1920.0,400.52857637859967,32.0,4.0,0.0,0.0,0.0,1.0,Qualcomm MSM8976 Snapdragon 652 (28 nm),0.0
vivo X7,vivo,2016.0,640.0,5.2,151.0,3000.0,7.2,13.0,1080.0,1920.0,423.6359942465958,64.0,4.0,1.0,0.0,0.0,1.0,Qualcomm MSM8976 Snapdragon 652 (28 nm),0.0
vivo X7 Plus,vivo,2016.0,680.0,5.7,183.5,4000.0,7.5,16.0,1080.0,1920.0,386.47494211970144,64.0,4.0,1.0,0.0,0.0,1.0,Qualcomm MSM8976 Snapdragon 652 (28 nm),0.0
vivo V5,vivo,2016.0,250.0,5.5,154.0,3000.0,7.6,13.0,720.0,1280.0,267.0190509190665,32.0,4.0,0.0,0.0,0.0,1.0,Mediatek MT6750 (28 nm),0.0
vivo X9,vivo,2016.0,460.0,5.5,154.0,3050.0,7.0,16.0,1080.0,1920.0,400.52857637859967,128.0,4.0,1.0,0.0,0.0,1.0,Qualcomm MSM8953 Snapdragon 625 (14 nm),0.0
vivo X9 Plus,vivo,2016.0,580.0,5.88,199.0,4000.0,7.5,16.0,1080.0,1920.0,374.64407654460854,64.0,6.0,0.0,0.0,0.0,1.0,Qualcomm MSM8976 Pro Snapdragon 653 (28 nm),0.0
vivo Xplay6,vivo,2016.0,700.0,5.46,178.0,4080.0,8.4,12.0,1440.0,2560.0,537.9504688845661,128.0,6.0,1.0,0.0,1.0,1.0,Qualcomm MSM8996 Snapdragon 820 (14 nm),0.0
vivo Y67,vivo,2016.0,270.0,5.5,154.0,3000.0,7.6,13.0,720.0,1280.0,267.0190509190665,32.0,4.0,0.0,0.0,0.0,1.0,Mediatek MT6750 (28 nm),0.0
vivo V5 Plus,vivo,2017.0,450.0,5.5,158.6,3160.0,7.3,16.0,1080.0,1920.0,400.52857637859967,64.0,4.0,0.0,0.0,0.0,1.0,Qualcomm MSM8953 Snapdragon 625 (14 nm),0.0
vivo V5 Lite (vivo 1609),vivo,2017.0,160.0,5.5,155.0,3000.0,7.6,13.0,720.0,1280.0,267.0190509190665,32.0,3.0,0.0,0.0,0.0,1.0,,0.0
vivo Y55s,vivo,2017.0,200.0,5.2,142.0,2730.0,7.5,13.0,720.0,1280.0,282.42399616439724,16.0,3.0,0.0,0.0,0.0,1.0,Qualcomm MSM8917 Snapdragon 425 (28 nm),0.0
vivo V5s,vivo,2017.0,280.0,5.5,154.0,3000.0,7.6,13.0,720.0,1280.0,267.0190509190665,64.0,4.0,0.0,0.0,0.0,1.0,Mediatek MT6750 (28 nm),0.0
vivo X9s,vivo,2017.0,350.0,5.5,154.0,3320.0,7.0,16.0,1080.0,1920.0,400.52857637859967,64.0,4.0,1.0,0.0,0.0,1.0,Qualcomm MSM8976 Snapdragon 652 (28 nm),0.0
vivo X9s Plus,vivo,2017.0,390.0,5.85,183.2,4015.0,7.3,16.0,1080.0,1920.0,376.5653282191963,64.0,4.0,1.0,0.0,0.0,1.0,Qualcomm MSM8976 Pro Snapdragon 653 (28 nm),0.0
vivo Y69,vivo,2017.0,200.0,5.5,162.8,3000.0,7.7,13.0,720.0,1280.0,267.0190509190665,32.0,3.0,0.0,0.0,0.0,1.0,Mediatek MT6750 (28 nm),0.0
vivo Y65,vivo,2017.0,170.0,5.5,157.0,3000.0,7.5,13.0,720.0,1280.0,267.0190509190665,16.0,3.0,0.0,0.0,0.0,1.0,Qualcomm MSM8917 Snapdragon 425 (28 nm),0.0
vivo V7+,vivo,2017.0,360.0,5.99,160.0,3225.0,7.7,16.0,720.0,1440.0,268.7761174958011,64.0,4.0,0.0,0.0,0.0,1.0,Qualcomm SDM450 Snapdragon 450 (14 nm),0.0
vivo X20,vivo,2017.0,390.0,6.01,159.0,3250.0,7.2,12.0,1080.0,2160.0,401.82253173041147,64.0,4.0,1.0,0.0,0.0,1.0,Qualcomm SDM660 Snapdragon 660 (14 nm),0.0
vivo X20 Plus,vivo,2017.0,450.0,6.43,181.5,3900.0,7.5,12.0,1080.0,2160.0,375.5759588957656,64.0,4.0,1.0,0.0,0.0,1.0,Qualcomm SDM660 Snapdragon 660 (14 nm),0.0
vivo X20 Plus UD,vivo,2018.0,550.0,6.43,181.5,3900.0,7.5,12.0,1080.0,2160.0,375.5759588957656,128.0,4.0,1.0,0.0,0.0,1.0,Qualcomm SDM660 Snapdragon 660 (14 nm),0.0
vivo V7,vivo,2017.0,250.0,5.7,139.0,3000.0,7.9,16.0,720.0,1440.0,282.45069189471025,32.0,4.0,0.0,0.0,0.0,1.0,Qualcomm SDM450 Snapdragon 450 (14 nm),0.0
vivo X21,vivo,2018.0,450.0,6.28,156.2,3200.0,7.4,12.0,1080.0,2280.0,401.7285867827128,128.0,6.0,1.0,0.0,0.0,1.0,Qualcomm SDM660 Snapdragon 660 (14 nm),0.0
vivo X21 UD,vivo,2018.0,550.0,6.28,156.2,3200.0,7.4,12.0,1080.0,2280.0,401.7285867827128,128.0,6.0,1.0,0.0,0.0,1.0,Qualcomm SDM660 Snapdragon 660 (14 nm),0.0
vivo V9,vivo,2018.0,390.0,6.3,150.0,3260.0,7.9,16.0,1080.0,2280.0,400.4532579357836,64.0,4.0,0.0,0.0,0.0,1.0,Qualcomm MSM8953-Pro Snapdragon 626 (14 nm),0.0
vivo V9 Youth,vivo,2018.0,260.0,6.3,150.0,3260.0,7.9,16.0,1080.0,2280.0,400.4532579357836,64.0,4.0,0.0,0.0,0.0,1.0,Qualcomm SDM450 Snapdragon 450 (14 nm),0.0
vivo Y71,vivo,2018.0,140.0,6.0,150.0,3360.0,7.8,13.0,720.0,1440.0,268.32815729997475,32.0,4.0,0.0,0.0,0.0,1.0,Qualcomm MSM8917 Snapdragon 425 (28 nm),0.0
vivo X21i,vivo,2018.0,430.0,6.28,159.0,3425.0,7.0,12.0,1080.0,2280.0,401.7285867827128,128.0,6.0,1.0,0.0,0.0,1.0,Mediatek MT6771 Helio P60 (12 nm),0.0
vivo Y81,vivo,2018.0,180.0,6.22,146.5,3260.0,7.8,13.0,720.0,1520.0,270.4025214357381,32.0,4.0,0.0,0.0,0.0,1.0,Mediatek MT6762 Helio P22 (12 nm),0.0
vivo Y83,vivo,2018.0,250.0,6.22,150.0,3260.0,7.7,13.0,720.0,1520.0,270.4025214357381,64.0,4.0,0.0,0.0,0.0,1.0,Mediatek MT6762 Helio P22 (12 nm),0.0
vivo Z1,vivo,2018.0,180.0,6.26,149.3,3260.0,7.9,13.0,1080.0,2280.0,403.01206469575664,128.0,6.0,0.0,0.0,0.0,1.0,Qualcomm SDM660 Snapdragon 660 (14 nm),0.0
vivo NEX A,vivo,2018.0,600.0,6.59,199.0,4000.0,8.0,12.0,1080.0,2316.0,387.7748949341334,128.0,6.0,1.0,0.0,0.0,1.0,Qualcomm SDM710 Snapdragon 710 (10 nm),0.0
vivo NEX S,vivo,2018.0,700.0,6.59,199.0,4000.0,8.0,12.0,1080.0,2316.0,387.7748949341334,256.0,8.0,1.0,0.0,0.0,1.0,Qualcomm SDM845 Snapdragon 845 (10 nm),0.0
vivo V9 6GB,vivo,2018.0,300.0,6.3,150.0,3260.0,7.9,13.0,1080.0,2280.0,400.4532579357836,64.0,6.0,0.0,0.0,0.0,1.0,Qualcomm SDM660 Snapdragon 660 (14 nm),0.0
vivo Z1i,vivo,2018.0,180.0,6.26,149.3,3260.0,7.9,13.0,1080.0,2280.0,403.01206469575664,128.0,8.0,0.0,0.0,0.0,1.0,Qualcomm SDM636 Snapdragon 636 (14 nm),0.0
vivo Y83 Pro,vivo,2018.0,200.0,6.22,152.0,3260.0,7.7,13.0,720.0,1520.0,270.4025214357381,64.0,4.0,0.0,0.0,0.0,1.0,Mediatek MT6762 Helio P22 (12 nm),0.0
vivo V11 (V11 Pro),vivo,2018.0,290.0,6.41,156.0,3400.0,7.9,12.0,1080.0,2340.0,402.0604978767151,128.0,6.0,1.0,0.0,0.0,1.0,Qualcomm SDM660 Snapdragon 660 (14 nm),0.0
vivo X23,vivo,2018.0,500.0,6.41,160.5,3400.0,7.5,12.0,1080.0,2340.0,402.0604978767151,128.0,8.0,1.0,0.0,0.0,1.0,Qualcomm SDM670 Snapdragon 670 (10 nm),0.0
vivo Y97,vivo,2018.0,250.0,6.3,162.0,3315.0,8.1,16.0,1080.0,2280.0,400.4532579357836,128.0,4.0,0.0,0.0,0.0,1.0,Mediatek MT6771 Helio P60 (12 nm),0.0
vivo V11i,vivo,2018.0,280.0,6.3,164.0,3315.0,8.1,16.0,1080.0,2280.0,400.4532579357836,128.0,6.0,0.0,0.0,0.0,1.0,Mediatek MT6771 Helio P60 (12 nm),0.0
vivo Y71i,vivo,2018.0,120.0,6.0,150.0,3360.0,7.8,8.0,720.0,1440.0,268.32815729997475,16.0,2.0,0.0,0.0,0.0,1.0,Qualcomm MSM8917 Snapdragon 425 (28 nm),0.0
vivo Z3i,vivo,2018.0,350.0,6.3,164.0,3315.0,8.1,16.0,1080.0,2280.0,400.4532579357836,128.0,6.0,0.0,0.0,0.0,1.0,Mediatek MT6771 Helio P60 (12 nm),0.0
vivo Z3,vivo,2018.0,250.0,6.3,164.0,3315.0,8.1,16.0,1080.0,2280.0,400.4532579357836,128.0,6.0,0.0,0.0,0.0,1.0,"Qualcomm SDM670 Snapdragon 670 (10 nm)
Qualcomm SDM710 Snapdragon 710 (10 nm)",0.0
vivo Y81i,vivo,2018.0,130.0,6.22,143.0,3260.0,7.8,13.0,720.0,1520.0,270.4025214357381,16.0,2.0,0.0,0.0,0.0,1.0,Mediatek MT6761 Helio A22 (12 nm),0.0
vivo Y91 (Mediatek),vivo,2019.0,120.0,6.22,163.5,4030.0,8.3,13.0,720.0,1520.0,270.4025214357381,64.0,3.0,0.0,0.0,0.0,1.0,Mediatek MT6762 Helio P22 (12 nm),0.0
vivo Y91i (India),vivo,2019.0,100.0,6.22,163.5,4030.0,8.3,13.0,720.0,1520.0,270.4025214357381,32.0,3.0,0.0,0.0,0.0,1.0,Mediatek MT6762 Helio P22 (12 nm),0.0
vivo Y93,vivo,2018.0,200.0,6.2,163.5,4030.0,8.3,13.0,720.0,1520.0,271.27478763391787,64.0,4.0,0.0,0.0,0.0,1.0,Qualcomm SDM439 Snapdragon 439 (12 nm),0.0
vivo Y91i,vivo,2018.0,130.0,6.2,163.5,4030.0,8.3,13.0,720.0,1520.0,271.27478763391787,16.0,2.0,0.0,0.0,0.0,1.0,Qualcomm SDM439 Snapdragon 439 (12 nm),0.0
vivo Y95,vivo,2018.0,250.0,6.22,163.5,4030.0,8.3,13.0,720.0,1520.0,270.4025214357381,64.0,4.0,0.0,0.0,0.0,1.0,Qualcomm SDM439 Snapdragon 439 (12 nm),0.0
vivo Z1 Lite,vivo,2018.0,170.0,6.26,149.0,3260.0,7.9,16.0,1080.0,2280.0,403.01206469575664,32.0,4.0,0.0,0.0,0.0,1.0,Qualcomm MSM8953-Pro Snapdragon 626 (14 nm),0.0
vivo Y93s,vivo,2018.0,230.0,6.2,165.0,4030.0,8.3,13.0,720.0,1520.0,271.27478763391787,128.0,4.0,0.0,0.0,0.0,1.0,Mediatek MT6762 Helio P22 (12 nm),0.0
vivo NEX Dual Display,vivo,2018.0,960.0,6.39,199.0,3500.0,8.1,12.0,1080.0,2340.0,403.31890319088325,256.0,10.0,1.0,0.0,0.0,1.0,Qualcomm SDM845 Snapdragon 845 (10 nm),0.0
vivo Y89,vivo,2019.0,210.0,6.26,149.3,3260.0,7.9,16.0,1080.0,2280.0,403.01206469575664,64.0,4.0,0.0,0.0,0.0,1.0,Qualcomm MSM8953-Pro Snapdragon 626 (14 nm),0.0
vivo V15 Pro,vivo,2019.0,360.0,6.39,185.0,3700.0,8.2,48.0,1080.0,2340.0,403.31890319088325,128.0,8.0,1.0,0.0,1.0,1.0,Qualcomm SDM675 Snapdragon 675 (11 nm),0.0
vivo iQOO,vivo,2019.0,400.0,6.41,196.0,4000.0,8.5,12.0,1080.0,2340.0,402.0604978767151,256.0,12.0,1.0,0.0,1.0,1.0,Qualcomm SM8150 Snapdragon 855 (7 nm),0.0
vivo V15,vivo,2019.0,310.0,6.53,189.5,4000.0,8.5,24.0,1080.0,2340.0,394.6719435512624,128.0,6.0,0.0,0.0,0.0,1.0,Mediatek MT6771 Helio P70 (12nm),0.0
vivo X27,vivo,2019.0,380.0,6.39,188.0,4000.0,9.0,48.0,1080.0,2340.0,403.31890319088325,256.0,8.0,1.0,0.0,1.0,1.0,Qualcomm SDM710 Snapdragon 710 (10 nm),0.0
vivo S1 (China),vivo,2019.0,260.0,6.53,189.5,3940.0,8.5,12.0,1080.0,2340.0,394.6719435512624,128.0,6.0,0.0,0.0,0.0,1.0,Mediatek MT6771 Helio P70 (12nm),0.0
vivo X27 Pro,vivo,2019.0,530.0,6.7,200.0,4000.0,9.0,48.0,1080.0,2460.0,400.9900867565035,256.0,8.0,1.0,0.0,1.0,1.0,Qualcomm SDM710 Snapdragon 710 (10 nm),0.0
vivo Y15,vivo,2019.0,74.39,6.35,190.5,5000.0,8.9,13.0,720.0,1544.0,268.287302636844,64.0,4.0,0.0,0.0,0.0,1.0,Mediatek MT6762 Helio P22 (12 nm),0.0
vivo Y17,vivo,2019.0,230.0,6.35,190.5,5000.0,8.9,13.0,720.0,1544.0,268.287302636844,128.0,4.0,0.0,0.0,0.0,1.0,Mediatek MT6765 Helio P35 (12nm),0.0
vivo Z3x,vivo,2019.0,160.0,6.26,150.0,3260.0,7.9,13.0,1080.0,2280.0,403.01206469575664,64.0,6.0,0.0,0.0,0.0,1.0,Qualcomm SDM660 Snapdragon 660 (14 nm),0.0
vivo S1 Pro (China),vivo,2019.0,310.0,6.39,185.0,3700.0,8.2,48.0,1080.0,2340.0,403.31890319088325,256.0,8.0,1.0,0.0,0.0,1.0,Qualcomm SDM675 Snapdragon 675 (11 nm),0.0
vivo Z5x,vivo,2019.0,200.0,6.53,204.1,5000.0,8.9,16.0,1080.0,2340.0,394.6719435512624,128.0,8.0,0.0,0.0,0.0,1.0,Qualcomm SDM710 Snapdragon 710 (10 nm),0.0
vivo iQOO Neo,vivo,2019.0,250.0,6.38,198.5,4500.0,8.1,12.0,1080.0,2340.0,403.9510644811511,128.0,8.0,1.0,0.0,0.0,1.0,Qualcomm SDM845 Snapdragon 845 (10 nm),0.0
vivo Z1Pro,vivo,2019.0,190.0,6.53,201.0,5000.0,8.9,16.0,1080.0,2340.0,394.6719435512624,128.0,6.0,0.0,0.0,0.0,1.0,Qualcomm SDM712 Snapdragon 712 (10 nm),0.0
vivo Z5,vivo,2019.0,210.0,6.38,187.0,4500.0,8.1,48.0,1080.0,2340.0,403.9510644811511,256.0,8.0,1.0,0.0,0.0,1.0,Qualcomm SDM712 Snapdragon 712 (10 nm),0.0
vivo V17 Neo,vivo,2019.0,280.0,6.38,179.0,4500.0,8.1,16.0,1080.0,2340.0,403.9510644811511,128.0,6.0,1.0,0.0,1.0,1.0,Mediatek MT6768 Helio P65 (12nm),0.0
vivo Y90,vivo,2019.0,90.0,6.22,163.5,4030.0,8.3,8.0,720.0,1520.0,270.4025214357381,32.0,2.0,0.0,0.0,0.0,1.0,Mediatek MT6761 Helio A22 (12 nm),0.0
vivo iQOO Pro,vivo,2019.0,410.0,6.41,215.0,4500.0,9.3,48.0,1080.0,2340.0,402.0604978767151,128.0,12.0,1.0,0.0,1.0,1.0,Qualcomm SM8150 Snapdragon 855+ (7 nm),0.0
vivo iQOO Pro 5G,vivo,2019.0,500.0,6.41,217.0,4500.0,9.3,48.0,1080.0,2340.0,402.0604978767151,256.0,12.0,1.0,1.0,1.0,1.0,Qualcomm SM8150 Snapdragon 855+ (7 nm),0.0
vivo Z1x,vivo,2019.0,220.0,6.38,189.6,4500.0,8.1,48.0,1080.0,2340.0,403.9510644811511,128.0,8.0,1.0,0.0,0.0,1.0,Qualcomm SDM712 Snapdragon 712 (10 nm),0.0
vivo NEX 3,vivo,2019.0,640.0,6.89,217.3,4500.0,9.4,64.0,1080.0,2256.0,363.01696926633036,128.0,8.0,1.0,0.0,0.0,1.0,Qualcomm SM8150 Snapdragon 855+ (7 nm),0.0
vivo NEX 3 5G,vivo,2019.0,730.0,6.89,218.5,4500.0,9.4,64.0,1080.0,2256.0,363.01696926633036,256.0,12.0,1.0,1.0,0.0,1.0,Qualcomm SM8150 Snapdragon 855+ (7 nm),0.0
vivo Y3,vivo,2019.0,190.0,6.35,190.5,5000.0,8.9,13.0,720.0,1544.0,268.287302636844,128.0,6.0,0.0,0.0,0.0,1.0,Mediatek MT6765 Helio P35 (12nm),0.0
vivo Y3 (4GB+64GB),vivo,2019.0,140.0,6.35,190.0,5000.0,8.9,13.0,720.0,1544.0,268.287302636844,64.0,4.0,0.0,0.0,0.0,1.0,Mediatek MT6765 Helio P35 (12nm),0.0
vivo U10,vivo,2019.0,120.0,6.35,190.5,5000.0,8.9,13.0,720.0,1544.0,268.287302636844,64.0,6.0,0.0,0.0,0.0,1.0,Qualcomm SDM665 Snapdragon 665 (11 nm),0.0
vivo U3,vivo,2019.0,130.0,6.53,193.0,5000.0,8.9,16.0,1080.0,2340.0,394.6719435512624,64.0,6.0,0.0,0.0,0.0,1.0,Qualcomm SDM675 Snapdragon 675 (11 nm),0.0
vivo iQOO Neo 855,vivo,2019.0,260.0,6.38,198.5,4500.0,8.1,12.0,1080.0,2340.0,403.9510644811511,256.0,8.0,1.0,0.0,0.0,1.0,Qualcomm SM8150 Snapdragon 855 (7 nm),0.0
vivo Y19,vivo,2019.0,210.0,6.53,193.0,5000.0,8.9,16.0,1080.0,2340.0,394.6719435512624,128.0,8.0,0.0,0.0,0.0,1.0,Mediatek MT6768 Helio P65 (12nm),0.0
vivo Y5s,vivo,2019.0,190.0,6.53,193.0,5000.0,8.9,16.0,1080.0,2340.0,394.6719435512624,128.0,6.0,0.0,0.0,0.0,1.0,Mediatek MT6768 Helio P65 (12nm),0.0
vivo Y3 Standard,vivo,2019.0,130.0,6.35,191.5,5000.0,8.9,13.0,720.0,1544.0,268.287302636844,64.0,3.0,0.0,0.0,0.0,1.0,Qualcomm SDM439 Snapdragon 439 (12 nm),0.0
vivo U20,vivo,2019.0,130.0,6.53,193.0,5000.0,8.9,16.0,1080.0,2340.0,394.6719435512624,64.0,6.0,0.0,0.0,0.0,1.0,Qualcomm SDM675 Snapdragon 675 (11 nm),0.0
vivo S5,vivo,2019.0,350.0,6.44,188.0,4100.0,8.6,48.0,1080.0,2400.0,408.66544471045916,256.0,8.0,1.0,0.0,0.0,1.0,Qualcomm SDM712 Snapdragon 712 (10 nm),0.0
vivo S1 Pro,vivo,2019.0,150.0,6.38,186.7,4500.0,8.7,48.0,1080.0,2340.0,403.9510644811511,128.0,8.0,1.0,0.0,0.0,1.0,Qualcomm SDM665 Snapdragon 665 (11 nm),0.0
vivo V17 (Russia),vivo,2019.0,330.0,6.38,186.7,4500.0,8.7,48.0,1080.0,2340.0,403.9510644811511,128.0,8.0,1.0,0.0,1.0,1.0,Qualcomm SDM665 Snapdragon 665 (11 nm),0.0
vivo Z5i,vivo,2019.0,230.0,6.53,193.0,5000.0,8.9,16.0,1080.0,2340.0,394.6719435512624,128.0,8.0,0.0,0.0,0.0,1.0,Qualcomm SDM675 Snapdragon 675 (11 nm),0.0
vivo Y9s,vivo,2019.0,260.0,6.38,186.7,4500.0,8.7,48.0,1080.0,2340.0,403.9510644811511,128.0,8.0,1.0,0.0,0.0,1.0,Qualcomm SDM665 Snapdragon 665 (11 nm),0.0
vivo iQOO Neo 855 Racing,vivo,2019.0,330.0,6.38,198.5,4500.0,8.1,12.0,1080.0,2340.0,403.9510644811511,128.0,12.0,1.0,0.0,0.0,1.0,Qualcomm SM8150 Snapdragon 855+ (7 nm),0.0
vivo V17,vivo,2019.0,270.0,6.44,176.0,4500.0,8.5,48.0,1080.0,2400.0,408.66544471045916,256.0,8.0,1.0,0.0,0.0,1.0,Qualcomm SDM675 Snapdragon 675 (11 nm),0.0
vivo X30,vivo,2019.0,420.0,6.44,196.5,4350.0,8.8,64.0,1080.0,2400.0,408.66544471045916,256.0,8.0,1.0,1.0,1.0,1.0,Exynos 980 (8 nm),0.0
vivo X30 Pro,vivo,2019.0,600.0,6.44,198.5,4350.0,8.8,64.0,1080.0,2400.0,408.66544471045916,256.0,8.0,1.0,1.0,1.0,1.0,Exynos 980 (8 nm),0.0
vivo iQOO 3 5G,vivo,2020.0,480.0,6.44,214.5,4400.0,9.2,48.0,1080.0,2400.0,408.66544471045916,256.0,12.0,1.0,1.0,1.0,1.0,Qualcomm SM8250 Snapdragon 865 5G (7 nm+),0.0
vivo Z6 5G,vivo,2020.0,300.0,6.57,201.0,5000.0,9.2,48.0,1080.0,2400.0,400.5792182550011,128.0,8.0,0.0,1.0,0.0,1.0,Qualcomm SM7250 Snapdragon 765G 5G (7 nm),0.0
vivo V19 (Indonesia),vivo,2020.0,270.0,6.44,176.0,4500.0,8.5,48.0,1080.0,2400.0,408.66544471045916,256.0,8.0,1.0,0.0,0.0,1.0,Qualcomm SDM675 Snapdragon 675 (11 nm),0.0
vivo NEX 3S 5G,vivo,2020.0,630.0,6.89,219.5,4500.0,9.4,64.0,1080.0,2256.0,363.01696926633036,256.0,12.0,1.0,1.0,1.0,1.0,Qualcomm SM8250 Snapdragon 865 5G (7 nm+),0.0
vivo iQOO Neo3 5G,vivo,2020.0,350.0,6.57,198.1,4500.0,8.9,48.0,1080.0,2408.0,401.68993574938565,256.0,12.0,0.0,1.0,1.0,1.0,Qualcomm SM8250 Snapdragon 865 5G (7 nm+),0.0
vivo X50 Lite,vivo,2020.0,300.0,6.38,190.2,4500.0,8.7,48.0,1080.0,2340.0,403.9510644811511,128.0,8.0,1.0,0.0,1.0,1.0,Qualcomm SDM665 Snapdragon 665 (11 nm),0.0
vivo iQOO Z1,vivo,2020.0,280.0,6.57,195.0,4500.0,8.9,48.0,1080.0,2408.0,401.68993574938565,256.0,12.0,0.0,1.0,1.0,1.0,Mediatek MT6889Z Dimensity 1000+ (7nm),0.0
vivo Y70s,vivo,2020.0,280.0,6.53,190.0,4500.0,8.5,48.0,1080.0,2340.0,394.6719435512624,256.0,8.0,0.0,1.0,0.0,1.0,Exynos 880 (8 nm),0.0
vivo X50,vivo,2020.0,400.0,6.56,173.0,4200.0,7.6,48.0,1080.0,2376.0,397.85639181347983,256.0,8.0,1.0,0.0,1.0,0.0,Qualcomm SDM730 Snapdragon 730 (8 nm),0.0
vivo X50 5G,vivo,2020.0,440.0,6.56,174.5,4200.0,7.6,48.0,1080.0,2376.0,397.85639181347983,256.0,8.0,1.0,1.0,1.0,0.0,Qualcomm SM7250 Snapdragon 765G 5G (7 nm),0.0
vivo X50 Pro+,vivo,2020.0,630.0,6.56,192.2,4350.0,8.8,50.0,1080.0,2376.0,397.85639181347983,256.0,12.0,1.0,1.0,1.0,0.0,Qualcomm SM8250 Snapdragon 865 5G (7 nm+),0.0
vivo Z5x (2020),vivo,2020.0,160.0,6.53,204.1,5000.0,8.9,16.0,1080.0,2340.0,394.6719435512624,128.0,8.0,0.0,0.0,0.0,1.0,Qualcomm SDM712 Snapdragon 712 (10 nm),0.0
vivo V19 Neo,vivo,2020.0,320.0,6.44,176.0,4500.0,8.5,48.0,1080.0,2400.0,408.66544471045916,256.0,8.0,1.0,0.0,0.0,1.0,Qualcomm SDM675 Snapdragon 675 (11 nm),0.0
vivo iQOO Z1x,vivo,2020.0,220.0,6.57,199.5,5000.0,9.1,48.0,1080.0,2408.0,401.68993574938565,256.0,8.0,0.0,1.0,1.0,1.0,Qualcomm SM7250 Snapdragon 765G 5G (7 nm),0.0
vivo Y51s,vivo,2020.0,250.0,6.53,190.0,4500.0,8.5,48.0,1080.0,2340.0,394.6719435512624,128.0,8.0,0.0,1.0,0.0,1.0,Exynos 880 (8 nm),0.0
vivo iQOO U1,vivo,2020.0,150.0,6.53,190.0,4500.0,8.5,48.0,1080.0,2340.0,394.6719435512624,128.0,8.0,0.0,0.0,0.0,1.0,Qualcomm SM7125 Snapdragon 720G (8 nm),0.0
vivo S7,vivo,2020.0,340.0,6.44,170.0,4000.0,7.4,64.0,1080.0,2400.0,408.66544471045916,256.0,8.0,1.0,1.0,1.0,0.0,Qualcomm SM7250 Snapdragon 765G 5G (7 nm),0.0
vivo S1 Prime,vivo,2020.0,240.0,6.38,190.2,4500.0,8.7,48.0,1080.0,2340.0,403.9510644811511,128.0,8.0,1.0,0.0,0.0,1.0,Qualcomm SDM665 Snapdragon 665 (11 nm),0.0
vivo iQOO 5 5G,vivo,2020.0,490.0,6.56,197.0,4500.0,8.3,50.0,1080.0,2376.0,397.85639181347983,256.0,12.0,1.0,1.0,1.0,0.0,Qualcomm SM8250 Snapdragon 865 5G (7 nm+),0.0
vivo iQOO 5 Pro 5G,vivo,2020.0,610.0,6.56,198.0,4000.0,8.9,50.0,1080.0,2376.0,397.85639181347983,256.0,12.0,1.0,1.0,1.0,0.0,Qualcomm SM8250 Snapdragon 865 5G (7 nm+),0.0
vivo Y20i,vivo,2020.0,130.0,6.51,192.3,5000.0,8.4,13.0,720.0,1600.0,269.5141284111989,64.0,4.0,0.0,0.0,0.0,1.0,Qualcomm SM4250 Snapdragon 460 (11 nm),0.0
"vivo Y51 (2020, September)",vivo,2020.0,180.0,6.38,186.7,4500.0,8.7,48.0,1080.0,2340.0,403.9510644811511,128.0,4.0,1.0,0.0,0.0,1.0,Qualcomm SDM665 Snapdragon 665 (11 nm),0.0
vivo V20 Pro,vivo,2020.0,410.0,6.44,170.0,4000.0,7.4,64.0,1080.0,2400.0,408.66544471045916,128.0,8.0,1.0,1.0,0.0,0.0,Qualcomm SM7250 Snapdragon 765G 5G (7 nm),0.0
vivo V20 SE,vivo,2020.0,250.0,6.44,171.0,4100.0,7.8,48.0,1080.0,2400.0,408.66544471045916,128.0,8.0,1.0,0.0,1.0,1.0,Qualcomm SDM665 Snapdragon 665 (11 nm),0.0
vivo X50e,vivo,2020.0,410.0,6.44,200.4,4350.0,8.9,48.0,1080.0,2400.0,408.66544471045916,128.0,8.0,1.0,1.0,1.0,1.0,Qualcomm SM7250 Snapdragon 765G 5G (7 nm),0.0
vivo Y73s,vivo,2020.0,280.0,6.44,171.3,4100.0,7.8,48.0,1080.0,2400.0,408.66544471045916,256.0,8.0,1.0,1.0,0.0,1.0,MediaTek MT6853V Dimensity 720 (7 nm),0.0
vivo Y20s,vivo,2020.0,276.72,6.51,192.3,5000.0,8.4,13.0,720.0,1600.0,269.5141284111989,128.0,8.0,0.0,0.0,0.0,1.0,Qualcomm SM4250 Snapdragon 460 (11 nm),0.0
vivo Y70,vivo,2020.0,270.0,6.44,171.0,4100.0,7.8,48.0,1080.0,2400.0,408.66544471045916,128.0,8.0,1.0,0.0,1.0,1.0,Qualcomm SDM665 Snapdragon 665 (11 nm),0.0
vivo Y11s,vivo,2020.0,270.0,6.51,191.0,5000.0,8.4,13.0,720.0,1600.0,269.5141284111989,32.0,3.0,0.0,0.0,0.0,1.0,Qualcomm SM4250 Snapdragon 460 (11 nm),0.0
vivo Y30 (China),vivo,2020.0,190.0,6.51,192.3,5000.0,8.4,13.0,720.0,1600.0,269.5141284111989,128.0,8.0,0.0,0.0,0.0,1.0,Qualcomm SM4250 Snapdragon 460 (11 nm),0.0
vivo Y3s,vivo,2020.0,150.0,6.35,190.5,5000.0,8.9,13.0,720.0,1544.0,268.287302636844,128.0,4.0,0.0,0.0,0.0,1.0,Mediatek MT6765 Helio P35 (12nm),0.0
vivo iQOO U1x,vivo,2020.0,110.0,6.51,192.3,5000.0,8.4,13.0,720.0,1600.0,269.5141284111989,128.0,6.0,0.0,0.0,0.0,1.0,Qualcomm SM6115 Snapdragon 662 (11 nm),0.0
vivo X51 5G,vivo,2020.0,449.0,6.56,181.5,4315.0,8.0,48.0,1080.0,2376.0,397.85639181347983,256.0,8.0,1.0,1.0,1.0,0.0,Qualcomm SM7250 Snapdragon 765G 5G (7 nm),0.0
vivo S7e,vivo,2020.0,360.0,6.44,171.7,4100.0,7.7,64.0,1080.0,2400.0,408.66544471045916,256.0,8.0,1.0,1.0,0.0,1.0,MediaTek MT6853V Dimensity 720 (7 nm),0.0
vivo Y1s,vivo,2020.0,80.0,6.22,161.0,4030.0,8.3,13.0,720.0,1520.0,270.4025214357381,32.0,3.0,0.0,0.0,0.0,1.0,Mediatek MT6765 Helio P35 (12nm),0.0
vivo Y12i,vivo,2020.0,110.0,6.35,190.5,5000.0,8.9,13.0,720.0,1544.0,268.287302636844,32.0,3.0,0.0,0.0,0.0,1.0,Qualcomm SDM439 Snapdragon 439 (12 nm),0.0
"vivo Y51 (2020, December)",vivo,2020.0,210.0,6.58,188.0,5000.0,8.4,48.0,1080.0,2408.0,401.07946472241093,128.0,8.0,0.0,0.0,0.0,1.0,Qualcomm SDM665 Snapdragon 665 (11 nm),0.0
vivo Y51a,vivo,2021.0,200.0,6.58,188.0,5000.0,8.4,48.0,1080.0,2408.0,401.07946472241093,128.0,8.0,0.0,0.0,0.0,1.0,Qualcomm SM6115 Snapdragon 662 (11 nm),0.0
vivo Y52s,vivo,2020.0,200.0,6.58,185.5,5000.0,8.4,48.0,1080.0,2408.0,401.07946472241093,256.0,8.0,0.0,1.0,0.0,1.0,MediaTek MT6853V Dimensity 720 (7 nm),0.0
vivo iQOO U3,vivo,2020.0,200.0,6.58,185.5,5000.0,8.4,48.0,1080.0,2408.0,401.07946472241093,128.0,8.0,0.0,1.0,0.0,1.0,MediaTek MT6853 Dimensity 800U (7 nm),0.0
vivo Y30 Standard,vivo,2020.0,180.0,6.51,191.4,5000.0,8.4,13.0,720.0,1600.0,269.5141284111989,128.0,8.0,0.0,0.0,0.0,1.0,Mediatek MT6765 Helio P35 (12nm),0.0
vivo V20 2021,vivo,2020.0,280.0,6.44,171.0,4000.0,7.4,64.0,1080.0,2400.0,408.66544471045916,256.0,8.0,1.0,0.0,1.0,1.0,Qualcomm SDM730 Snapdragon 730 (8 nm),0.0
vivo X60 (China),vivo,2020.0,440.0,6.56,175.6,4300.0,7.4,48.0,1080.0,2376.0,397.85639181347983,256.0,12.0,1.0,1.0,1.0,0.0,Exynos 1080 (5 nm),0.0
vivo X60 Pro (China),vivo,2020.0,640.0,6.56,178.0,4200.0,7.6,48.0,1080.0,2376.0,397.85639181347983,256.0,12.0,1.0,1.0,1.0,0.0,Exynos 1080 (5 nm),0.0
vivo Y20 2021,vivo,2020.0,120.0,6.51,192.0,5000.0,8.4,13.0,720.0,1600.0,269.5141284111989,64.0,6.0,0.0,0.0,0.0,1.0,Mediatek MT6765 Helio P35 (12nm),0.0
vivo Y20a,vivo,2020.0,130.0,6.51,192.0,5000.0,8.4,13.0,720.0,1600.0,269.5141284111989,64.0,3.0,0.0,0.0,0.0,1.0,Qualcomm SDM439 Snapdragon 439 (12 nm),0.0
vivo iQOO 7,vivo,2021.0,480.0,6.62,209.5,4000.0,8.7,48.0,1080.0,2400.0,397.5536954585132,256.0,12.0,1.0,1.0,1.0,0.0,Qualcomm SM8350 Snapdragon 888 5G (5 nm),0.0
vivo Y31s,vivo,2021.0,190.0,6.58,185.5,5000.0,8.4,13.0,1080.0,2408.0,401.07946472241093,128.0,6.0,0.0,1.0,0.0,1.0,Qualcomm SM4350 Snapdragon 480 5G (8 nm),0.0
vivo Y20g,vivo,2021.0,170.0,6.51,192.3,5000.0,8.4,13.0,720.0,1600.0,269.5141284111989,128.0,6.0,0.0,0.0,0.0,1.0,Mediatek MT6769V/CU Helio G80 (12 nm),0.0
vivo Y31,vivo,2021.0,190.0,6.58,188.0,5000.0,8.4,48.0,1080.0,2408.0,401.07946472241093,128.0,8.0,0.0,0.0,0.0,1.0,Qualcomm SM6115 Snapdragon 662 (11 nm),0.0
vivo X60 Pro+,vivo,2021.0,800.0,6.56,191.0,4200.0,9.1,50.0,1080.0,2376.0,397.85639181347983,256.0,12.0,1.0,1.0,1.0,0.0,Qualcomm SM8350 Snapdragon 888 5G (5 nm),0.0
vivo S7t,vivo,2021.0,340.0,6.44,169.0,4000.0,7.4,64.0,1080.0,2400.0,408.66544471045916,256.0,8.0,1.0,1.0,1.0,0.0,MediaTek MT6875 Dimensity 820 (7 nm),0.0
vivo S9e,vivo,2021.0,310.0,6.44,171.5,4100.0,7.3,64.0,1080.0,2404.0,409.23193495914916,256.0,8.0,1.0,1.0,0.0,0.0,MediaTek MT6875 Dimensity 820 (7 nm),0.0
vivo S9,vivo,2021.0,390.0,6.44,173.0,4000.0,7.4,64.0,1080.0,2400.0,408.66544471045916,256.0,12.0,1.0,1.0,1.0,0.0,MediaTek MT6891Z Dimensity 1100 (6 nm),0.0
vivo iQOO Neo5,vivo,2021.0,320.0,6.62,196.0,4400.0,8.4,48.0,1080.0,2400.0,397.5536954585132,512.0,12.0,1.0,1.0,1.0,0.0,Qualcomm SM8250-AC Snapdragon 870 5G (7 nm),0.0
vivo iQOO U3x,vivo,2021.0,160.0,6.58,185.5,5000.0,8.4,13.0,1080.0,2408.0,401.07946472241093,128.0,8.0,0.0,1.0,0.0,1.0,Qualcomm SM4350 Snapdragon 480 5G (8 nm),0.0
vivo Y72 5G,vivo,2021.0,270.0,6.58,193.0,5000.0,8.5,64.0,1080.0,2408.0,401.07946472241093,128.0,8.0,0.0,1.0,0.0,1.0,MediaTek MT6833 Dimensity 700 (7 nm),0.0
vivo iQOO Z3,vivo,2021.0,220.0,6.58,185.5,4400.0,8.5,64.0,1080.0,2408.0,401.07946472241093,256.0,12.0,0.0,1.0,0.0,1.0,Qualcomm SDM768 Snapdragon 768G 5G (7 nm),0.0
vivo Y30g,vivo,2021.0,200.0,6.51,191.4,5000.0,8.4,13.0,720.0,1600.0,269.5141284111989,128.0,8.0,0.0,0.0,0.0,1.0,Mediatek MT6768 Helio P65 (12nm),0.0
vivo X60t,vivo,2021.0,450.0,6.56,175.5,4300.0,7.4,48.0,1080.0,2376.0,397.85639181347983,128.0,8.0,1.0,1.0,1.0,0.0,MediaTek MT6891Z Dimensity 1100 (6 nm),0.0
vivo Y20s [G],vivo,2021.0,170.0,6.51,192.3,5000.0,8.4,13.0,720.0,1600.0,269.5141284111989,128.0,6.0,0.0,0.0,0.0,1.0,Mediatek MT6769V/CU Helio G80 (12 nm),0.0
vivo V21e,vivo,2021.0,240.0,6.44,171.0,4000.0,7.4,64.0,1080.0,2400.0,408.66544471045916,128.0,8.0,1.0,0.0,1.0,1.0,Qualcomm SM7125 Snapdragon 720G (8 nm),0.0
vivo V21,vivo,2021.0,320.0,6.44,176.0,4000.0,7.3,64.0,1080.0,2400.0,408.66544471045916,256.0,8.0,1.0,0.0,0.0,0.0,MediaTek MT6853 Dimensity 800U (7 nm),0.0
vivo V21 5G,vivo,2021.0,303.68,6.44,176.0,4000.0,7.3,64.0,1080.0,2400.0,408.66544471045916,256.0,8.0,1.0,1.0,1.0,0.0,MediaTek MT6853 Dimensity 800U (7 nm),0.0
vivo Y52s t1,vivo,2021.0,270.0,6.58,185.5,5000.0,8.4,48.0,1080.0,2408.0,401.07946472241093,256.0,8.0,0.0,1.0,0.0,1.0,Qualcomm SM4350 Snapdragon 480 5G (8 nm),0.0
vivo Y12s 2021,vivo,2021.0,120.0,6.51,191.0,5000.0,8.4,13.0,720.0,1600.0,269.5141284111989,64.0,3.0,0.0,0.0,0.0,1.0,Qualcomm SDM439 Snapdragon 439 (12 nm),0.0
vivo Y52 5G,vivo,2021.0,240.0,6.58,193.0,5000.0,8.5,48.0,1080.0,2408.0,401.07946472241093,128.0,4.0,0.0,1.0,1.0,1.0,MediaTek MT6833 Dimensity 700 (7 nm),0.0
vivo iQOO Neo5 Lite,vivo,2021.0,290.0,6.57,198.3,4500.0,8.9,48.0,1080.0,2408.0,401.68993574938565,256.0,12.0,0.0,1.0,1.0,1.0,Qualcomm SM8250-AC Snapdragon 870 5G (7 nm),0.0
vivo X60s,vivo,2021.0,460.0,6.56,176.0,4200.0,7.6,48.0,1080.0,2376.0,397.85639181347983,256.0,12.0,1.0,1.0,1.0,0.0,Exynos 1080 (5 nm),0.0
vivo Y70t,vivo,2021.0,190.0,6.53,190.0,4500.0,8.5,48.0,1080.0,2340.0,394.6719435512624,256.0,8.0,0.0,1.0,0.0,1.0,Exynos 880 (8 nm),0.0
vivo Y53s,vivo,2021.0,230.0,6.58,189.0,5000.0,8.5,64.0,1080.0,2408.0,401.07946472241093,256.0,8.0,0.0,1.0,0.0,1.0,Qualcomm SM4350 Snapdragon 480 5G (8 nm),0.0
vivo X60t Pro+,vivo,2021.0,650.0,6.56,191.0,4200.0,9.1,50.0,1080.0,2376.0,397.85639181347983,256.0,12.0,1.0,1.0,1.0,0.0,Qualcomm SM8350 Snapdragon 888 5G (5 nm),0.0
vivo Y72 5G (India),vivo,2021.0,240.0,6.58,185.5,5000.0,8.4,48.0,1080.0,2408.0,401.07946472241093,128.0,8.0,0.0,1.0,0.0,1.0,Qualcomm SM4350 Snapdragon 480 5G (8 nm),0.0
vivo S10,vivo,2021.0,370.0,6.44,173.0,4050.0,7.3,64.0,1080.0,2400.0,408.66544471045916,256.0,12.0,1.0,1.0,0.0,0.0,MediaTek MT6891Z Dimensity 1100 (6 nm),0.0
vivo S10 Pro,vivo,2021.0,500.0,6.44,173.0,4050.0,7.3,108.0,1080.0,2400.0,408.66544471045916,256.0,12.0,1.0,1.0,1.0,0.0,MediaTek MT6891Z Dimensity 1100 (6 nm),0.0
vivo Y12a,vivo,2021.0,120.0,6.51,191.0,5000.0,8.4,13.0,720.0,1600.0,269.5141284111989,32.0,3.0,0.0,0.0,0.0,1.0,Qualcomm SDM439 Snapdragon 439 (12 nm),0.0
vivo iQOO 8,vivo,2021.0,500.0,6.56,200.0,4350.0,8.6,50.0,1080.0,2376.0,397.85639181347983,256.0,12.0,1.0,1.0,1.0,0.0,Qualcomm SM8350 Snapdragon 888 5G (5 nm),0.0
vivo iQOO U3x Standard,vivo,2021.0,120.0,6.51,191.4,5000.0,8.4,13.0,720.0,1600.0,269.5141284111989,128.0,6.0,0.0,0.0,0.0,1.0,Mediatek MT6769V/CU Helio G80 (12 nm),0.0
vivo iQOO 8 Pro,vivo,2021.0,660.0,6.78,205.0,4500.0,9.2,50.0,1440.0,3200.0,517.5625297807978,512.0,12.0,1.0,1.0,1.0,0.0,Qualcomm SM8350 Snapdragon 888+ 5G (5 nm),0.0
vivo X70,vivo,2021.0,520.0,6.56,182.0,4400.0,7.6,40.0,1080.0,2376.0,397.85639181347983,256.0,12.0,1.0,1.0,1.0,0.0,MediaTek MT6893 Dimensity 1200 (6 nm),0.0
vivo X70 Pro,vivo,2021.0,607.1908000000001,6.56,186.0,4450.0,8.0,50.0,1080.0,2376.0,397.85639181347983,512.0,16.0,1.0,1.0,1.0,0.0,"MediaTek MT6893 Dimensity 1200 (6 nm) - International
Exynos 1080 (5 nm) - China",0.0
vivo X70 Pro+,vivo,2021.0,720.0,6.78,209.0,4500.0,8.9,50.0,1440.0,3200.0,517.5625297807978,512.0,12.0,1.0,1.0,1.0,0.0,Qualcomm SM8350 Snapdragon 888+ 5G (5 nm),0.0
vivo iQOO Z5,vivo,2021.0,250.0,6.67,193.0,5000.0,8.5,64.0,1080.0,2400.0,394.57353282389164,256.0,12.0,0.0,1.0,0.0,1.0,Qualcomm SM7325 Snapdragon 778G 5G (6 nm),0.0
vivo S10e,vivo,2021.0,320.0,6.44,175.0,4000.0,7.5,64.0,1080.0,2400.0,408.66544471045916,256.0,8.0,1.0,1.0,0.0,0.0,MediaTek MT6877 Dimensity 900 (6 nm),0.0
vivo Y3s (2021),vivo,2021.0,110.0,6.51,190.0,5000.0,8.4,13.0,720.0,1600.0,269.5141284111989,32.0,2.0,0.0,0.0,0.0,1.0,Mediatek MT6765 Helio P35 (12nm),0.0
vivo T1,vivo,2021.0,300.0,6.67,193.0,5000.0,8.5,64.0,1080.0,2400.0,394.57353282389164,256.0,12.0,0.0,1.0,0.0,1.0,Qualcomm SM7325 Snapdragon 778G 5G (6 nm),0.0
vivo T1x,vivo,2021.0,230.0,6.58,189.0,5000.0,8.5,64.0,1080.0,2408.0,401.07946472241093,256.0,8.0,0.0,1.0,0.0,1.0,MediaTek MT6877 Dimensity 900 (6 nm),0.0
vivo iQOO Z5x,vivo,2021.0,220.0,6.58,189.0,5000.0,8.5,50.0,1080.0,2408.0,401.07946472241093,256.0,8.0,0.0,1.0,0.0,1.0,MediaTek MT6877 Dimensity 900 (6 nm),0.0
vivo Y71t,vivo,2021.0,240.0,6.44,166.3,4000.0,7.7,64.0,1080.0,2400.0,408.66544471045916,256.0,8.0,1.0,1.0,0.0,1.0,MediaTek MT6833P Dimensity 810 (6 nm),0.0
vivo Y76s,vivo,2021.0,240.0,6.58,175.0,4100.0,7.8,50.0,1080.0,2408.0,401.07946472241093,256.0,8.0,0.0,1.0,0.0,1.0,MediaTek MT6833P Dimensity 810 (6 nm),0.0
vivo Y74s,vivo,2021.0,320.0,6.58,175.0,4100.0,7.8,50.0,1080.0,2408.0,401.07946472241093,256.0,8.0,0.0,1.0,0.0,1.0,MediaTek MT6833P Dimensity 810 (6 nm),0.0
vivo Y15a,vivo,2021.0,140.0,6.51,179.0,5000.0,8.3,13.0,720.0,1600.0,269.5141284111989,64.0,4.0,0.0,0.0,0.0,1.0,Mediatek MT6765 Helio P35 (12nm),0.0
vivo Y50t,vivo,2021.0,190.0,6.53,190.0,4500.0,8.5,48.0,1080.0,2340.0,394.6719435512624,128.0,8.0,0.0,0.0,0.0,1.0,Qualcomm SM7125 Snapdragon 720G (8 nm),0.0
vivo V23e,vivo,2021.0,330.0,6.44,172.0,4050.0,7.4,64.0,1080.0,2400.0,408.66544471045916,128.0,8.0,1.0,0.0,0.0,0.0,Mediatek Helio G96 (12 nm),0.0
vivo Y54s,vivo,2021.0,240.0,6.51,188.4,5000.0,8.5,13.0,720.0,1600.0,269.5141284111989,128.0,6.0,0.0,1.0,0.0,1.0,MediaTek MT6833 Dimensity 700 (7 nm),0.0
vivo Y76 5G,vivo,2021.0,259.0,6.58,175.0,4100.0,7.8,50.0,1080.0,2408.0,401.07946472241093,128.0,8.0,0.0,1.0,1.0,1.0,MediaTek MT6833 Dimensity 700 (7 nm),0.0
vivo V23e 5G,vivo,2021.0,350.0,6.44,172.0,4050.0,7.4,50.0,1080.0,2400.0,408.66544471045916,128.0,8.0,1.0,1.0,0.0,0.0,MediaTek MT6833P Dimensity 810 (6 nm),0.0
vivo Y55s 5G,vivo,2021.0,210.0,6.58,199.8,6000.0,9.2,50.0,1080.0,2408.0,401.07946472241093,256.0,8.0,0.0,1.0,0.0,1.0,MediaTek MT6833 Dimensity 700 (7 nm),0.0
vivo Y32,vivo,2021.0,140.0,6.51,182.0,5000.0,8.0,13.0,720.0,1600.0,269.5141284111989,128.0,8.0,0.0,0.0,0.0,1.0,Qualcomm SM6225 Snapdragon 680 4G (6 nm),0.0
vivo iQOO Neo5 SE,vivo,2021.0,300.0,6.67,189.0,4500.0,8.5,50.0,1080.0,2400.0,394.57353282389164,256.0,12.0,0.0,1.0,1.0,1.0,Qualcomm SM8250-AC Snapdragon 870 5G (7 nm),0.0
vivo iQOO Neo5 S,vivo,2021.0,380.0,6.62,196.0,4500.0,8.4,48.0,1080.0,2400.0,397.5536954585132,256.0,12.0,1.0,1.0,1.0,0.0,Qualcomm SM8350 Snapdragon 888 5G (5 nm),0.0
vivo S12,vivo,2021.0,390.0,6.44,179.0,4200.0,7.4,108.0,1080.0,2400.0,408.66544471045916,256.0,12.0,1.0,1.0,1.0,0.0,MediaTek MT6891Z Dimensity 1100 (6 nm),0.0
vivo S12 Pro,vivo,2021.0,430.0,6.56,171.0,4300.0,7.4,108.0,1080.0,2400.0,401.18985730721914,256.0,12.0,1.0,1.0,1.0,0.0,MediaTek MT6893 Dimensity 1200 (6 nm),0.0
vivo iQOO U5,vivo,2021.0,180.0,6.58,185.0,5000.0,8.3,50.0,1080.0,2408.0,401.07946472241093,128.0,8.0,0.0,1.0,0.0,1.0,Qualcomm SM6375 Snapdragon 695 5G (6 nm),0.0
vivo Y21t,vivo,2022.0,190.0,6.51,182.0,5000.0,8.0,50.0,720.0,1600.0,269.5141284111989,128.0,6.0,0.0,0.0,0.0,1.0,Qualcomm SM6225 Snapdragon 680 4G (6 nm),0.0
vivo Y21e,vivo,2022.0,150.0,6.51,182.0,5000.0,8.0,13.0,720.0,1600.0,269.5141284111989,64.0,3.0,0.0,0.0,0.0,1.0,Qualcomm SM6225 Snapdragon 680 4G (6 nm),0.0
vivo V23 5G,vivo,2022.0,499.0,6.44,179.0,4200.0,7.4,64.0,1080.0,2400.0,408.66544471045916,256.0,12.0,1.0,1.0,1.0,0.0,MediaTek Dimensity 920 (6 nm),0.0
vivo iQOO 9 (China),vivo,2022.0,560.0,6.78,206.0,4700.0,8.4,50.0,1080.0,2400.0,388.1718973355984,512.0,12.0,1.0,1.0,1.0,0.0,Qualcomm SM8450 Snapdragon 8 Gen 1 (4 nm),0.0
vivo Y55 5G,vivo,2022.0,250.0,6.58,187.0,5000.0,8.3,50.0,1080.0,2408.0,401.07946472241093,128.0,6.0,0.0,1.0,1.0,1.0,MediaTek MT6833 Dimensity 700 (7 nm),0.0
vivo Y75 5G,vivo,2022.0,260.0,6.58,187.0,5000.0,8.3,50.0,1080.0,2408.0,401.07946472241093,128.0,8.0,0.0,1.0,0.0,1.0,MediaTek MT6833 Dimensity 700 (7 nm),0.0
vivo Y33,vivo,2021.0,270.0,6.58,191.0,5000.0,8.4,48.0,1080.0,2408.0,401.07946472241093,128.0,4.0,0.0,0.0,0.0,1.0,Mediatek MT6769V/CU Helio G80 (12 nm),0.0
vivo iQOO 9 Pro,vivo,2022.0,579.5908000000001,6.78,204.0,4700.0,8.8,50.0,1440.0,3200.0,517.5625297807978,512.0,12.0,1.0,1.0,1.0,0.0,Qualcomm SM8450 Snapdragon 8 Gen 1 (4 nm),0.0
vivo Y33s 5G,vivo,2022.0,180.0,6.51,185.0,5000.0,8.3,13.0,720.0,1600.0,269.5141284111989,128.0,8.0,0.0,1.0,0.0,1.0,MediaTek MT6833 Dimensity 700 (7 nm),0.0
vivo Y01,vivo,2022.0,150.0,6.51,178.0,5000.0,8.3,8.0,720.0,1600.0,269.5141284111989,32.0,3.0,0.0,0.0,0.0,1.0,Mediatek MT6765 Helio P35 (12nm),0.0
vivo iQOO U5x,vivo,2022.0,140.0,6.51,179.0,5000.0,8.3,13.0,720.0,1600.0,269.5141284111989,128.0,8.0,0.0,0.0,0.0,1.0,Qualcomm SM6225 Snapdragon 680 4G (6 nm),0.0
vivo X Fold,vivo,2022.0,1300.0,8.03,311.0,4600.0,6.3,50.0,1916.0,2160.0,359.56747090184024,512.0,12.0,1.0,1.0,1.0,0.0,Qualcomm SM8450 Snapdragon 8 Gen 1 (4 nm),0.0
vivo X Note,vivo,2022.0,870.0,7.0,221.0,5000.0,8.4,50.0,1440.0,3080.0,485.7142857142857,512.0,12.0,1.0,1.0,1.0,0.0,Qualcomm SM8450 Snapdragon 8 Gen 1 (4 nm),0.0
vivo iQOO Neo6 (China),vivo,2022.0,400.0,6.62,197.2,4700.0,8.5,64.0,1080.0,2400.0,397.5536954585132,256.0,12.0,1.0,1.0,1.0,0.0,Qualcomm SM8450 Snapdragon 8 Gen 1 (4 nm),0.0
vivo S15e,vivo,2022.0,300.0,6.44,190.0,4700.0,8.5,50.0,1080.0,2404.0,409.23193495914916,256.0,12.0,1.0,1.0,1.0,0.0,Exynos 1080 (5 nm),0.0
vivo T1x 4G,vivo,2022.0,150.0,6.58,182.0,5000.0,8.0,50.0,1080.0,2408.0,401.07946472241093,128.0,8.0,0.0,0.0,0.0,1.0,Qualcomm SM6225 Snapdragon 680 4G (6 nm),0.0
vivo T1 (Snapdragon 778G),vivo,2022.0,300.0,6.44,180.3,4700.0,8.5,64.0,1080.0,2404.0,409.23193495914916,128.0,8.0,1.0,1.0,0.0,0.0,Qualcomm SM7325 Snapdragon 778G 5G (6 nm),0.0
vivo X80,vivo,2022.0,513.498,6.78,203.0,4500.0,8.3,50.0,1080.0,2400.0,388.1718973355984,512.0,12.0,1.0,1.0,1.0,0.0,MediaTek Dimensity 9000 (4 nm),0.0
vivo X80 Pro,vivo,2022.0,748.1072,6.78,215.0,4700.0,9.1,50.0,1440.0,3200.0,517.5625297807978,512.0,12.0,1.0,1.0,1.0,0.0,"Qualcomm SM8450 Snapdragon 8 Gen 1 (4 nm)
MediaTek Dimensity 9000 (4 nm)",0.0
vivo Y55,vivo,2022.0,250.0,6.44,182.0,5000.0,8.4,50.0,1080.0,2400.0,408.66544471045916,128.0,8.0,1.0,0.0,0.0,1.0,Qualcomm SM6225 Snapdragon 680 4G (6 nm),0.0
vivo T1 (Snapdragon 680),vivo,2022.0,190.0,6.44,182.0,5000.0,8.4,50.0,1080.0,2400.0,408.66544471045916,128.0,8.0,1.0,0.0,0.0,1.0,Qualcomm SM6225 Snapdragon 680 4G (6 nm),0.0
vivo T1 Pro,vivo,2022.0,300.0,6.44,180.3,4700.0,8.5,64.0,1080.0,2404.0,409.23193495914916,128.0,8.0,1.0,1.0,0.0,0.0,Qualcomm SM7325 Snapdragon 778G 5G (6 nm),0.0
vivo iQOO Neo6 SE,vivo,2022.0,290.0,6.62,190.0,4700.0,8.5,64.0,1080.0,2400.0,397.5536954585132,512.0,12.0,1.0,1.0,1.0,0.0,Qualcomm SM8250-AC Snapdragon 870 5G (7 nm),0.0
vivo S15,vivo,2022.0,380.0,6.62,197.0,4500.0,8.0,64.0,1080.0,2400.0,397.5536954585132,256.0,12.0,1.0,1.0,1.0,0.0,Qualcomm SM8250-AC Snapdragon 870 5G (7 nm),0.0
vivo S15 Pro,vivo,2022.0,480.0,6.56,188.0,4500.0,8.6,50.0,1080.0,2376.0,397.85639181347983,256.0,12.0,1.0,1.0,1.0,0.0,MediaTek Dimensity 8100 (5 nm),0.0
vivo Y72t,vivo,2022.0,200.0,6.58,199.8,6000.0,9.2,50.0,1080.0,2408.0,401.07946472241093,256.0,8.0,0.0,1.0,0.0,1.0,MediaTek MT6833 Dimensity 700 (7 nm),0.0
vivo T2x,vivo,2022.0,220.0,6.58,202.8,6000.0,9.2,50.0,1080.0,2408.0,401.07946472241093,256.0,8.0,0.0,1.0,1.0,1.0,MediaTek Dimensity 1300 (6 nm),0.0
vivo Y33e,vivo,2022.0,180.0,6.51,198.0,5000.0,8.5,13.0,720.0,1600.0,269.5141284111989,128.0,4.0,0.0,1.0,0.0,1.0,MediaTek MT6833 Dimensity 700 (7 nm),0.0
vivo iQOO U5e,vivo,2022.0,200.0,6.51,193.0,5000.0,8.3,13.0,720.0,1600.0,269.5141284111989,128.0,6.0,0.0,1.0,0.0,1.0,MediaTek MT6833 Dimensity 700 (7 nm),0.0
vivo Y77,vivo,2022.0,190.0,6.58,194.0,5000.0,8.3,50.0,1080.0,2408.0,401.07946472241093,256.0,8.0,0.0,1.0,0.0,1.0,MediaTek MT6833P Dimensity 810 (6 nm),0.0
vivo Y77 (China),vivo,2022.0,300.0,6.64,194.0,4500.0,8.6,50.0,1080.0,2388.0,394.70889037798105,256.0,12.0,0.0,1.0,0.0,1.0,MediaTek Dimensity 930 (6 nm),0.0
vivo iQOO 10,vivo,2022.0,532.6800000000001,6.78,206.0,4700.0,8.4,50.0,1080.0,2400.0,388.1718973355984,512.0,12.0,1.0,1.0,1.0,0.0,Qualcomm SM8475 Snapdragon 8+ Gen 1 (4 nm),0.0
vivo iQOO 10 Pro,vivo,2022.0,735.08,6.78,215.4,4700.0,9.5,50.0,1440.0,3200.0,517.5625297807978,512.0,12.0,1.0,1.0,1.0,0.0,Qualcomm SM8475 Snapdragon 8+ Gen 1 (4 nm),0.0
vivo T1x (India),vivo,2022.0,150.0,6.58,182.0,5000.0,8.0,50.0,1080.0,2408.0,401.07946472241093,128.0,6.0,0.0,0.0,0.0,1.0,Qualcomm SM6225 Snapdragon 680 4G (6 nm),0.0
vivo Y30 5G,vivo,2022.0,230.0,6.51,193.0,5000.0,8.3,50.0,720.0,1600.0,269.5141284111989,128.0,6.0,0.0,1.0,0.0,1.0,MediaTek MT6833 Dimensity 700 (7 nm),0.0
vivo Y02s,vivo,2022.0,100.0,6.51,182.0,5000.0,8.2,8.0,720.0,1600.0,269.5141284111989,64.0,3.0,0.0,0.0,0.0,1.0,Mediatek MT6765 Helio P35 (12nm),0.0
vivo Y77e,vivo,2022.0,250.0,6.58,194.0,5000.0,8.3,13.0,1080.0,2408.0,401.07946472241093,256.0,8.0,0.0,1.0,0.0,1.0,MediaTek MT6833P Dimensity 810 (6 nm),0.0
vivo Y35,vivo,2022.0,279.0,6.58,188.0,5000.0,8.3,50.0,1080.0,2408.0,401.07946472241093,256.0,8.0,0.0,0.0,0.0,1.0,Qualcomm SM6225 Snapdragon 680 4G (6 nm),0.0
vivo Y77e (t1),vivo,2022.0,260.0,6.58,194.0,5000.0,8.3,50.0,1080.0,2408.0,401.07946472241093,256.0,8.0,0.0,1.0,0.0,1.0,MediaTek MT6833P Dimensity 810 (6 nm),0.0
vivo Y22s,vivo,2022.0,250.0,6.55,192.0,5000.0,8.4,50.0,720.0,1612.0,269.5399849891553,128.0,8.0,0.0,0.0,0.0,1.0,Qualcomm SM6225 Snapdragon 680 4G (6 nm),0.0
vivo iQOO Z6x,vivo,2022.0,180.0,6.58,204.0,6000.0,9.3,50.0,1080.0,2408.0,401.07946472241093,256.0,8.0,0.0,1.0,0.0,1.0,MediaTek MT6833P Dimensity 810 (6 nm),0.0
vivo iQOO Z6 (China),vivo,2022.0,250.0,6.64,194.6,4500.0,8.6,64.0,1080.0,2388.0,394.70889037798105,256.0,12.0,0.0,1.0,1.0,1.0,Qualcomm SM7325-AE Snapdragon 778G+ 5G (6 nm),0.0
vivo V25e,vivo,2022.0,300.0,6.44,183.0,4500.0,7.8,64.0,1080.0,2404.0,409.23193495914916,256.0,8.0,1.0,0.0,1.0,0.0,MediaTek MT8781 Helio G99 (6nm),0.0
vivo Y22,vivo,2022.0,160.0,6.55,190.0,5000.0,8.4,50.0,720.0,1612.0,269.5399849891553,128.0,6.0,0.0,0.0,0.0,1.0,MediaTek MT6769Z Helio G85 (12nm),0.0
vivo Y75s,vivo,2022.0,270.0,6.58,193.0,5000.0,8.5,64.0,1080.0,2408.0,401.07946472241093,256.0,12.0,0.0,1.0,0.0,1.0,MediaTek MT6833 Dimensity 700 (7 nm),0.0
vivo iQOO Z6 Lite,vivo,2022.0,180.0,6.58,194.0,5000.0,8.3,50.0,1080.0,2408.0,401.07946472241093,128.0,6.0,0.0,1.0,0.0,1.0,Qualcomm SM4375 Snapdragon 4 Gen 1 (6 nm),0.0
vivo Y52t,vivo,2022.0,200.0,6.51,198.0,5000.0,8.5,13.0,720.0,1600.0,269.5141284111989,256.0,8.0,0.0,1.0,0.0,1.0,MediaTek MT6833 Dimensity 700 (7 nm),0.0
vivo X Fold+,vivo,2022.0,1450.0,8.03,311.0,4730.0,6.3,50.0,1916.0,2160.0,359.56747090184024,512.0,12.0,1.0,1.0,1.0,0.0,Qualcomm SM8475 Snapdragon 8+ Gen 1 (4 nm),0.0
vivo Y73t,vivo,2022.0,200.0,6.58,201.5,6000.0,9.2,50.0,1080.0,2408.0,401.07946472241093,256.0,12.0,0.0,1.0,0.0,1.0,MediaTek MT6833 Dimensity 700 (7 nm),0.0
vivo iQOO Neo7,vivo,2022.0,380.0,6.78,197.0,5000.0,8.5,50.0,1080.0,2400.0,388.1718973355984,512.0,12.0,1.0,1.0,1.0,0.0,MediaTek Dimensity 9000+ (4 nm),0.0
vivo V21s,vivo,2022.0,360.0,6.44,176.0,4000.0,7.3,64.0,1080.0,2404.0,409.23193495914916,128.0,8.0,1.0,1.0,1.0,0.0,MediaTek MT6853 Dimensity 800U (7 nm),0.0
vivo X90,vivo,2022.0,540.1964,6.78,196.0,4810.0,8.5,50.0,1260.0,2800.0,452.8672135581981,512.0,12.0,1.0,1.0,1.0,0.0,MediaTek Dimensity 9200 (4 nm),0.0
vivo X90 Pro,vivo,2022.0,762.6800000000001,6.78,214.9,4870.0,9.3,50.3,1260.0,2800.0,452.8672135581981,512.0,12.0,1.0,1.0,1.0,0.0,MediaTek Dimensity 9200 (4 nm),0.0
vivo X90 Pro+,vivo,2022.0,956.34,6.78,221.0,4700.0,9.7,50.3,1440.0,3200.0,517.5625297807978,512.0,12.0,1.0,1.0,1.0,0.0,Qualcomm SM8550 Snapdragon 8 Gen 2 (4 nm),0.0
vivo iQOO Neo7 SE,vivo,2022.0,300.0,6.78,193.0,5000.0,8.6,64.0,1080.0,2400.0,388.1718973355984,512.0,16.0,1.0,1.0,1.0,0.0,MediaTek Dimensity 8200 (4 nm),0.0
vivo iQOO 11,vivo,2022.0,520.0,6.78,205.0,5000.0,8.4,50.0,1440.0,3200.0,517.5625297807978,512.0,16.0,1.0,1.0,1.0,0.0,Qualcomm SM8550 Snapdragon 8 Gen 2 (4 nm),0.0
vivo iQOO 11 Pro,vivo,2022.0,700.0,6.78,210.5,4700.0,8.9,50.0,1440.0,3200.0,517.5625297807978,512.0,16.0,1.0,1.0,1.0,0.0,Qualcomm SM8550 Snapdragon 8 Gen 2 (4 nm),0.0
vivo Y35 5G,vivo,2022.0,160.0,6.51,186.0,5000.0,8.2,13.0,720.0,1600.0,269.5141284111989,128.0,8.0,0.0,1.0,0.0,1.0,MediaTek MT6833 Dimensity 700 (7 nm),0.0
vivo S16e,vivo,2022.0,280.0,6.62,187.7,4600.0,7.7,50.0,1080.0,2400.0,397.5536954585132,256.0,12.0,1.0,1.0,1.0,0.0,Exynos 1080 (5 nm),0.0
vivo S16,vivo,2022.0,340.0,6.78,182.0,4600.0,7.4,64.0,1080.0,2400.0,388.1718973355984,512.0,12.0,1.0,1.0,1.0,0.0,Qualcomm SM8250-AC Snapdragon 870 5G (7 nm),0.0
vivo S16 Pro,vivo,2022.0,400.0,6.78,182.0,4600.0,7.4,50.0,1080.0,2400.0,388.1718973355984,512.0,12.0,1.0,1.0,1.0,0.0,MediaTek Dimensity 8200 (4 nm),0.0
vivo iQOO Neo7 Racing,vivo,2022.0,380.0,6.78,197.0,5000.0,8.5,50.0,1080.0,2400.0,388.1718973355984,512.0,16.0,1.0,1.0,1.0,0.0,Qualcomm SM8475 Snapdragon 8+ Gen 1 (4 nm),0.0
verykool s4002 Leo,verykool,2015.0,50.0,4.0,112.0,1450.0,10.7,5.0,480.0,800.0,233.23807579381202,0.5,0.25,0.0,0.0,0.0,1.0,Mediatek MT6571E,0.0
verykool s4010 Gazelle,verykool,2015.0,80.0,4.0,128.0,1400.0,11.0,8.0,480.0,800.0,233.23807579381202,4.0,0.5,0.0,0.0,0.0,1.0,Mediatek MT6572M (28 nm),0.0
verykool s5015 Spark II,verykool,2015.0,180.0,5.0,135.0,2100.0,8.0,8.0,720.0,1280.0,293.7209560109731,8.0,1.0,0.0,0.0,0.0,1.0,Mediatek MT6582M (28 nm),0.0
verykool s5014 Atlas,verykool,2015.0,130.0,5.0,112.0,1900.0,8.3,8.0,480.0,854.0,195.93019164998537,8.0,1.0,0.0,0.0,0.0,1.0,Mediatek MT6582M (28 nm),0.0
verykool SL4500 Fusion,verykool,2015.0,160.0,4.5,130.0,1700.0,8.9,8.0,480.0,854.0,217.70021294442822,8.0,1.0,0.0,0.0,0.0,1.0,Qualcomm MSM8916 Snapdragon 410 (28 nm),0.0
verykool s5518 Maverick,verykool,2015.0,140.0,5.5,172.0,2600.0,8.1,8.0,720.0,1280.0,267.0190509190665,8.0,1.0,0.0,0.0,0.0,1.0,Mediatek MT6582M (28 nm),0.0
verykool s5017Q Dorado,verykool,2015.0,110.0,5.0,161.0,1850.0,8.4,8.0,480.0,854.0,195.93019164998537,8.0,1.0,0.0,0.0,0.0,1.0,Mediatek MT6582M (28 nm),0.0
verykool s5518Q Maverick,verykool,2015.0,140.0,5.5,170.0,2600.0,8.1,8.0,720.0,1280.0,267.0190509190665,8.0,1.0,0.0,0.0,0.0,1.0,Mediatek MT6582M (28 nm),0.0
verykool SL6010 Cyprus LTE,verykool,2016.0,190.0,6.0,207.0,2500.0,7.5,13.0,720.0,1280.0,244.7674633424776,16.0,1.0,0.0,0.0,0.0,1.0,Mediatek MT6735P (28 nm),0.0
verykool SL5011 Spark LTE,verykool,2016.0,160.0,5.0,153.0,2200.0,7.5,13.0,720.0,1280.0,293.7209560109731,16.0,1.0,0.0,0.0,0.0,1.0,Mediatek MT6735P (28 nm),0.0
Ulefone T2 Pro,Ulefone,2018.0,300.0,6.7,159.0,5000.0,7.7,21.0,1080.0,2258.0,373.58074787625577,128.0,8.0,0.0,0.0,0.0,1.0,Mediatek MT6771 Helio P70 (12nm),0.0
Ulefone Armor 7,Ulefone,2019.0,440.0,6.3,290.0,5500.0,13.6,48.0,1080.0,2340.0,409.08060180789585,128.0,8.0,0.0,0.0,1.0,0.0,Mediatek MT6779 Helio P90 (12 nm),0.0
Ulefone Armor X7,Ulefone,2020.0,80.0,5.0,234.0,4000.0,14.6,13.0,720.0,1280.0,293.7209560109731,16.0,2.0,0.0,0.0,1.0,1.0,Mediatek MT6761 Helio A20 (12 nm),0.0
Ulefone Armor 7E,Ulefone,2020.0,250.0,6.3,290.0,5500.0,13.6,48.0,1080.0,2340.0,409.08060180789585,128.0,4.0,0.0,0.0,1.0,0.0,Mediatek MT6779 Helio P90 (12 nm),0.0
Ulefone Armor X7 Pro,Ulefone,2020.0,110.0,5.0,234.0,4000.0,14.6,13.0,720.0,1280.0,293.7209560109731,32.0,4.0,0.0,0.0,1.0,1.0,Mediatek MT6761 Helio A20 (12 nm),0.0
Ulefone Note 8P,Ulefone,2020.0,70.0,5.5,153.0,2700.0,12.0,8.0,442.0,960.0,192.1573047064985,16.0,2.0,0.0,0.0,0.0,1.0,Mediatek MT6737 (28 nm),0.0
Ulefone Armor 9,Ulefone,2020.0,550.0,6.3,320.0,6600.0,15.0,64.0,1080.0,2340.0,409.08060180789585,128.0,8.0,0.0,0.0,1.0,1.0,Mediatek MT6779 Helio P90 (12 nm),0.0
Ulefone Note 9P,Ulefone,2020.0,120.0,6.52,188.0,4500.0,9.2,16.0,720.0,1600.0,269.1007631835743,64.0,4.0,0.0,0.0,0.0,1.0,Mediatek MT6762 Helio P22 (12 nm),0.0
Ulefone Armor 8,Ulefone,2020.0,200.0,6.1,282.0,5580.0,15.0,16.0,720.0,1560.0,281.6620537037971,64.0,4.0,0.0,0.0,1.0,1.0,Mediatek MT6771 Helio P60 (12 nm),0.0
Ulefone Note 8,Ulefone,2020.0,70.0,5.5,153.0,2700.0,12.0,5.0,442.0,960.0,192.1573047064985,16.0,2.0,0.0,0.0,0.0,1.0,Mediatek MT6580 (28 nm),0.0
Ulefone Armor X5 Pro,Ulefone,2020.0,110.0,5.5,235.0,5000.0,13.9,13.0,720.0,1440.0,292.721626145427,64.0,4.0,0.0,0.0,0.0,1.0,Mediatek MT6762V/WD Helio P22 (12 nm),0.0
Ulefone Armor 9E,Ulefone,2020.0,290.0,6.3,324.0,6600.0,15.0,64.0,1080.0,2340.0,409.08060180789585,128.0,8.0,0.0,0.0,1.0,1.0,Mediatek MT6779 Helio P90 (12 nm),0.0
Ulefone Armor X8,Ulefone,2020.0,130.0,5.7,256.3,5080.0,13.8,13.0,720.0,1440.0,282.45069189471025,64.0,4.0,0.0,0.0,1.0,1.0,MediaTek Helio A25 (12 nm),0.0
Ulefone Armor 10 5G,Ulefone,2020.0,420.0,6.67,328.0,5800.0,14.6,64.0,1080.0,2400.0,394.57353282389164,128.0,8.0,0.0,1.0,1.0,1.0,MediaTek MT6873 Dimensity 800 (7 nm),0.0
Ulefone Note 10,Ulefone,2021.0,120.0,6.52,203.0,5500.0,9.7,8.0,720.0,1600.0,269.1007631835743,32.0,2.0,0.0,0.0,0.0,1.0,Unisoc SC9863A (28nm),0.0
Ulefone Note 11P,Ulefone,2021.0,160.0,6.55,184.0,4500.0,10.0,48.0,720.0,1600.0,267.8682406041076,128.0,8.0,0.0,0.0,0.0,1.0,Mediatek MT6771 Helio P60 (12 nm),0.0
Ulefone Armor 11 5G,Ulefone,2021.0,480.0,6.1,295.0,5200.0,14.2,48.0,720.0,1560.0,281.6620537037971,256.0,8.0,0.0,1.0,1.0,1.0,MediaTek MT6873 Dimensity 800 (7 nm),0.0
Ulefone Armor 8 Pro,Ulefone,2021.0,190.0,6.1,282.0,5580.0,15.0,16.0,720.0,1560.0,281.6620537037971,128.0,8.0,0.0,0.0,1.0,1.0,Mediatek MT6771 Helio P60 (12 nm),0.0
Ulefone Armor 11T 5G,Ulefone,2021.0,590.0,6.1,293.0,5200.0,14.2,48.0,720.0,1560.0,281.6620537037971,256.0,8.0,0.0,1.0,1.0,1.0,MediaTek MT6873 Dimensity 800 (7 nm),0.0
Ulefone Armor 12 5G,Ulefone,2021.0,370.0,6.52,296.0,5180.0,14.3,48.0,720.0,1560.0,263.5181790787059,128.0,8.0,0.0,1.0,1.0,0.0,MediaTek MT6833 Dimensity 700 (7 nm),0.0
Ulefone Armor X8i,Ulefone,2021.0,150.0,5.7,256.0,5080.0,13.8,13.0,720.0,1440.0,282.45069189471025,32.0,3.0,0.0,0.0,1.0,1.0,MediaTek Helio A25 (12 nm),0.0
Ulefone Armor X9,Ulefone,2021.0,150.0,5.5,235.0,5000.0,13.9,13.0,720.0,1440.0,292.721626145427,32.0,3.0,0.0,0.0,1.0,1.0,MediaTek Helio A25 (12 nm),0.0
Ulefone Armor X9 Pro,Ulefone,2021.0,160.0,5.5,235.0,5000.0,13.9,13.0,720.0,1440.0,292.721626145427,64.0,4.0,0.0,0.0,1.0,1.0,MediaTek Helio A25 (12 nm),0.0
Ulefone Power Armor 14,Ulefone,2021.0,230.0,6.52,358.2,10000.0,17.2,20.0,720.0,1600.0,269.1007631835743,64.0,4.0,0.0,0.0,1.0,1.0,MediaTek Helio G35 (12 nm),0.0
Ulefone Note 6P,Ulefone,2021.0,90.0,6.1,155.0,3300.0,8.5,8.0,720.0,1560.0,281.6620537037971,32.0,2.0,0.0,0.0,0.0,1.0,Unisoc SC9863A (28nm),0.0
Ulefone Note 12P,Ulefone,2021.0,130.0,6.82,237.0,7700.0,10.2,13.0,720.0,1640.0,262.6230284720013,64.0,4.0,0.0,0.0,0.0,1.0,Unisoc SC9863A (28nm),0.0
Ulefone Note 13P,Ulefone,2021.0,130.0,6.5,198.5,5180.0,9.9,20.0,1080.0,2400.0,404.89314829774725,64.0,4.0,0.0,0.0,1.0,1.0,MediaTek MT6765G Helio G35 (12 nm),0.0
Ulefone Armor X10,Ulefone,2021.0,130.0,5.45,256.0,5180.0,14.6,13.0,720.0,1440.0,295.40714565134834,32.0,4.0,0.0,0.0,1.0,1.0,Mediatek MT6761 Helio A22 (12 nm),0.0
Ulefone Note 10P,Ulefone,2022.0,110.0,6.52,203.0,5500.0,9.7,13.0,720.0,1600.0,269.1007631835743,128.0,3.0,0.0,0.0,0.0,1.0,Unisoc Tiger T310 (12nm),0.0
Ulefone Armor X10 Pro,Ulefone,2022.0,170.0,5.45,256.0,5180.0,14.6,20.0,720.0,1440.0,295.40714565134834,64.0,4.0,0.0,0.0,1.0,1.0,Mediatek MT6762 Helio P22 (12 nm),0.0
Ulefone Power Armor 14 Pro,Ulefone,2022.0,229.49,6.52,358.2,10000.0,17.2,20.0,720.0,1600.0,269.1007631835743,128.0,6.0,0.0,0.0,1.0,1.0,MediaTek MT6769Z Helio G85 (12nm),0.0
Ulefone Armor 15,Ulefone,2022.0,300.0,5.45,346.0,6600.0,18.2,12.0,720.0,1440.0,295.40714565134834,128.0,6.0,0.0,0.0,1.0,0.0,MediaTek MT6765G Helio G35 (12 nm),0.0
Ulefone Power Armor X11 Pro,Ulefone,2022.0,170.0,5.45,330.0,8150.0,19.3,16.0,720.0,1440.0,295.40714565134834,64.0,4.0,0.0,0.0,1.0,1.0,MediaTek MT6762G Helio G25 (12 nm),0.0
Ulefone Power Armor 16 Pro,Ulefone,2022.0,220.0,5.93,405.0,9600.0,18.3,16.0,720.0,1440.0,271.49560603707397,64.0,4.0,0.0,0.0,1.0,1.0,MediaTek MT6762G Helio G25 (12 nm),0.0
Ulefone Armor 17 Pro,Ulefone,2022.0,260.0,6.58,290.0,5380.0,12.5,108.0,1080.0,2408.0,401.07946472241093,256.0,8.0,0.0,0.0,1.0,1.0,MediaTek MT8781 Helio G99 (6nm),0.0
Ulefone Power Armor 18T,Ulefone,2022.0,640.0,6.58,409.0,9600.0,18.8,108.0,1080.0,2408.0,401.07946472241093,256.0,12.0,0.0,1.0,1.0,1.0,MediaTek MT6877 Dimensity 900 (6 nm),0.0
Tecno Camon i4,Tecno,2019.0,150.0,6.2,140.0,3500.0,8.0,13.0,720.0,1520.0,271.27478763391787,64.0,4.0,0.0,0.0,0.0,1.0,Mediatek MT6761 Helio A22 (12 nm),0.0
Tecno Camon 15,Tecno,2020.0,130.0,6.6,196.0,5000.0,8.8,48.0,720.0,1600.0,265.83893575104617,64.0,4.0,0.0,0.0,0.0,1.0,Mediatek MT6762 Helio P22 (12 nm),0.0
Tecno Camon 15 Pro,Tecno,2020.0,220.0,6.6,203.0,4000.0,9.1,48.0,1080.0,2340.0,390.48602899844605,128.0,6.0,0.0,0.0,0.0,1.0,Mediatek MT6765 Helio P35 (12nm),0.0
Tecno Spark Power 2,Tecno,2020.0,120.0,7.0,220.0,6000.0,9.2,16.0,720.0,1640.0,255.86986488272126,64.0,4.0,0.0,0.0,0.0,1.0,Mediatek MT6762 Helio P22 (12 nm),0.0
Tecno Camon 16 Premier,Tecno,2020.0,230.0,6.85,210.0,4500.0,9.1,64.0,1080.0,2460.0,392.20928193701803,128.0,8.0,0.0,0.0,0.0,1.0,Mediatek MT6785 Helio G90T (12 nm),0.0
Tecno Camon 16,Tecno,2020.0,130.0,6.8,207.0,5000.0,9.2,64.0,720.0,1640.0,263.39544914397777,128.0,6.0,0.0,0.0,0.0,1.0,Mediatek Helio G70 (12 nm),0.0
Tecno Camon 16 Pro,Tecno,2020.0,150.0,6.8,207.0,5000.0,9.2,64.0,720.0,1640.0,263.39544914397777,128.0,6.0,0.0,0.0,0.0,1.0,Mediatek Helio G70 (12 nm),0.0
Tecno Camon 17 Pro,Tecno,2021.0,280.0,6.8,201.0,5000.0,9.0,64.0,1080.0,2460.0,395.09317371596666,256.0,8.0,0.0,0.0,0.0,1.0,Mediatek Helio G95 (12 nm),0.0
Tecno Camon 18 Premier,Tecno,2021.0,390.0,6.7,200.6,4750.0,8.2,64.0,1080.0,2400.0,392.8067856619936,256.0,8.0,1.0,0.0,1.0,1.0,Mediatek Helio G96 (12 nm),0.0
Tecno Pop 5c,Tecno,2021.0,60.0,5.0,150.0,2400.0,9.9,5.0,480.0,854.0,195.93019164998537,16.0,1.0,0.0,0.0,0.0,1.0,Unisoc SC7731e,0.0
Tecno Pop 5X,Tecno,2022.0,70.0,6.52,150.0,4000.0,8.5,8.0,720.0,1600.0,269.1007631835743,32.0,2.0,0.0,0.0,0.0,1.0,Unisoc SC9832E (28nm),0.0
Tecno Pop 5S,Tecno,2022.0,60.0,5.7,160.0,3020.0,9.9,5.0,720.0,1520.0,295.07082163689313,32.0,2.0,0.0,0.0,0.0,1.0,,0.0
Tecno Camon 19 Pro,Tecno,2022.0,200.0,6.8,204.0,5000.0,8.6,64.0,1080.0,2460.0,395.09317371596666,256.0,8.0,0.0,0.0,1.0,1.0,Mediatek MT6781 Helio G96 (12 nm),0.0
Tecno Phantom X2,Tecno,2022.0,460.0,6.8,203.0,5160.0,8.9,64.0,1080.0,2400.0,387.03021528461136,256.0,8.0,1.0,1.0,1.0,0.0,MediaTek Dimensity 9000 (4 nm),0.0
TCL Plex,TCL,2019.0,330.0,6.53,192.0,3820.0,8.0,48.0,1080.0,2340.0,394.6719435512624,128.0,6.0,0.0,0.0,1.0,1.0,Qualcomm SDM675 Snapdragon 675 (11 nm),0.0
TCL 10L,TCL,2020.0,140.0,6.53,180.0,4000.0,8.4,48.0,1080.0,2340.0,394.6719435512624,256.0,6.0,0.0,0.0,1.0,1.0,Qualcomm SM6125 Snapdragon 665 (11 nm),0.0
TCL 10 Pro,TCL,2020.0,250.0,6.47,177.0,4500.0,9.2,64.0,1080.0,2340.0,398.33196157492176,256.0,6.0,1.0,0.0,1.0,1.0,Qualcomm SDM675 Snapdragon 675 (11 nm),0.0
TCL 10 5G,TCL,2020.0,400.0,6.53,210.0,4500.0,9.0,64.0,1080.0,2340.0,394.6719435512624,128.0,6.0,0.0,1.0,1.0,1.0,Qualcomm SM7250 Snapdragon 765G 5G (7 nm),0.0
TCL 10 Plus,TCL,2020.0,300.0,6.47,172.0,4500.0,8.9,48.0,1080.0,2340.0,398.33196157492176,256.0,8.0,1.0,0.0,1.0,1.0,Qualcomm SM6125 Snapdragon 665 (11 nm),0.0
TCL 10 5G UW,TCL,2020.0,340.0,6.53,210.0,4500.0,9.4,48.0,1080.0,2340.0,394.6719435512624,128.0,6.0,0.0,1.0,0.0,1.0,Qualcomm SM7250 Snapdragon 765G 5G (7 nm),0.0
TCL 20 SE,TCL,2021.0,150.0,6.82,206.0,5000.0,9.1,16.0,720.0,1640.0,262.6230284720013,128.0,4.0,0.0,0.0,1.0,1.0,Qualcomm SM4250 Snapdragon 460 (11 nm),0.0
TCL 20 5G,TCL,2020.0,300.0,6.67,206.0,4500.0,9.1,48.0,1080.0,2400.0,394.57353282389164,256.0,6.0,0.0,1.0,1.0,1.0,Qualcomm SM6350 Snapdragon 690 5G (8 nm),0.0
TCL 20L,TCL,2021.0,180.0,6.67,199.0,5000.0,9.1,48.0,1080.0,2400.0,394.57353282389164,128.0,6.0,0.0,0.0,1.0,1.0,Qualcomm SM6115 Snapdragon 662 (11 nm),0.0
TCL 20L+,TCL,2021.0,270.0,6.67,199.0,5000.0,9.1,64.0,1080.0,2400.0,394.57353282389164,256.0,6.0,0.0,0.0,1.0,1.0,Qualcomm SM6115 Snapdragon 662 (11 nm),0.0
TCL 20S,TCL,2021.0,210.0,6.67,199.0,5000.0,9.1,64.0,1080.0,2400.0,394.57353282389164,256.0,6.0,0.0,0.0,1.0,1.0,Qualcomm SM6125 Snapdragon 665 (11 nm),0.0
TCL 20 Pro 5G,TCL,2021.0,374.34,6.67,190.0,4500.0,8.8,48.0,1080.0,2400.0,394.57353282389164,256.0,6.0,1.0,1.0,1.0,1.0,Qualcomm SM7225 Snapdragon 750G 5G (8 nm),0.0
TCL L10 Pro,TCL,2021.0,210.0,6.22,175.0,4000.0,8.7,13.0,720.0,1520.0,270.4025214357381,128.0,4.0,0.0,0.0,0.0,1.0,Unisoc SC9863A (28nm),0.0
TCL 20 R 5G,TCL,2021.0,180.0,6.52,186.0,4500.0,9.0,13.0,720.0,1600.0,269.1007631835743,128.0,4.0,0.0,1.0,1.0,1.0,MediaTek MT6833 Dimensity 700 (7 nm),0.0
TCL 20B,TCL,2021.0,320.0,6.52,178.0,4000.0,8.0,50.0,720.0,1600.0,269.1007631835743,64.0,4.0,0.0,0.0,0.0,1.0,Mediatek MT6762 Helio P22 (12 nm),0.0
TCL A3,TCL,2021.0,40.0,5.5,171.0,3000.0,9.9,8.0,720.0,1440.0,292.721626145427,32.0,3.0,0.0,0.0,0.0,1.0,Mediatek MT6762 Helio P22 (12 nm),0.0
TCL A30,TCL,2021.0,90.0,5.5,171.0,3000.0,9.9,8.0,720.0,1440.0,292.721626145427,32.0,3.0,0.0,0.0,0.0,1.0,Mediatek MT6762 Helio P22 (12 nm),0.0
TCL 20Y,TCL,2021.0,130.0,6.52,194.0,4000.0,8.8,48.0,720.0,1600.0,269.1007631835743,64.0,4.0,0.0,0.0,1.0,1.0,Mediatek MT6762D Helio P22 (12 nm),0.0
TCL 20E,TCL,2021.0,160.0,6.52,190.0,4000.0,8.8,13.0,720.0,1600.0,269.1007631835743,128.0,4.0,0.0,0.0,0.0,1.0,Mediatek MT6762 Helio P22 (12 nm),0.0
TCL 20 XE,TCL,2021.0,50.0,6.52,195.0,5000.0,9.0,13.0,720.0,1600.0,269.1007631835743,32.0,3.0,0.0,0.0,0.0,1.0,Mediatek MT6762 Helio P22 (12 nm),0.0
TCL 30 XE 5G,TCL,2022.0,170.0,6.52,195.0,4500.0,9.0,13.0,720.0,1600.0,269.1007631835743,64.0,4.0,0.0,1.0,0.0,1.0,MediaTek MT6833 Dimensity 700 (7 nm),0.0
TCL 30 V 5G,TCL,2022.0,270.0,6.67,200.4,4500.0,9.1,50.0,1080.0,2400.0,394.57353282389164,128.0,4.0,0.0,1.0,0.0,1.0,Qualcomm SM4350 Snapdragon 480 5G (8 nm),0.0
TCL 205,TCL,2021.0,113.1,6.22,170.3,4000.0,8.7,13.0,720.0,1520.0,270.4025214357381,32.0,2.0,0.0,0.0,0.0,1.0,Unisoc SC9863A (28nm),0.0
TCL 305,TCL,2022.0,200.0,6.52,190.0,5000.0,8.9,13.0,720.0,1600.0,269.1007631835743,64.0,2.0,0.0,0.0,0.0,1.0,Mediatek MT6761 Helio A22 (12 nm),0.0
TCL 306,TCL,2022.0,40.0,6.52,190.0,5000.0,8.9,13.0,720.0,1600.0,269.1007631835743,32.0,3.0,0.0,0.0,1.0,1.0,MediaTek MT6762G Helio G25 (12 nm),0.0
TCL 30,TCL,2022.0,200.0,6.7,184.0,5010.0,7.7,50.0,1080.0,2400.0,392.8067856619936,64.0,4.0,1.0,0.0,1.0,1.0,Mediatek MT6765V/CB Helio G37 (12 nm),0.0
TCL 30+,TCL,2022.0,220.0,6.7,184.0,5010.0,7.7,50.0,1080.0,2400.0,392.8067856619936,128.0,4.0,1.0,0.0,1.0,1.0,Mediatek MT6765V/CB Helio G37 (12 nm),0.0
TCL 30 5G,TCL,2022.0,250.0,6.7,184.0,5010.0,7.7,50.0,1080.0,2400.0,392.8067856619936,128.0,4.0,1.0,1.0,1.0,1.0,MediaTek MT6833 Dimensity 700 (7 nm),0.0
TCL Stylus,TCL,2022.0,240.0,6.81,213.0,4000.0,9.0,50.0,1080.0,2460.0,394.5130075284249,128.0,4.0,0.0,1.0,1.0,1.0,MediaTek MT6833 Dimensity 700 (7 nm),0.0
TCL 40R,TCL,2022.0,240.0,6.6,192.0,5000.0,9.0,50.0,720.0,1612.0,267.49801540590414,128.0,4.0,0.0,1.0,1.0,1.0,MediaTek MT6833 Dimensity 700 (7 nm),0.0
TCL 30 XL,TCL,2022.0,156.3908,6.82,204.4,5000.0,9.1,50.0,720.0,1640.0,262.6230284720013,64.0,6.0,0.0,0.0,0.0,1.0,MediaTek MT6762V Helio A25 (12 nm),0.0
TCL 405,TCL,2022.0,145.01,6.6,190.0,5000.0,9.0,13.0,720.0,1600.0,265.83893575104617,64.0,2.0,0.0,0.0,0.0,1.0,MediaTek MT6762G Helio G25 (12 nm),0.0
T-Mobile Revvl,T-Mobile,2017.0,110.0,5.5,157.9,3000.0,8.4,13.0,720.0,1280.0,267.0190509190665,32.0,2.0,0.0,0.0,0.0,1.0,Mediatek MT6738,0.0
T-Mobile REVVL 4+,T-Mobile,2020.0,160.0,6.52,180.0,4000.0,8.1,16.0,720.0,1440.0,246.9277521165412,64.0,4.0,0.0,0.0,1.0,1.0,Qualcomm SDM665 Snapdragon 665 (11 nm),0.0
T-Mobile REVVL 5G,T-Mobile,2020.0,340.0,6.53,215.0,4500.0,9.4,48.0,1080.0,2340.0,394.6719435512624,128.0,6.0,0.0,1.0,1.0,1.0,Qualcomm SM7250 Snapdragon 765 5G (7 nm),0.0
T-Mobile REVVL 6,T-Mobile,2022.0,170.0,6.52,194.0,4500.0,8.8,13.0,720.0,1600.0,269.1007631835743,64.0,4.0,0.0,1.0,0.0,1.0,MediaTek MT6833 Dimensity 700 (7 nm),0.0
T-Mobile REVVL 6 Pro,T-Mobile,2022.0,220.0,6.82,214.0,5000.0,9.0,50.0,720.0,1640.0,262.6230284720013,128.0,6.0,0.0,1.0,1.0,1.0,MediaTek MT6833 Dimensity 700 (7 nm),0.0
Sony Xperia E4,Sony,2015.0,120.0,5.0,144.0,2300.0,10.5,5.0,540.0,960.0,220.29071700822982,8.0,1.0,0.0,0.0,0.0,1.0,Mediatek MT6582 (28 nm),0.0
Sony Xperia E4 Dual,Sony,2015.0,120.0,5.0,144.0,2300.0,10.5,5.0,540.0,960.0,220.29071700822982,8.0,1.0,0.0,0.0,0.0,1.0,Mediatek MT6582 (28 nm),0.0
Sony Xperia E4g Dual,Sony,2015.0,150.0,4.7,135.0,2300.0,10.8,5.0,540.0,960.0,234.35182660449982,8.0,1.0,0.0,0.0,0.0,1.0,MediaTek MT6732 (28 nm),0.0
Sony Xperia E4g,Sony,2015.0,130.0,4.7,135.0,2300.0,10.8,5.0,540.0,960.0,234.35182660449982,8.0,1.0,0.0,0.0,1.0,1.0,MediaTek MT6732 (28 nm),0.0
Sony Xperia M4 Aqua,Sony,2015.0,190.0,5.0,136.0,2400.0,7.3,13.0,720.0,1280.0,293.7209560109731,16.0,2.0,0.0,0.0,1.0,1.0,Qualcomm MSM8939 Snapdragon 615 (28 nm),0.0
Sony Xperia M4 Aqua Dual,Sony,2015.0,200.0,5.0,135.0,2400.0,7.3,13.0,720.0,1280.0,293.7209560109731,16.0,2.0,0.0,0.0,1.0,1.0,Qualcomm MSM8939 Snapdragon 615 (28 nm),0.0
Sony Xperia C4,Sony,2015.0,220.0,5.5,147.0,2600.0,7.9,13.0,1080.0,1920.0,400.52857637859967,16.0,2.0,0.0,0.0,1.0,1.0,Mediatek MT6752 (28 nm),0.0
Sony Xperia C4 Dual,Sony,2015.0,250.0,5.5,147.0,2600.0,7.9,13.0,1080.0,1920.0,400.52857637859967,16.0,2.0,0.0,0.0,1.0,1.0,Mediatek MT6752 (28 nm),0.0
Sony Xperia Z3+,Sony,2015.0,290.0,5.2,144.0,2930.0,6.9,20.7,1080.0,1920.0,423.6359942465958,32.0,3.0,0.0,0.0,1.0,1.0,Qualcomm MSM8994 Snapdragon 810 (20 nm),0.0
Sony Xperia Z3+ dual,Sony,2015.0,320.0,5.2,144.0,2930.0,6.9,20.7,1080.0,1920.0,423.6359942465958,32.0,3.0,0.0,0.0,1.0,1.0,Qualcomm MSM8994 Snapdragon 810 (20 nm),0.0
Sony Xperia C5 Ultra,Sony,2015.0,200.0,6.0,187.0,2930.0,8.2,13.0,1080.0,1920.0,367.1511950137164,16.0,2.0,0.0,0.0,1.0,1.0,Mediatek MT6752 (28 nm),0.0
Sony Xperia C5 Ultra Dual,Sony,2015.0,200.0,6.0,187.0,2930.0,8.2,13.0,1080.0,1920.0,367.1511950137164,16.0,2.0,0.0,0.0,1.0,1.0,Mediatek MT6752 (28 nm),0.0
Sony Xperia M5,Sony,2015.0,110.0,5.0,142.5,2600.0,7.6,21.2,1080.0,1920.0,440.58143401645964,16.0,3.0,0.0,0.0,1.0,1.0,Mediatek MT6795 Helio X10 (28 nm),0.0
Sony Xperia M5 Dual,Sony,2015.0,110.0,5.0,142.6,2600.0,7.6,21.2,1080.0,1920.0,440.58143401645964,16.0,3.0,0.0,0.0,1.0,1.0,Mediatek MT6795 Helio X10 (28 nm),0.0
Sony Xperia Z5 Compact,Sony,2015.0,200.0,4.6,138.0,2700.0,8.9,23.0,720.0,1280.0,319.2619087075795,32.0,2.0,0.0,0.0,1.0,1.0,Qualcomm MSM8994 Snapdragon 810 (20 nm),0.0
Sony Xperia Z5,Sony,2015.0,150.0,5.2,154.0,2900.0,7.3,23.0,1080.0,1920.0,423.6359942465958,32.0,3.0,0.0,0.0,1.0,1.0,Qualcomm MSM8994 Snapdragon 810 (20 nm),0.0
Sony Xperia Z5 Dual,Sony,2015.0,170.0,5.2,154.0,2900.0,7.3,23.0,1080.0,1920.0,423.6359942465958,32.0,3.0,0.0,0.0,1.0,1.0,Qualcomm MSM8994 Snapdragon 810 (20 nm),0.0
Sony Xperia Z5 Premium,Sony,2015.0,190.0,5.5,180.0,3430.0,7.8,23.0,2160.0,3840.0,801.0571527571993,32.0,3.0,0.0,0.0,1.0,1.0,Qualcomm MSM8994 Snapdragon 810 (20 nm),0.0
Sony Xperia Z5 Premium Dual,Sony,2015.0,220.0,5.5,180.0,3430.0,7.8,23.0,2160.0,3840.0,801.0571527571993,32.0,3.0,0.0,0.0,1.0,1.0,Qualcomm MSM8994 Snapdragon 810 (20 nm),0.0
Sony Xperia XA,Sony,2016.0,100.0,5.0,137.4,2300.0,7.9,13.0,720.0,1280.0,293.7209560109731,16.0,2.0,0.0,0.0,1.0,1.0,Mediatek MT6755 Helio P10 (28 nm),0.0
Sony Xperia XA Dual,Sony,2016.0,200.0,5.0,137.4,2300.0,7.9,13.0,720.0,1280.0,293.7209560109731,16.0,2.0,0.0,0.0,1.0,1.0,Mediatek MT6755 Helio P10 (28 nm),0.0
Sony Xperia X,Sony,2016.0,150.0,5.0,153.0,2620.0,7.7,23.0,1080.0,1920.0,440.58143401645964,64.0,3.0,0.0,0.0,1.0,1.0,Qualcomm MSM8956 Snapdragon 650,0.0
Sony Xperia X Performance,Sony,2016.0,170.0,5.0,164.4,2700.0,8.7,23.0,1080.0,1920.0,440.58143401645964,64.0,3.0,0.0,0.0,1.0,1.0,Qualcomm MSM8996 Snapdragon 820 (14 nm),0.0
Sony Xperia XA Ultra,Sony,2016.0,250.0,6.0,202.0,2700.0,8.4,21.5,1080.0,1920.0,367.1511950137164,16.0,3.0,0.0,0.0,1.0,1.0,Mediatek MT6755 Helio P10 (28 nm),0.0
Sony Xperia E5,Sony,2016.0,120.0,5.0,147.0,2300.0,8.2,13.0,720.0,1280.0,293.7209560109731,16.0,1.5,0.0,0.0,1.0,1.0,Mediatek MT6735 (28 nm),0.0
Sony Xperia XZ,Sony,2016.0,230.0,5.2,161.0,2900.0,8.1,23.0,1080.0,1920.0,423.6359942465958,64.0,3.0,0.0,0.0,1.0,1.0,Qualcomm MSM8996 Snapdragon 820 (14 nm),0.0
Sony Xperia X Compact,Sony,2016.0,220.0,4.6,135.0,2700.0,9.5,23.0,720.0,1280.0,319.2619087075795,32.0,3.0,0.0,0.0,1.0,1.0,Qualcomm MSM8956 Snapdragon 650,0.0
Sony Xperia XA1,Sony,2017.0,140.0,5.0,143.0,2300.0,8.0,23.0,720.0,1280.0,293.7209560109731,32.0,3.0,0.0,0.0,1.0,1.0,Mediatek MT6757 Helio P20 (16 nm),0.0
Sony Xperia XA1 Ultra,Sony,2017.0,250.0,6.0,188.0,2700.0,8.1,23.0,1080.0,1920.0,367.1511950137164,64.0,4.0,0.0,0.0,1.0,1.0,Mediatek MT6757 Helio P20 (16 nm),0.0
Sony Xperia XZ Premium,Sony,2017.0,320.0,5.46,195.0,3230.0,7.9,19.0,3840.0,2160.0,806.9257033268492,64.0,4.0,0.0,0.0,1.0,1.0,Qualcomm MSM8998 Snapdragon 835 (10 nm),0.0
Sony Xperia XZs,Sony,2017.0,220.0,5.2,161.0,2900.0,8.1,19.0,1080.0,1920.0,423.6359942465958,64.0,4.0,0.0,0.0,1.0,1.0,Qualcomm MSM8996 Snapdragon 820 (14 nm),0.0
Sony Xperia L1,Sony,2017.0,110.0,5.5,180.0,2620.0,8.7,13.0,720.0,1280.0,267.0190509190665,16.0,2.0,0.0,0.0,1.0,1.0,Mediatek MT6737T (28 nm),0.0
Sony Xperia XZ1 Compact,Sony,2017.0,300.0,4.6,140.0,2700.0,9.3,19.0,720.0,1280.0,319.2619087075795,32.0,4.0,0.0,0.0,1.0,1.0,Qualcomm MSM8998 Snapdragon 835 (10 nm),0.0
Sony Xperia XA1 Plus,Sony,2017.0,150.0,5.5,189.0,3430.0,8.7,23.0,1080.0,1920.0,400.52857637859967,32.0,4.0,0.0,0.0,1.0,1.0,Mediatek MT6757 Helio P20 (16 nm),0.0
Sony Xperia XZ1,Sony,2017.0,260.0,5.2,155.0,2700.0,7.4,19.0,1080.0,1920.0,423.6359942465958,64.0,4.0,0.0,0.0,1.0,1.0,Qualcomm MSM8998 Snapdragon 835 (10 nm),0.0
Sony Xperia L2,Sony,2018.0,140.0,5.5,178.0,3300.0,9.8,13.0,720.0,1280.0,267.0190509190665,32.0,3.0,0.0,0.0,1.0,1.0,Mediatek MT6737T (28 nm),0.0
Sony Xperia XA2,Sony,2018.0,200.0,5.2,171.0,3300.0,9.7,23.0,1080.0,1920.0,423.6359942465958,32.0,3.0,0.0,0.0,1.0,1.0,Qualcomm SDM630 Snapdragon 630 (14 nm),0.0
Sony Xperia XA2 Ultra,Sony,2018.0,260.0,6.0,221.0,3580.0,9.5,23.0,1080.0,1920.0,367.1511950137164,64.0,4.0,0.0,0.0,1.0,1.0,Qualcomm SDM630 Snapdragon 630 (14 nm),0.0
Sony Xperia XZ2 Compact,Sony,2018.0,430.0,5.0,168.0,2870.0,12.1,19.0,1080.0,2160.0,482.99068313995457,64.0,4.0,0.0,0.0,1.0,0.0,Qualcomm SDM845 Snapdragon 845 (10 nm),0.0
Sony Xperia XZ2,Sony,2018.0,360.0,5.7,198.0,3180.0,11.1,19.0,1080.0,2160.0,423.6760378420654,64.0,6.0,0.0,0.0,1.0,0.0,Qualcomm SDM845 Snapdragon 845 (10 nm),0.0
Sony Xperia XZ2 Premium,Sony,2018.0,460.0,5.8,236.0,3540.0,11.9,19.0,3840.0,2160.0,759.6231620973442,64.0,6.0,0.0,0.0,1.0,0.0,Qualcomm SDM845 Snapdragon 845 (10 nm),0.0
Sony Xperia XZ3,Sony,2018.0,510.0,6.0,193.0,3300.0,9.9,19.0,1440.0,2880.0,536.6563145999495,64.0,6.0,1.0,0.0,1.0,0.0,Qualcomm SDM845 Snapdragon 845 (10 nm),0.0
Sony Xperia XA2 Plus,Sony,2018.0,240.0,6.0,205.0,3580.0,9.6,23.0,1080.0,2160.0,402.49223594996215,64.0,6.0,0.0,0.0,1.0,1.0,Qualcomm SDM630 Snapdragon 630 (14 nm),0.0
Sony Xperia L3,Sony,2019.0,230.0,5.7,156.0,3300.0,8.9,13.0,720.0,1440.0,282.45069189471025,32.0,3.0,0.0,0.0,1.0,1.0,Mediatek MT6762 Helio P22 (12 nm),0.0
Sony Xperia 10,Sony,2019.0,280.0,6.0,162.0,2870.0,8.4,13.0,1080.0,2520.0,456.94638635183446,64.0,4.0,0.0,0.0,1.0,1.0,Qualcomm SDM630 Snapdragon 630 (14 nm),0.0
Sony Xperia 10 Plus,Sony,2019.0,560.0,6.5,180.0,3000.0,8.3,12.0,1080.0,2520.0,421.7966643247703,64.0,6.0,0.0,0.0,1.0,1.0,Qualcomm SDM636 Snapdragon 636 (14 nm),0.0
Sony Xperia 1,Sony,2019.0,500.0,6.5,178.0,3330.0,8.2,12.0,1644.0,3840.0,642.6339291259881,128.0,6.0,1.0,0.0,1.0,0.0,Qualcomm SM8150 Snapdragon 855 (7 nm),0.0
Sony Xperia 5,Sony,2019.0,409.0,6.1,164.0,3140.0,8.2,12.0,1080.0,2520.0,449.455461985411,128.0,6.0,1.0,0.0,1.0,0.0,Qualcomm SM8150 Snapdragon 855 (7 nm),0.0
Sony Xperia L4,Sony,2020.0,200.0,6.2,178.0,3580.0,8.7,13.0,720.0,1680.0,294.80412022699,64.0,3.0,0.0,0.0,1.0,1.0,Mediatek MT6762 Helio P22 (12 nm),0.0
Sony Xperia 10 II,Sony,2020.0,700.0,6.0,151.0,3600.0,8.2,12.0,1080.0,2520.0,456.94638635183446,128.0,4.0,1.0,0.0,1.0,1.0,Qualcomm SDM665 Snapdragon 665 (11 nm),0.0
Sony Xperia 1 II,Sony,2020.0,959.99,6.5,181.4,4000.0,7.6,12.0,1644.0,3840.0,642.6339291259881,256.0,12.0,1.0,1.0,1.0,1.0,Qualcomm SM8250 Snapdragon 865 5G (7 nm+),0.0
Sony Xperia 5 II,Sony,2020.0,699.9,6.1,163.0,4000.0,8.0,12.0,1080.0,2520.0,449.455461985411,256.0,8.0,1.0,1.0,1.0,1.0,Qualcomm SM8250 Snapdragon 865 5G (7 nm+),0.0
Sony Xperia Pro,Sony,2020.0,1838.16,6.5,225.1,4000.0,10.2,12.0,1644.0,3840.0,642.6339291259881,512.0,12.0,1.0,1.0,1.0,1.0,Qualcomm SM8250 Snapdragon 865 5G (7 nm+),0.0
Sony Xperia 10 III,Sony,2021.0,514.68,6.0,169.0,4500.0,8.3,12.0,1080.0,2520.0,456.94638635183446,256.0,6.0,1.0,1.0,1.0,1.0,Qualcomm SM6350 Snapdragon 690 5G (8 nm),0.0
Sony Xperia 5 III,Sony,2021.0,649.0,6.1,168.0,4500.0,8.2,12.0,1080.0,2520.0,449.455461985411,256.0,8.0,1.0,1.0,1.0,1.0,Qualcomm SM8350 Snapdragon 888 5G (5 nm),0.0
Sony Xperia 1 III,Sony,2021.0,725.89,6.5,186.0,4500.0,8.2,12.0,1644.0,3840.0,642.6339291259881,512.0,12.0,1.0,1.0,1.0,1.0,Qualcomm SM8350 Snapdragon 888 5G (5 nm),0.0
Sony Xperia 10 III Lite,Sony,2021.0,370.0,6.0,169.0,4500.0,8.3,12.0,1080.0,2520.0,456.94638635183446,64.0,6.0,1.0,1.0,1.0,1.0,Qualcomm SM6350 Snapdragon 690 5G (8 nm),0.0
Sony Xperia Pro-I,Sony,2021.0,1199.99,6.5,211.0,4500.0,8.9,12.0,1644.0,3840.0,642.6339291259881,512.0,12.0,1.0,1.0,1.0,1.0,Qualcomm SM8350 Snapdragon 888 5G (5 nm),0.0
Sony Xperia 10 IV,Sony,2022.0,357.84,6.0,161.0,5000.0,8.3,12.0,1080.0,2520.0,456.94638635183446,128.0,6.0,1.0,1.0,1.0,1.0,Qualcomm SM6375 Snapdragon 695 5G (6 nm),0.0
Sony Xperia 1 IV,Sony,2022.0,975.2,6.5,185.0,5000.0,8.2,12.0,1644.0,3840.0,642.6339291259881,512.0,12.0,1.0,1.0,1.0,1.0,Qualcomm SM8450 Snapdragon 8 Gen 1 (4 nm),0.0
Sony Xperia 5 IV,Sony,2022.0,734.1600000000001,6.1,172.0,5000.0,8.2,12.0,1080.0,2520.0,449.455461985411,256.0,8.0,1.0,1.0,1.0,1.0,Qualcomm SM8450 Snapdragon 8 Gen 1 (4 nm),0.0
Sonim XP8,Sonim,2018.0,700.0,5.0,335.0,4900.0,18.0,12.0,1080.0,1920.0,440.58143401645964,64.0,4.0,0.0,0.0,1.0,0.0,Qualcomm SDM630 Snapdragon 630 (14 nm),0.0
Sharp Aquos Crystal 2,Sharp,2015.0,300.0,5.2,154.0,2030.0,11.0,8.0,720.0,1280.0,282.42399616439724,16.0,2.0,0.0,0.0,1.0,1.0,Qualcomm MSM8926 Snapdragon 400 (28 nm),0.0
Sharp Aquos Xx,Sharp,2015.0,340.0,5.7,168.0,3000.0,8.7,13.0,1080.0,1920.0,386.47494211970144,32.0,3.0,0.0,0.0,1.0,1.0,Qualcomm MSM8994 Snapdragon 810 (20 nm),0.0
Sharp MS1,Sharp,2016.0,240.0,5.5,151.0,2600.0,7.6,13.0,1080.0,1920.0,400.52857637859967,64.0,3.0,0.0,0.0,0.0,1.0,Mediatek MT6753 (28 nm),0.0
Sharp Z2,Sharp,2016.0,330.0,5.5,160.0,3000.0,8.4,16.0,1080.0,1920.0,400.52857637859967,32.0,4.0,0.0,0.0,0.0,1.0,Mediatek MT6797 Helio X20 (20 nm),0.0
Sharp Z3,Sharp,2017.0,380.0,5.7,185.0,3100.0,7.8,16.0,1440.0,2560.0,515.2999228262686,64.0,4.0,0.0,0.0,0.0,1.0,Qualcomm MSM8976 Snapdragon 652 (28 nm),0.0
Sharp Aquos S2,Sharp,2017.0,450.0,5.5,140.0,3020.0,7.9,12.0,1080.0,2040.0,419.6811068001021,128.0,6.0,0.0,0.0,1.0,0.0,"Qualcomm SDM630 Snapdragon 630 (14 nm) - 64/4GB
Qualcomm SDM660 Snapdragon 660 (14 nm) - 128/6GB",0.0
Sharp Aquos S3 mini,Sharp,2018.0,250.0,5.5,140.0,3020.0,7.8,16.0,1080.0,2040.0,419.6811068001021,64.0,6.0,0.0,0.0,0.0,1.0,Qualcomm SDM630 Snapdragon 630 (14 nm),0.0
Sharp Aquos S3,Sharp,2018.0,400.0,6.0,165.4,3200.0,8.0,12.0,1080.0,2160.0,402.49223594996215,64.0,6.0,0.0,0.0,1.0,1.0,Qualcomm SDM630 Snapdragon 630 (14 nm),0.0
Sharp Aquos R2,Sharp,2018.0,350.0,6.0,181.0,3130.0,9.0,22.6,1440.0,3040.0,560.634561110097,64.0,4.0,0.0,0.0,1.0,1.0,Qualcomm SDM845 Snapdragon 845 (10 nm),0.0
Sharp Aquos S3 High,Sharp,2018.0,400.0,6.0,167.4,3200.0,8.0,12.0,1080.0,2160.0,402.49223594996215,64.0,8.0,0.0,0.0,1.0,1.0,Qualcomm SDM660 Snapdragon 660 (14 nm),0.0
Sharp Aquos C10,Sharp,2018.0,400.0,5.5,140.0,2700.0,7.9,12.0,1080.0,2040.0,419.6811068001021,64.0,4.0,0.0,0.0,1.0,0.0,Qualcomm SDM630 Snapdragon 630 (14 nm),0.0
Sharp Aquos B10,Sharp,2018.0,300.0,5.7,175.0,4000.0,8.8,13.0,720.0,1440.0,282.45069189471025,32.0,3.0,0.0,0.0,1.0,1.0,Mediatek MT6750T (28 nm),0.0
Sharp Aquos D10,Sharp,2018.0,400.0,5.99,165.0,2900.0,8.0,12.0,1080.0,2160.0,403.16417624370166,64.0,4.0,0.0,0.0,1.0,1.0,Qualcomm SDM630 Snapdragon 630 (14 nm),0.0
Sharp Aquos Zero,Sharp,2019.0,600.0,6.2,146.0,3130.0,8.8,22.6,1440.0,2992.0,535.563149980528,128.0,6.0,1.0,0.0,1.0,0.0,Qualcomm SDM845 Snapdragon 845 (10 nm),0.0
Sharp Aquos R3,Sharp,2019.0,750.0,6.2,185.0,3200.0,8.9,12.2,1440.0,3120.0,554.2382347074716,128.0,6.0,0.0,0.0,1.0,1.0,Qualcomm SM8150 Snapdragon 855 (7 nm),0.0
Sharp Aquos V,Sharp,2019.0,210.0,5.9,173.0,3090.0,9.0,13.0,1080.0,2160.0,409.3141382541988,64.0,4.0,0.0,0.0,0.0,1.0,Qualcomm MSM8998 Snapdragon 835 (10 nm),0.0
Sharp Aquos R5G,Sharp,2020.0,700.0,6.4,189.0,3730.0,8.9,12.0,1440.0,3168.0,543.7370688117556,256.0,12.0,0.0,1.0,1.0,0.0,Qualcomm SM8250 Snapdragon 865 5G (7 nm+),0.0
Sharp Aquos Zero 2,Sharp,2020.0,670.0,6.4,141.0,3130.0,8.8,12.2,1080.0,2340.0,402.68871740464743,256.0,8.0,1.0,0.0,1.0,0.0,Qualcomm SM8150 Snapdragon 855 (7 nm),0.0
Sharp Aquos sense4 plus,Sharp,2020.0,600.0,6.7,198.0,4120.0,8.8,48.0,1080.0,2400.0,392.8067856619936,128.0,8.0,0.0,0.0,0.0,1.0,Qualcomm SM7125 Snapdragon 720G (8 nm),0.0
Sharp Aquos sense5G,Sharp,2020.0,250.0,5.8,178.0,4570.0,8.9,12.0,1080.0,2280.0,434.9750905164546,128.0,8.0,0.0,1.0,1.0,1.0,Qualcomm SM6350 Snapdragon 690 5G (8 nm),0.0
Sharp Aquos zero6,Sharp,2021.0,400.0,6.4,146.0,4010.0,7.9,48.0,1080.0,2340.0,402.68871740464743,128.0,8.0,1.0,1.0,1.0,1.0,Qualcomm SM7225 Snapdragon 750G 5G (8 nm),0.0
Sharp Aquos wish,Sharp,2022.0,230.0,5.7,162.0,3730.0,8.9,13.0,720.0,1520.0,295.07082163689313,64.0,4.0,0.0,1.0,1.0,1.0,Qualcomm SM4350 Snapdragon 480 5G (8 nm),0.0
Sharp Aquos V6,Sharp,2022.0,130.0,6.52,190.0,5000.0,8.9,13.0,720.0,1600.0,269.1007631835743,32.0,3.0,0.0,0.0,1.0,1.0,Mediatek Helio G25 (12 nm),0.0
Sharp Aquos V6 Plus,Sharp,2022.0,150.0,6.52,190.0,5000.0,8.9,50.0,720.0,1600.0,269.1007631835743,64.0,4.0,0.0,0.0,1.0,1.0,Mediatek Helio G25 (12 nm),0.0
Samsung Galaxy E5,Samsung,2015.0,200.0,5.0,140.0,2400.0,7.3,8.0,720.0,1280.0,293.7209560109731,16.0,1.5,1.0,0.0,0.0,1.0,Qualcomm MSM8916 Snapdragon 410 (28 nm),0.0
Samsung Galaxy E7,Samsung,2015.0,230.0,5.5,141.0,2950.0,7.3,13.0,720.0,1280.0,267.0190509190665,16.0,2.0,1.0,0.0,1.0,1.0,Qualcomm MSM8916 Snapdragon 410 (28 nm),0.0
Samsung Galaxy Grand Max,Samsung,2015.0,260.0,5.25,161.0,2500.0,7.9,13.0,720.0,1280.0,279.7342438199744,16.0,1.5,0.0,0.0,0.0,1.0,Qualcomm MSM8916 Snapdragon 410 (28 nm),0.0
Samsung Galaxy A7,Samsung,2015.0,300.0,5.5,141.0,2600.0,6.3,13.0,1080.0,1920.0,400.52857637859967,16.0,2.0,1.0,0.0,1.0,1.0,"Qualcomm MSM8939 Snapdragon 615 (28 nm) - A700FD
Exynos 5430 Octa (20 nm) - A700F",0.0
Samsung Galaxy A7 Duos,Samsung,2015.0,300.0,5.5,141.0,2600.0,6.3,13.0,1080.0,1920.0,400.52857637859967,16.0,2.0,1.0,0.0,1.0,1.0,Qualcomm MSM8939 Snapdragon 615 (28 nm),0.0
Samsung Z1,Samsung,2015.0,80.0,4.0,112.0,1500.0,9.7,3.15,480.0,800.0,233.23807579381202,4.0,0.75,0.0,0.0,0.0,1.0,Spreadtrum SC7727S,0.0
Samsung Galaxy J1,Samsung,2015.0,110.0,4.3,122.0,1850.0,8.9,5.0,480.0,800.0,216.9656519012205,4.0,0.5,0.0,0.0,0.0,1.0,Spreadtrum,0.0
Samsung Galaxy J2,Samsung,2015.0,150.0,4.7,129.0,2000.0,8.4,5.0,540.0,960.0,234.35182660449982,8.0,1.0,1.0,0.0,1.0,1.0,Exynos 3475 Quad (28 nm),0.0
Samsung Galaxy J1 4G,Samsung,2015.0,120.0,4.3,122.0,1850.0,8.9,5.0,480.0,800.0,216.9656519012205,4.0,0.75,0.0,0.0,1.0,1.0,,0.0
Samsung Galaxy S6,Samsung,2015.0,240.0,5.1,138.0,2550.0,6.8,16.0,1440.0,2560.0,575.9234431587709,128.0,3.0,1.0,0.0,1.0,1.0,Exynos 7420 Octa (14 nm),0.0
Samsung Galaxy S6 Duos,Samsung,2015.0,400.0,5.1,138.0,2550.0,6.8,16.0,1440.0,2560.0,575.9234431587709,128.0,3.0,1.0,0.0,1.0,1.0,Exynos 7420 Octa (14 nm),0.0
Samsung Galaxy S6 edge,Samsung,2015.0,280.0,5.1,132.0,2600.0,7.0,16.0,1440.0,2560.0,575.9234431587709,128.0,3.0,1.0,0.0,1.0,1.0,Exynos 7420 Octa (14 nm),0.0
Samsung Galaxy S6 (USA),Samsung,2015.0,410.0,5.1,140.0,2550.0,6.9,16.0,1440.0,2560.0,575.9234431587709,128.0,3.0,1.0,0.0,1.0,1.0,Exynos 7420 Octa (14 nm),0.0
Samsung Galaxy S6 edge (USA),Samsung,2015.0,450.0,5.1,132.0,2600.0,7.1,16.0,1440.0,2560.0,575.9234431587709,128.0,3.0,1.0,0.0,1.0,1.0,Exynos 7420 Octa (14 nm),0.0
Samsung Galaxy Xcover 3,Samsung,2015.0,220.0,4.5,154.0,2200.0,10.0,5.0,480.0,800.0,207.32273403894402,8.0,1.5,0.0,0.0,1.0,1.0,Marvell Armada PXA1908,0.0
Samsung Galaxy S6 active,Samsung,2015.0,350.0,5.1,170.0,3500.0,8.6,16.0,1440.0,2560.0,575.9234431587709,64.0,3.0,1.0,0.0,1.0,1.0,Exynos 7420 Octa (14 nm),0.0
Samsung Galaxy J5,Samsung,2015.0,160.0,5.0,146.0,2600.0,7.9,13.0,720.0,1280.0,293.7209560109731,16.0,1.5,1.0,0.0,1.0,1.0,Qualcomm MSM8916 Snapdragon 410 (28 nm),0.0
Samsung Galaxy J7,Samsung,2015.0,200.0,5.5,171.0,3000.0,7.5,13.0,720.0,1280.0,267.0190509190665,16.0,1.5,1.0,0.0,1.0,1.0,"Qualcomm MSM8939 Snapdragon 615 (28 nm)
Exynos 7580 Octa (28 nm)",0.0
Samsung Galaxy J7 Nxt,Samsung,2017.0,180.0,5.5,170.0,3000.0,7.6,13.0,720.0,1280.0,267.0190509190665,32.0,3.0,1.0,0.0,0.0,1.0,Exynos 7870 Octa (14 nm),0.0
Samsung Galaxy V Plus,Samsung,2015.0,70.0,4.0,123.0,1500.0,10.7,3.15,480.0,800.0,233.23807579381202,4.0,0.5,0.0,0.0,0.0,1.0,,0.0
Samsung Galaxy A8,Samsung,2015.0,250.0,5.7,151.0,3050.0,5.9,16.0,1080.0,1920.0,386.47494211970144,32.0,2.0,1.0,0.0,1.0,1.0,Qualcomm MSM8939 Snapdragon 615 (28 nm),0.0
Samsung Galaxy A8 Duos,Samsung,2015.0,280.0,5.7,151.0,3050.0,5.9,16.0,1080.0,1920.0,386.47494211970144,32.0,2.0,1.0,0.0,0.0,1.0,"Qualcomm MSM8939 Snapdragon 615 (28 nm) - A800Y
Exynos 5430 Octa (20 nm) - A800F",0.0
Samsung Galaxy Folder,Samsung,2015.0,250.0,3.8,155.0,1800.0,15.3,8.0,480.0,800.0,245.51376399348635,8.0,1.5,0.0,0.0,0.0,1.0,,0.0
Samsung Galaxy S4 mini I9195I,Samsung,2015.0,190.0,4.3,107.0,1900.0,8.9,8.0,540.0,960.0,256.1519965211975,8.0,1.5,1.0,0.0,1.0,1.0,Qualcomm MSM8916 Snapdragon 410 (28 nm),0.0
Samsung Galaxy S5 Neo,Samsung,2015.0,300.0,5.1,145.0,2800.0,8.1,16.0,1080.0,1920.0,431.94258236907814,16.0,2.0,1.0,0.0,1.0,1.0,Exynos 7580 Octa (28 nm),0.0
Samsung Galaxy S6 edge+ Duos,Samsung,2015.0,450.0,5.7,153.0,3000.0,6.9,16.0,1440.0,2560.0,515.2999228262686,64.0,4.0,1.0,0.0,1.0,1.0,Exynos 7420 Octa (14 nm),0.0
Samsung Galaxy S6 edge+,Samsung,2015.0,450.0,5.7,153.0,3000.0,6.9,16.0,1440.0,2560.0,515.2999228262686,64.0,4.0,1.0,0.0,1.0,1.0,Exynos 7420 Octa (14 nm),0.0
Samsung Galaxy S6 edge+ (USA),Samsung,2015.0,500.0,5.7,153.0,3000.0,6.9,16.0,1440.0,2560.0,515.2999228262686,64.0,4.0,1.0,0.0,1.0,1.0,Exynos 7420 Octa (14 nm),0.0
Samsung Galaxy Note5 Duos,Samsung,2015.0,450.0,5.7,171.0,3000.0,7.6,16.0,1440.0,2560.0,515.2999228262686,64.0,4.0,1.0,0.0,1.0,1.0,Exynos 7420 Octa (14 nm),0.0
Samsung Galaxy Note5,Samsung,2015.0,450.0,5.7,171.0,3000.0,7.6,16.0,1440.0,2560.0,515.2999228262686,128.0,4.0,1.0,0.0,1.0,1.0,Exynos 7420 Octa (14 nm),0.0
Samsung Galaxy Note5 (USA),Samsung,2015.0,450.0,5.7,171.0,3000.0,7.6,16.0,1440.0,2560.0,515.2999228262686,64.0,4.0,1.0,0.0,1.0,1.0,Exynos 7420 Octa (14 nm),0.0
Samsung Galaxy J1 Ace,Samsung,2015.0,140.0,4.3,131.0,1900.0,9.5,5.0,480.0,800.0,216.9656519012205,8.0,1.0,1.0,0.0,0.0,1.0,"Spreadtrum SC9830
Marvell PXA1908 - J110L",0.0
Samsung Z3,Samsung,2015.0,110.0,5.0,137.0,2600.0,7.9,8.0,720.0,1280.0,293.7209560109731,8.0,1.0,1.0,0.0,0.0,1.0,Spreadtrum SC7730,0.0
Samsung Galaxy On5,Samsung,2015.0,140.0,5.0,149.0,2600.0,8.5,8.0,720.0,1280.0,293.7209560109731,8.0,1.5,0.0,0.0,0.0,1.0,Exynos 3475 Quad (28 nm),0.0
Samsung Galaxy On7,Samsung,2015.0,180.0,5.5,172.0,3000.0,8.2,13.0,720.0,1280.0,267.0190509190665,8.0,1.5,0.0,0.0,0.0,1.0,Qualcomm MSM8916 Snapdragon 410 (28 nm),0.0
Samsung Galaxy J3 (2016),Samsung,2016.0,120.0,5.0,138.0,2600.0,7.9,8.0,720.0,1280.0,293.7209560109731,16.0,2.0,1.0,0.0,1.0,1.0,"Spreadtrum SC9830
Exynos 3475 Quad (28 nm) - USA",0.0
Samsung Galaxy Express Prime,Samsung,2016.0,110.0,5.0,138.9,2600.0,7.9,5.0,720.0,1280.0,293.7209560109731,16.0,1.5,1.0,0.0,0.0,1.0,Exynos 3475 Quad (28 nm),0.0
Samsung Galaxy A3 (2016),Samsung,2015.0,130.0,4.7,132.0,2300.0,7.3,13.0,720.0,1280.0,312.4691021393331,16.0,1.5,1.0,0.0,1.0,1.0,"Exynos 7578
Qualcomm MSM8916 Snapdragon 410 (28 nm)",0.0
Samsung Galaxy A5 (2016),Samsung,2015.0,160.0,5.2,155.0,2900.0,7.3,13.0,1080.0,1920.0,423.6359942465958,16.0,2.0,1.0,0.0,1.0,1.0,"Exynos 7580 Octa (28 nm)
Qualcomm MSM8939 Snapdragon 615 (28 nm) - China only",0.0
Samsung Galaxy A7 (2016),Samsung,2015.0,190.0,5.5,172.0,3300.0,7.3,13.0,1080.0,1920.0,400.52857637859967,16.0,3.0,1.0,0.0,1.0,1.0,"Exynos 7580 Octa (28 nm)
Qualcomm MSM8939 Snapdragon 615 (28 nm) - China",0.0
Samsung Galaxy A9 (2016),Samsung,2015.0,200.0,6.0,200.0,4000.0,7.4,13.0,1080.0,1920.0,367.1511950137164,32.0,3.0,1.0,0.0,1.0,1.0,Qualcomm MSM8976 Snapdragon 652 (28 nm),0.0
Samsung Galaxy J1 (2016),Samsung,2016.0,130.0,4.5,131.0,2050.0,8.9,5.0,480.0,800.0,207.32273403894402,8.0,1.0,1.0,0.0,0.0,1.0,Spreadtrum SC9830,0.0
Samsung Galaxy J1 Nxt,Samsung,2016.0,90.0,4.0,123.0,1500.0,10.8,5.0,480.0,800.0,233.23807579381202,8.0,1.0,0.0,0.0,0.0,1.0,Spreadtrum SC9830,0.0
Samsung Galaxy S7 (USA),Samsung,2016.0,320.0,5.1,152.0,3000.0,7.9,12.0,1440.0,2560.0,575.9234431587709,32.0,4.0,1.0,0.0,1.0,1.0,Qualcomm MSM8996 Snapdragon 820 (14 nm),0.0
Samsung Galaxy S7 edge (USA),Samsung,2016.0,350.0,5.5,157.0,3600.0,7.7,12.0,1440.0,2560.0,534.038101838133,32.0,4.0,1.0,0.0,1.0,1.0,Qualcomm MSM8996 Snapdragon 820 (14 nm),0.0
Samsung Galaxy S7 edge,Samsung,2016.0,330.0,5.5,157.0,3600.0,7.7,12.0,1440.0,2560.0,534.038101838133,128.0,4.0,1.0,0.0,1.0,1.0,"Qualcomm MSM8996 Snapdragon 820 (14 nm) - G9350
Exynos 8890 Octa (14 nm) - G935FD, G935F, G935W8",0.0
Samsung Galaxy S7,Samsung,2016.0,190.0,5.1,152.0,3000.0,7.9,12.0,1440.0,2560.0,575.9234431587709,64.0,4.0,1.0,0.0,1.0,1.0,Exynos 8890 Octa (14 nm),0.0
Samsung Galaxy J5 (2016),Samsung,2016.0,190.0,5.2,159.0,3100.0,8.1,13.0,720.0,1280.0,282.42399616439724,16.0,2.0,1.0,0.0,1.0,1.0,Qualcomm MSM8916 Snapdragon 410 (28 nm),0.0
Samsung Galaxy J7 (2016),Samsung,2016.0,230.0,5.5,170.0,3300.0,7.8,13.0,720.0,1280.0,267.0190509190665,16.0,2.0,1.0,0.0,1.0,1.0,"Qualcomm MSM8952 Snapdragon 617 (28 nm)
Exynos 7870 Octa (14 nm)",0.0
Samsung Galaxy A9 Pro (2016),Samsung,2016.0,300.0,6.0,210.0,5000.0,7.9,16.0,1080.0,1920.0,367.1511950137164,32.0,4.0,1.0,0.0,1.0,1.0,Qualcomm MSM8976 Snapdragon 652 (28 nm),0.0
Samsung Galaxy C5,Samsung,2016.0,220.0,5.2,143.0,2600.0,6.7,16.0,1080.0,1920.0,423.6359942465958,64.0,4.0,1.0,0.0,1.0,1.0,Qualcomm MSM8952 Snapdragon 617 (28 nm),0.0
Samsung Galaxy C7,Samsung,2016.0,250.0,5.7,169.0,3300.0,6.8,16.0,1080.0,1920.0,386.47494211970144,64.0,4.0,1.0,0.0,1.0,1.0,Qualcomm MSM8953 Snapdragon 625 (14 nm),0.0
Samsung Galaxy J3 Pro,Samsung,2016.0,130.0,5.0,139.0,2600.0,8.0,8.0,720.0,1280.0,293.7209560109731,16.0,2.0,1.0,0.0,1.0,1.0,Qualcomm MSM8916 Snapdragon 410 (28 nm),0.0
Samsung Galaxy S7 active,Samsung,2016.0,360.0,5.1,184.8,4000.0,9.9,12.0,1440.0,2560.0,575.9234431587709,32.0,4.0,1.0,0.0,1.0,1.0,Qualcomm MSM8996 Snapdragon 820 (14 nm),0.0
Samsung Galaxy Xcover 3 G389F,Samsung,2016.0,200.0,4.5,154.0,2200.0,10.0,5.0,480.0,800.0,207.32273403894402,8.0,1.5,0.0,0.0,1.0,1.0,Exynos 3475 Quad (28 nm),0.0
Samsung Galaxy J2 (2016),Samsung,2016.0,120.0,5.0,138.0,2600.0,8.0,8.0,720.0,1280.0,293.7209560109731,8.0,1.5,1.0,0.0,0.0,1.0,Spreadtrum SC8830,0.0
Samsung Galaxy J2 Pro (2016),Samsung,2016.0,140.0,5.0,138.0,2600.0,8.0,8.0,720.0,1280.0,293.7209560109731,16.0,2.0,1.0,0.0,0.0,1.0,Spreadtrum SC8830,0.0
Samsung Galaxy J Max,Samsung,2016.0,150.0,7.0,289.0,4000.0,8.7,8.0,800.0,1280.0,215.6338544470081,8.0,1.5,0.0,0.0,0.0,1.0,Spreadtrum SC8830,0.0
Samsung Galaxy On5 Pro,Samsung,2016.0,120.0,5.0,149.0,2600.0,8.5,8.0,720.0,1280.0,293.7209560109731,16.0,2.0,0.0,0.0,0.0,1.0,Exynos 3475 Quad (28 nm),0.0
Samsung Galaxy On7 Pro,Samsung,2016.0,150.0,5.5,172.0,3000.0,8.0,13.0,720.0,1280.0,267.0190509190665,16.0,2.0,0.0,0.0,0.0,1.0,Qualcomm MSM8916 Snapdragon 410 (28 nm),0.0
Samsung Galaxy Note7,Samsung,2016.0,850.0,5.7,169.0,3500.0,7.9,12.0,1440.0,2560.0,515.2999228262686,64.0,4.0,1.0,0.0,1.0,1.0,Exynos 8890 Octa (14 nm),0.0
Samsung Galaxy Note7 (USA),Samsung,2016.0,760.0,5.7,169.0,3500.0,7.9,12.0,1440.0,2560.0,515.2999228262686,64.0,4.0,1.0,0.0,1.0,1.0,Qualcomm MSM8996 Snapdragon 820 (14 nm),0.0
Samsung Z2,Samsung,2016.0,80.0,4.0,127.0,1500.0,10.8,5.0,480.0,800.0,233.23807579381202,8.0,1.0,0.0,0.0,0.0,1.0,Spreadtrum SC9830,0.0
Samsung Galaxy J7 Prime,Samsung,2016.0,210.0,5.5,167.0,3300.0,8.0,13.0,1080.0,1920.0,400.52857637859967,64.0,3.0,0.0,0.0,0.0,1.0,Exynos 7870 Octa (14 nm),0.0
Samsung Galaxy J5 Prime,Samsung,2016.0,120.0,5.0,143.0,2400.0,8.1,13.0,720.0,1280.0,293.7209560109731,32.0,2.0,0.0,0.0,0.0,1.0,Exynos 7570 Quad (14 nm),0.0
Samsung Galaxy On7 (2016),Samsung,2016.0,200.0,5.5,167.0,3300.0,8.0,13.0,1080.0,1920.0,400.52857637859967,32.0,3.0,0.0,0.0,0.0,1.0,Qualcomm MSM8953 Snapdragon 625 (14 nm),0.0
Samsung Galaxy On8,Samsung,2016.0,200.0,5.5,169.0,3300.0,7.8,13.0,1080.0,1920.0,400.52857637859967,16.0,3.0,1.0,0.0,1.0,1.0,Exynos 7580 Octa (28 nm),0.0
Samsung Galaxy A8 (2016),Samsung,2016.0,300.0,5.7,182.0,3300.0,7.2,16.0,1080.0,1920.0,386.47494211970144,32.0,3.0,1.0,0.0,1.0,1.0,Exynos 7420 Octa (14 nm),0.0
Samsung Galaxy C9 Pro,Samsung,2016.0,380.0,6.0,189.0,4000.0,6.9,16.0,1080.0,1920.0,367.1511950137164,64.0,6.0,1.0,0.0,1.0,1.0,Qualcomm MSM8976 Pro Snapdragon 653 (28 nm),0.0
Samsung Galaxy J2 Prime,Samsung,2016.0,130.0,5.0,160.0,2600.0,8.9,8.0,540.0,960.0,220.29071700822982,16.0,1.5,0.0,0.0,0.0,1.0,Mediatek MT6737T (28 nm),0.0
Samsung Galaxy Grand Prime Plus,Samsung,2016.0,140.0,5.0,160.0,2600.0,8.9,8.0,540.0,960.0,220.29071700822982,16.0,1.5,0.0,0.0,0.0,1.0,Mediatek MT6737T (28 nm),0.0
Samsung Galaxy A3 (2017),Samsung,2017.0,220.0,4.7,138.0,2350.0,7.9,13.0,720.0,1280.0,312.4691021393331,16.0,2.0,1.0,0.0,1.0,1.0,Exynos 7870 Octa (14 nm),0.0
Samsung Galaxy A5 (2017),Samsung,2017.0,190.0,5.2,157.0,3000.0,7.9,16.0,1080.0,1920.0,423.6359942465958,64.0,3.0,1.0,0.0,1.0,1.0,Exynos 7880 (14 nm),0.0
Samsung Galaxy A7 (2017),Samsung,2017.0,280.0,5.7,186.0,3600.0,7.9,16.0,1080.0,1920.0,386.47494211970144,32.0,3.0,1.0,0.0,1.0,1.0,Exynos 7880 (14 nm),0.0
Samsung Galaxy C7 Pro,Samsung,2017.0,300.0,5.7,172.0,3300.0,7.0,16.0,1080.0,1920.0,386.47494211970144,64.0,4.0,1.0,0.0,1.0,1.0,Qualcomm MSM8953-Pro Snapdragon 626 (14 nm),0.0
Samsung Galaxy J3 Emerge,Samsung,2017.0,200.0,5.0,147.0,2600.0,8.7,5.0,720.0,1280.0,293.7209560109731,16.0,1.5,0.0,0.0,0.0,1.0,"Qualcomm MSM8937 Snapdragon 430 (28 nm) - Sprint
Qualcomm MSM8917 Snapdragon 425 (28 nm) - BoostMobile, Cricket, T-Mobile",0.0
Samsung Galaxy J1 mini prime,Samsung,2016.0,110.0,4.0,126.0,1500.0,10.8,5.0,480.0,800.0,233.23807579381202,8.0,1.0,0.0,0.0,0.0,1.0,Spreadtrum SC9830,0.0
Samsung Galaxy Xcover 4,Samsung,2017.0,240.0,5.0,172.0,2800.0,9.7,13.0,720.0,1280.0,293.7209560109731,16.0,2.0,0.0,0.0,1.0,1.0,Exynos 7570 Quad (14 nm),0.0
Samsung Galaxy C5 Pro,Samsung,2017.0,220.0,5.2,145.0,2600.0,7.0,16.0,1080.0,1920.0,423.6359942465958,64.0,4.0,1.0,0.0,1.0,1.0,Qualcomm MSM8953-Pro Snapdragon 626 (14 nm),0.0
Samsung Galaxy S8+,Samsung,2017.0,430.0,6.2,173.0,3500.0,8.1,12.0,1440.0,2960.0,530.9171770694447,128.0,6.0,1.0,0.0,1.0,1.0,"Exynos 8895 (10 nm) - EMEA
Qualcomm MSM8998 Snapdragon 835 (10 nm) - USA & China",0.0
Samsung Galaxy S8,Samsung,2017.0,230.0,5.8,155.0,3000.0,8.0,12.0,1440.0,2960.0,567.532154798372,64.0,4.0,1.0,0.0,1.0,1.0,"Exynos 8895 (10 nm) - EMEA
Qualcomm MSM8998 Snapdragon 835 (10 nm) - USA & China",0.0
Samsung Z4,Samsung,2017.0,80.0,4.5,143.0,2050.0,10.3,5.0,480.0,800.0,207.32273403894402,8.0,1.0,0.0,0.0,0.0,1.0,,0.0
Samsung Galaxy Folder2,Samsung,2017.0,200.0,3.8,165.0,1950.0,16.1,8.0,480.0,800.0,245.51376399348635,32.0,3.0,0.0,0.0,0.0,1.0,Qualcomm MSM8917 Snapdragon 425 (28 nm),0.0
Samsung Galaxy J3 (2017),Samsung,2017.0,110.0,5.0,142.0,2400.0,8.2,13.0,720.0,1280.0,293.7209560109731,16.0,2.0,0.0,0.0,1.0,1.0,Exynos 7570 Quad (14 nm),0.0
Samsung Galaxy J5 (2017),Samsung,2017.0,130.0,5.2,160.0,3000.0,8.0,13.0,720.0,1280.0,282.42399616439724,32.0,3.0,1.0,0.0,1.0,1.0,Exynos 7870 Octa (14 nm),0.0
Samsung Galaxy J7 Pro,Samsung,2017.0,200.0,5.5,181.0,3600.0,8.0,13.0,1080.0,1920.0,400.52857637859967,64.0,3.0,1.0,0.0,1.0,1.0,Exynos 7870 Octa (14 nm),0.0
Samsung Galaxy J7 (2017),Samsung,2017.0,200.0,5.5,181.0,3600.0,8.0,13.0,1080.0,1920.0,400.52857637859967,16.0,3.0,1.0,0.0,1.0,1.0,Exynos 7870 Octa (14 nm),0.0
Samsung Galaxy J7 Max,Samsung,2017.0,170.0,5.7,179.0,3300.0,8.1,13.0,1080.0,1920.0,386.47494211970144,32.0,4.0,0.0,0.0,0.0,1.0,Mediatek MT6757 Helio P20 (16 nm),0.0
Samsung Galaxy Note FE,Samsung,2017.0,500.0,5.7,167.0,3200.0,7.9,12.0,1440.0,2560.0,515.2999228262686,64.0,4.0,1.0,0.0,1.0,1.0,Exynos 8890 Octa (14 nm),0.0
Samsung Galaxy J7 V,Samsung,2017.0,210.0,5.5,167.3,3300.0,8.6,8.0,720.0,1280.0,267.0190509190665,16.0,2.0,0.0,0.0,0.0,1.0,Qualcomm MSM8953 Snapdragon 625 (14 nm),0.0
Samsung Galaxy S8 Active,Samsung,2017.0,550.0,5.8,208.1,4000.0,9.9,12.0,1440.0,2960.0,567.532154798372,64.0,4.0,1.0,0.0,1.0,1.0,Qualcomm MSM8998 Snapdragon 835 (10 nm),0.0
Samsung Galaxy Note8,Samsung,2017.0,500.0,6.3,195.0,3300.0,8.6,12.0,1440.0,2960.0,522.4899202905647,256.0,6.0,1.0,0.0,1.0,1.0,"Exynos 8895 (10 nm) - EMEA
Qualcomm MSM8998 Snapdragon 835 (10 nm) - USA & China",0.0
Samsung Galaxy C7 (2017),Samsung,2017.0,230.0,5.5,180.0,3000.0,7.9,13.0,1080.0,1920.0,400.52857637859967,32.0,4.0,1.0,0.0,0.0,1.0,,0.0
Samsung Galaxy J2 (2017),Samsung,2017.0,120.0,4.7,130.0,2000.0,8.4,5.0,540.0,960.0,234.35182660449982,8.0,1.0,1.0,0.0,0.0,1.0,Exynos 3475 Quad (28 nm),0.0
Samsung Galaxy A8 (2018),Samsung,2017.0,250.0,5.6,172.0,3000.0,8.4,16.0,1080.0,2220.0,440.85087024516395,64.0,4.0,1.0,0.0,1.0,1.0,Exynos 7885 (14 nm),0.0
Samsung Galaxy A8+ (2018),Samsung,2017.0,300.0,6.0,191.0,3500.0,8.3,16.0,1080.0,2220.0,411.46081222881963,64.0,6.0,1.0,0.0,1.0,1.0,Exynos 7885 (14 nm),0.0
Samsung Galaxy J2 Pro (2018),Samsung,2018.0,120.0,5.0,153.0,2600.0,8.4,8.0,540.0,960.0,220.29071700822982,16.0,2.0,1.0,0.0,0.0,1.0,Qualcomm MSM8917 Snapdragon 425 (28 nm),0.0
Samsung Galaxy S9,Samsung,2018.0,370.0,5.8,163.0,3000.0,8.5,12.0,1440.0,2960.0,567.532154798372,256.0,4.0,1.0,0.0,1.0,1.0,"Exynos 9810 (10 nm) - EMEA
Qualcomm SDM845 Snapdragon 845 (10 nm) - USA/LATAM, China",0.0
Samsung Galaxy S9+,Samsung,2018.0,420.0,6.2,189.0,3500.0,8.5,12.0,1440.0,2960.0,530.9171770694447,256.0,6.0,1.0,0.0,1.0,1.0,"Exynos 9810 (10 nm) - EMEA
Qualcomm SDM845 Snapdragon 845 (10 nm) - USA/LATAM, China",0.0
Samsung Galaxy J7 Prime 2,Samsung,2018.0,170.0,5.5,170.0,3300.0,8.0,13.0,1080.0,1920.0,400.52857637859967,32.0,3.0,0.0,0.0,0.0,1.0,Exynos 7870 Octa (14 nm),0.0
Samsung Galaxy J7 Duo,Samsung,2018.0,240.0,5.5,174.0,3000.0,8.2,13.0,720.0,1280.0,267.0190509190665,32.0,4.0,1.0,0.0,0.0,1.0,Exynos 7885 (14 nm),0.0
Samsung Galaxy A6 (2018),Samsung,2018.0,220.0,5.6,162.0,3000.0,7.7,16.0,720.0,1480.0,293.90058016344267,64.0,4.0,1.0,0.0,1.0,1.0,Exynos 7870 Octa (14 nm),0.0
Samsung Galaxy A6+ (2018),Samsung,2018.0,230.0,6.0,186.0,3500.0,7.9,16.0,1080.0,2220.0,411.46081222881963,64.0,4.0,1.0,0.0,1.0,1.0,Qualcomm SDM450 Snapdragon 450 (14 nm),0.0
Samsung Galaxy J4,Samsung,2018.0,140.0,5.5,175.0,3000.0,8.1,13.0,720.0,1280.0,267.0190509190665,32.0,3.0,1.0,0.0,0.0,1.0,Exynos 7570 Quad (14 nm),0.0
Samsung Galaxy J6,Samsung,2018.0,180.0,5.6,154.0,3000.0,8.2,13.0,720.0,1480.0,293.90058016344267,64.0,4.0,1.0,0.0,0.0,1.0,Exynos 7870 Octa (14 nm),0.0
Samsung Galaxy J8,Samsung,2018.0,310.0,6.0,177.0,3500.0,8.2,16.0,720.0,1480.0,274.3072081525465,64.0,4.0,1.0,0.0,0.0,1.0,Qualcomm SDM450 Snapdragon 450 (14 nm),0.0
Samsung Galaxy S Light Luxury,Samsung,2018.0,400.0,5.8,150.0,3000.0,8.0,16.0,1080.0,2220.0,425.64911609877896,64.0,4.0,1.0,0.0,1.0,1.0,Qualcomm SDM660 Snapdragon 660 (14 nm),0.0
Samsung Galaxy A8 Star (A9 Star),Samsung,2018.0,350.0,6.3,191.0,3700.0,7.6,24.0,1080.0,2220.0,391.8674402179235,64.0,6.0,1.0,0.0,1.0,1.0,Qualcomm SDM660 Snapdragon 660 (14 nm),0.0
Samsung Galaxy J3 (2018),Samsung,2018.0,150.0,5.0,152.0,2600.0,8.9,8.0,720.0,1280.0,293.7209560109731,16.0,2.0,0.0,0.0,0.0,1.0,Exynos 7570 Quad (14 nm),0.0
Samsung Galaxy J7 (2018),Samsung,2018.0,200.0,5.5,181.0,3300.0,8.6,8.0,720.0,1280.0,267.0190509190665,32.0,2.0,0.0,0.0,1.0,1.0,Exynos 7870 Octa (14 nm),0.0
Samsung Galaxy On6,Samsung,2018.0,100.0,5.6,154.0,3000.0,8.2,13.0,720.0,1480.0,293.90058016344267,64.0,4.0,1.0,0.0,0.0,1.0,Exynos 7870 Octa (14 nm),0.0
Samsung Galaxy J2 Core,Samsung,2018.0,120.0,5.0,154.0,2600.0,8.9,8.0,540.0,960.0,220.29071700822982,16.0,1.0,0.0,0.0,0.0,1.0,Exynos 7570 Quad (14 nm),0.0
Samsung Galaxy J4+,Samsung,2018.0,220.0,6.0,178.0,3300.0,7.9,13.0,720.0,1480.0,274.3072081525465,32.0,3.0,0.0,0.0,1.0,1.0,Qualcomm MSM8917 Snapdragon 425 (28 nm),0.0
Samsung Galaxy J4 Core,Samsung,2018.0,150.0,6.0,177.0,3300.0,7.9,8.0,720.0,1480.0,274.3072081525465,16.0,1.0,0.0,0.0,0.0,1.0,Qualcomm MSM8917 Snapdragon 425 (28 nm),0.0
Samsung Galaxy J6+,Samsung,2018.0,200.0,6.0,178.0,3300.0,7.9,13.0,720.0,1480.0,274.3072081525465,64.0,4.0,0.0,0.0,1.0,1.0,Qualcomm MSM8917 Snapdragon 425 (28 nm),0.0
Samsung Galaxy Note9,Samsung,2018.0,430.0,6.4,201.0,4000.0,8.8,12.0,1440.0,2960.0,514.3260152860246,512.0,8.0,1.0,0.0,1.0,1.0,"Exynos 9810 (10 nm) - EMEA
Qualcomm SDM845 Snapdragon 845 (10 nm) - USA/LATAM, China",0.0
Samsung Galaxy A7 (2018),Samsung,2018.0,310.0,6.0,168.0,3300.0,7.5,24.0,1080.0,2220.0,411.46081222881963,128.0,6.0,1.0,0.0,1.0,1.0,Exynos 7885 (14 nm),0.0
Samsung Galaxy A9 (2018),Samsung,2018.0,550.0,6.3,183.0,3800.0,7.8,24.0,1080.0,2220.0,391.8674402179235,128.0,8.0,1.0,0.0,1.0,1.0,Qualcomm SDM660 Snapdragon 660 (14 nm),0.0
Samsung Galaxy A6s,Samsung,2018.0,300.0,6.0,183.0,3300.0,8.4,12.0,1080.0,2160.0,402.49223594996215,128.0,6.0,0.0,0.0,0.0,1.0,Qualcomm SDM660 Snapdragon 660 (14 nm),0.0
Samsung Galaxy A8s,Samsung,2018.0,400.0,6.4,173.0,3400.0,7.4,24.0,1080.0,2340.0,402.68871740464743,128.0,8.0,0.0,0.0,1.0,0.0,Qualcomm SDM710 Snapdragon 710 (10 nm),0.0
Samsung Galaxy A10,Samsung,2019.0,207.27,6.2,168.0,3400.0,7.9,13.0,720.0,1520.0,271.27478763391787,32.0,4.0,0.0,0.0,0.0,1.0,Exynos 7884 (14 nm),0.0
Samsung Galaxy A20,Samsung,2019.0,107.64,6.4,169.0,4000.0,7.8,13.0,720.0,1560.0,268.4591449364316,32.0,3.0,1.0,0.0,1.0,1.0,Exynos 7884 (14 nm),0.0
Samsung Galaxy A20e,Samsung,2019.0,194.07,5.8,141.0,3000.0,8.4,13.0,720.0,1560.0,296.23078061951077,32.0,3.0,0.0,0.0,1.0,1.0,Exynos 7884 (14 nm),0.0
Samsung Galaxy A30,Samsung,2019.0,110.952,6.4,165.0,4000.0,7.7,16.0,1080.0,2340.0,402.68871740464743,64.0,4.0,1.0,0.0,0.0,1.0,Exynos 7904 (14 nm),0.0
Samsung Galaxy A40,Samsung,2019.0,279.9,5.9,140.0,3100.0,7.9,16.0,1080.0,2340.0,436.8148798965667,128.0,4.0,1.0,0.0,1.0,1.0,Exynos 7904 (14 nm),0.0
Samsung Galaxy A50,Samsung,2019.0,252.29,6.4,166.0,4000.0,7.7,25.0,1080.0,2340.0,402.68871740464743,128.0,6.0,1.0,0.0,1.0,1.0,Exynos 9610 (10nm),0.0
Samsung Galaxy A60,Samsung,2019.0,290.0,6.3,168.0,3500.0,7.9,32.0,1080.0,2340.0,409.08060180789585,128.0,6.0,0.0,0.0,1.0,0.0,Qualcomm SDM675 Snapdragon 675 (11 nm),0.0
Samsung Galaxy A70,Samsung,2019.0,90.0,6.7,183.0,4500.0,7.9,32.0,1080.0,2400.0,392.8067856619936,128.0,8.0,1.0,0.0,1.0,1.0,Qualcomm SDM675 Snapdragon 675 (11 nm),0.0
Samsung Galaxy A80,Samsung,2019.0,380.0,6.7,220.0,3700.0,9.3,48.0,1080.0,2400.0,392.8067856619936,128.0,8.0,1.0,0.0,1.0,0.0,Qualcomm SDM730 Snapdragon 730 (8 nm),0.0
Samsung Galaxy M10,Samsung,2019.0,240.0,6.22,163.0,3400.0,7.7,13.0,720.0,1520.0,270.4025214357381,32.0,3.0,0.0,0.0,0.0,1.0,Exynos 7870 Octa (14 nm),0.0
Samsung Galaxy M20,Samsung,2019.0,399.99,6.3,186.0,5000.0,8.8,13.0,1080.0,2340.0,409.08060180789585,64.0,4.0,0.0,0.0,1.0,1.0,Exynos 7904 (14 nm),0.0
Samsung Galaxy M30,Samsung,2019.0,260.0,6.4,174.0,5000.0,8.5,13.0,1080.0,2340.0,402.68871740464743,128.0,6.0,1.0,0.0,0.0,1.0,Exynos 7904 (14 nm),0.0
Samsung Galaxy M40,Samsung,2019.0,200.0,6.3,168.0,3500.0,7.9,32.0,1080.0,2340.0,409.08060180789585,128.0,6.0,0.0,0.0,1.0,0.0,Qualcomm SDM675 Snapdragon 675 (11 nm),0.0
Samsung Galaxy S10e,Samsung,2019.0,369.97,5.8,150.0,3100.0,7.9,12.0,1080.0,2280.0,434.9750905164546,256.0,8.0,1.0,0.0,1.0,1.0,"Exynos 9820 (8 nm) - EMEA/LATAM
Qualcomm SM8150 Snapdragon 855 (7 nm) - USA/China",0.0
Samsung Galaxy S10,Samsung,2019.0,379.9,6.1,157.0,3400.0,7.8,12.0,1440.0,3040.0,551.4438306000955,512.0,8.0,1.0,0.0,1.0,1.0,"Exynos 9820 (8 nm) - EMEA/LATAM
Qualcomm SM8150 Snapdragon 855 (7 nm) - USA/China",0.0
Samsung Galaxy S10+,Samsung,2019.0,309.0,6.4,175.0,4100.0,7.8,12.0,1440.0,3040.0,525.5949010407159,1024.0,12.0,1.0,0.0,1.0,1.0,"Exynos 9820 (8 nm) - EMEA/LATAM
Qualcomm SM8150 Snapdragon 855 (7 nm) - USA/China",0.0
Samsung Galaxy S10 5G,Samsung,2019.0,447.99,6.7,198.0,4500.0,7.9,12.0,1440.0,3040.0,502.0608009941167,512.0,8.0,1.0,1.0,1.0,1.0,"Exynos 9820 (8 nm) - Global
Qualcomm SM8150 Snapdragon 855 (7 nm) - USA",0.0
Samsung Galaxy A2 Core,Samsung,2019.0,120.0,5.0,142.0,2600.0,9.1,5.0,540.0,960.0,220.29071700822982,16.0,1.0,0.0,0.0,0.0,1.0,Exynos 7870 Octa (14 nm),0.0
Samsung Galaxy Xcover 4s,Samsung,2019.0,260.0,5.0,172.0,2800.0,9.7,16.0,720.0,1280.0,293.7209560109731,32.0,3.0,0.0,0.0,1.0,1.0,Exynos 7885 (14 nm),0.0
Samsung Galaxy A10e,Samsung,2019.0,82.6344,5.83,141.0,3000.0,8.4,8.0,720.0,1560.0,294.7064369799592,32.0,3.0,0.0,0.0,0.0,1.0,Exynos 7884 (14 nm),0.0
Samsung Galaxy A10s,Samsung,2019.0,179.97,6.2,168.0,4000.0,7.8,13.0,720.0,1520.0,271.27478763391787,32.0,3.0,0.0,0.0,0.0,1.0,Mediatek MT6762 Helio P22 (12 nm),0.0
Samsung Galaxy Note10,Samsung,2019.0,590.0,6.3,168.0,3500.0,7.9,12.0,1080.0,2280.0,400.4532579357836,256.0,8.0,1.0,0.0,1.0,0.0,"Exynos 9825 (7 nm) - EMEA/LATAM
Qualcomm SM8150 Snapdragon 855 (7 nm) - USA/China",0.0
Samsung Galaxy Note10 5G,Samsung,2019.0,1100.0,6.3,168.0,3500.0,7.9,12.0,1080.0,2280.0,400.4532579357836,256.0,12.0,1.0,1.0,1.0,0.0,"Exynos 9825 (7 nm) - EMEA/LATAM
Qualcomm SM8150 Snapdragon 855 (7 nm) - USA/China",0.0
Samsung Galaxy Note10+,Samsung,2019.0,590.0,6.8,196.0,4300.0,7.9,12.0,1440.0,3040.0,494.6775539206738,512.0,12.0,1.0,0.0,1.0,0.0,"Exynos 9825 (7 nm) - EMEA/LATAM
Qualcomm SM8150 Snapdragon 855 (7 nm) - USA/China",0.0
Samsung Galaxy Note10+ 5G,Samsung,2019.0,700.0,6.8,198.0,4300.0,7.9,12.0,1440.0,3040.0,494.6775539206738,512.0,12.0,1.0,1.0,1.0,0.0,"Exynos 9825 (7 nm) - EMEA/LATAM
Qualcomm SM8150 Snapdragon 855 (7 nm) - USA/China",0.0
Samsung Galaxy A50s,Samsung,2019.0,290.0,6.4,169.0,4000.0,7.7,48.0,1080.0,2340.0,402.68871740464743,128.0,6.0,1.0,0.0,1.0,1.0,Exynos 9611 (10nm),0.0
Samsung Galaxy A30s,Samsung,2019.0,148.58,6.4,169.0,4000.0,7.8,25.0,720.0,1560.0,268.4591449364316,128.0,4.0,1.0,0.0,1.0,1.0,Exynos 7904 (14 nm),0.0
Samsung Galaxy A90 5G,Samsung,2019.0,400.0,6.7,206.0,4500.0,8.4,48.0,1080.0,2400.0,392.8067856619936,128.0,8.0,1.0,1.0,1.0,0.0,Qualcomm SM8150 Snapdragon 855 (7 nm),0.0
Samsung Galaxy Fold,Samsung,2019.0,1750.0,7.3,276.0,4380.0,6.9,12.0,1536.0,2152.0,362.18307659530393,512.0,12.0,1.0,0.0,1.0,0.0,Qualcomm SM8150 Snapdragon 855 (7 nm),0.0
Samsung Galaxy Fold 5G,Samsung,2019.0,1400.0,7.3,276.0,4235.0,6.9,12.0,1536.0,2152.0,362.18307659530393,512.0,12.0,1.0,1.0,1.0,0.0,Qualcomm SM8150 Snapdragon 855 (7 nm),0.0
Samsung Galaxy M10s,Samsung,2019.0,110.0,6.4,169.0,4000.0,7.8,13.0,720.0,1560.0,268.4591449364316,32.0,3.0,1.0,0.0,0.0,1.0,Exynos 7884B (14 nm),0.0
Samsung Galaxy A20s,Samsung,2019.0,128.34,6.5,183.0,4000.0,8.0,13.0,720.0,1560.0,264.3290042451019,64.0,4.0,0.0,0.0,0.0,1.0,Qualcomm SDM450 Snapdragon 450 (14 nm),0.0
Samsung Galaxy A70s,Samsung,2019.0,380.0,6.7,187.0,4500.0,7.9,64.0,1080.0,2400.0,392.8067856619936,128.0,8.0,1.0,0.0,1.0,1.0,Qualcomm SDM675 Snapdragon 675 (11 nm),0.0
Samsung Galaxy Xcover FieldPro,Samsung,2019.0,1020.0,5.1,256.0,4500.0,14.2,12.0,1440.0,2560.0,575.9234431587709,64.0,4.0,0.0,0.0,1.0,1.0,Exynos 9810 (10 nm),0.0
Samsung Galaxy A51,Samsung,2019.0,299.0,6.5,172.0,4000.0,7.9,48.0,1080.0,2400.0,404.89314829774725,256.0,8.0,1.0,0.0,1.0,1.0,Exynos 9611 (10nm),0.0
Samsung Galaxy A71,Samsung,2019.0,385.99,6.7,179.0,4500.0,7.7,64.0,1080.0,2400.0,392.8067856619936,128.0,8.0,1.0,0.0,1.0,1.0,"Qualcomm SDM730 Snapdragon 730 (8 nm) - Global
Qualcomm SDM730 Snapdragon 730G (8 nm) - Philippines",0.0
Samsung Galaxy A01,Samsung,2019.0,198.89,5.7,149.0,3000.0,8.3,13.0,720.0,1520.0,295.07082163689313,32.0,2.0,0.0,0.0,0.0,1.0,Qualcomm SDM439 Snapdragon 439 (12 nm),0.0
Samsung Galaxy S10 Lite,Samsung,2020.0,415.0,6.7,186.0,4500.0,8.1,48.0,1080.0,2400.0,392.8067856619936,512.0,8.0,1.0,0.0,1.0,0.0,Qualcomm SM8150 Snapdragon 855 (7 nm),0.0
Samsung Galaxy Note10 Lite,Samsung,2020.0,550.0,6.7,199.0,4500.0,8.7,12.0,1080.0,2400.0,392.8067856619936,128.0,8.0,1.0,0.0,1.0,1.0,Exynos 9810 (10 nm),0.0
Samsung Galaxy Xcover Pro,Samsung,2020.0,335.0,6.3,218.0,4050.0,10.0,25.0,1080.0,2340.0,409.08060180789585,64.0,4.0,0.0,0.0,1.0,1.0,Exynos 9611 (10nm),0.0
Samsung Galaxy Z Flip,Samsung,2020.0,770.0,6.7,183.0,3300.0,7.2,12.0,1080.0,2636.0,425.1739779920627,256.0,8.0,1.0,0.0,1.0,0.0,Qualcomm SM8150 Snapdragon 855+ (7 nm),0.0
Samsung Galaxy S20,Samsung,2020.0,510.99,6.2,163.0,4000.0,7.9,12.0,1440.0,3200.0,565.9796696635176,128.0,8.0,1.0,0.0,1.0,0.0,"Exynos 990 (7 nm+) - Global
Qualcomm SM8250 Snapdragon 865 5G (7 nm+) - USA",0.0
Samsung Galaxy S20 5G,Samsung,2020.0,968.9,6.2,163.0,4000.0,7.9,12.0,1440.0,3200.0,565.9796696635176,128.0,12.0,1.0,1.0,1.0,0.0,"Exynos 990 (7 nm+) - Global
Qualcomm SM8250 Snapdragon 865 5G (7 nm+) - USA",0.0
Samsung Galaxy S20 5G UW,Samsung,2020.0,880.0,6.2,168.1,4000.0,8.1,12.0,1440.0,3200.0,565.9796696635176,128.0,8.0,1.0,1.0,1.0,0.0,Qualcomm SM8250 Snapdragon 865 5G (7 nm+),0.0
Samsung Galaxy S20+,Samsung,2020.0,483.51,6.7,186.0,4500.0,7.8,12.0,1440.0,3200.0,523.742380882658,128.0,8.0,1.0,0.0,1.0,0.0,"Exynos 990 (7 nm+) - Global
Qualcomm SM8250 Snapdragon 865 5G (7 nm+) - USA",0.0
Samsung Galaxy S20+ 5G,Samsung,2020.0,569.89,6.7,188.0,4500.0,7.8,12.0,1440.0,3200.0,523.742380882658,512.0,12.0,1.0,1.0,1.0,0.0,"Exynos 990 (7 nm+) - Global
Qualcomm SM8250 Snapdragon 865 5G (7 nm+) - USA",0.0
Samsung Galaxy S20 Ultra,Samsung,2020.0,690.99,6.9,220.0,5000.0,8.8,108.0,1440.0,3200.0,508.56144230634914,512.0,16.0,1.0,0.0,1.0,0.0,"Exynos 990 (7 nm+)
Qualcomm SM8250 Snapdragon 865 5G (7 nm+)",0.0
Samsung Galaxy S20 Ultra 5G,Samsung,2020.0,699.0,6.9,222.0,5000.0,8.8,108.0,1440.0,3200.0,508.56144230634914,512.0,16.0,1.0,1.0,1.0,0.0,"Exynos 990 (7 nm+) - Global
Qualcomm SM8250 Snapdragon 865 5G (7 nm+) - USA",0.0
Samsung Galaxy M31,Samsung,2020.0,817.88,6.4,191.0,6000.0,8.9,64.0,1080.0,2340.0,402.68871740464743,128.0,8.0,1.0,0.0,1.0,1.0,Exynos 9611 (10nm),0.0
Samsung Galaxy A11,Samsung,2020.0,160.0,6.4,177.0,4000.0,8.0,13.0,720.0,1560.0,268.4591449364316,64.0,4.0,0.0,0.0,0.0,1.0,Qualcomm SDM450 Snapdragon 450 (14 nm),0.0
Samsung Galaxy M21,Samsung,2020.0,199.99,6.4,188.0,6000.0,8.9,48.0,1080.0,2340.0,402.68871740464743,128.0,6.0,1.0,0.0,1.0,1.0,Exynos 9611 (10nm),0.0
Samsung Galaxy A41,Samsung,2020.0,227.02,6.1,152.0,3500.0,7.9,48.0,1080.0,2400.0,431.44351867792744,64.0,8.0,1.0,0.0,1.0,1.0,Mediatek MT6768 Helio P65 (12nm),0.0
Samsung Galaxy A31,Samsung,2020.0,312.64,6.4,185.0,5000.0,8.6,48.0,1080.0,2400.0,411.2196037398995,128.0,8.0,1.0,0.0,1.0,1.0,Mediatek MT6768 Helio P65 (12nm),0.0
Samsung Galaxy M11,Samsung,2020.0,195.99,6.4,197.0,5000.0,9.0,13.0,720.0,1560.0,268.4591449364316,64.0,4.0,0.0,0.0,0.0,1.0,Qualcomm SDM450 Snapdragon 450 (14 nm),0.0
Samsung Galaxy A21,Samsung,2020.0,249.99,6.5,193.0,4000.0,8.1,16.0,720.0,1600.0,269.92876553183146,32.0,3.0,0.0,0.0,1.0,1.0,Mediatek MT6765 Helio P35 (12nm),0.0
Samsung Galaxy A51 5G,Samsung,2020.0,125.42360000000002,6.5,187.0,4500.0,8.7,48.0,1080.0,2400.0,404.89314829774725,128.0,8.0,1.0,1.0,1.0,1.0,Exynos 980 (8 nm),0.0
Samsung Galaxy A71 5G,Samsung,2020.0,239.08960000000002,6.7,185.0,4500.0,8.1,64.0,1080.0,2400.0,392.8067856619936,128.0,8.0,1.0,1.0,1.0,1.0,Exynos 980 (8 nm),0.0
Samsung Galaxy A Quantum,Samsung,2020.0,500.0,6.7,185.0,4500.0,8.1,64.0,1080.0,2400.0,392.8067856619936,128.0,8.0,1.0,1.0,1.0,1.0,"Exynos 980 (8 nm), QRNG security chipset",0.0
Samsung Galaxy J2 Core (2020),Samsung,2020.0,130.0,5.0,154.0,2600.0,8.9,8.0,540.0,960.0,220.29071700822982,16.0,1.0,0.0,0.0,0.0,1.0,Qualcomm MSM8917 Snapdragon 425 (28 nm),0.0
Samsung Galaxy A21s,Samsung,2020.0,225.51,6.5,192.0,5000.0,8.9,48.0,720.0,1600.0,269.92876553183146,128.0,6.0,0.0,0.0,1.0,1.0,Exynos 850 (8nm),0.0
Samsung Galaxy M01,Samsung,2020.0,110.0,5.7,168.0,4000.0,9.8,13.0,720.0,1520.0,295.07082163689313,32.0,3.0,0.0,0.0,0.0,1.0,Qualcomm SDM439 Snapdragon 439 (12 nm),0.0
Samsung Galaxy A01 Core,Samsung,2020.0,165.89,5.3,150.0,3000.0,8.6,8.0,720.0,1480.0,310.53646205948655,32.0,2.0,0.0,0.0,0.0,1.0,Mediatek MT6739 (28 nm),0.0
Samsung Galaxy M01 Core,Samsung,2020.0,60.0,5.3,150.0,3000.0,8.6,8.0,720.0,1480.0,310.53646205948655,32.0,2.0,0.0,0.0,0.0,1.0,Mediatek MT6739 (28 nm),0.0
Samsung Galaxy M01s,Samsung,2020.0,110.0,6.2,168.0,4000.0,7.8,13.0,720.0,1520.0,271.27478763391787,32.0,3.0,0.0,0.0,0.0,1.0,Mediatek MT6762 Helio P22 (12 nm),0.0
Samsung Galaxy M31s,Samsung,2020.0,300.0,6.5,203.0,6000.0,9.3,64.0,1080.0,2400.0,404.89314829774725,128.0,8.0,1.0,0.0,1.0,1.0,Exynos 9611 (10nm),0.0
Samsung Galaxy Z Flip 5G,Samsung,2020.0,800.0,6.7,183.0,3300.0,7.2,12.0,1080.0,2636.0,425.1739779920627,256.0,8.0,1.0,1.0,1.0,0.0,Qualcomm SM8250 Snapdragon 865 5G+ (7 nm+),0.0
Samsung Galaxy Note20,Samsung,2020.0,850.0,6.7,192.0,4300.0,8.3,12.0,1080.0,2400.0,392.8067856619936,256.0,8.0,1.0,0.0,1.0,0.0,"Exynos 990 (7 nm+) - Global
Qualcomm SM8250 Snapdragon 865 5G+ (7 nm+) - USA",0.0
Samsung Galaxy Note20 5G,Samsung,2020.0,312.79080000000005,6.7,192.0,4300.0,8.3,12.0,1080.0,2400.0,392.8067856619936,256.0,8.0,1.0,1.0,1.0,0.0,"Exynos 990 (7 nm+) - Global
Qualcomm SM8250 Snapdragon 865 5G+ (7 nm+) - USA",0.0
Samsung Galaxy Note20 Ultra,Samsung,2020.0,1250.0,6.9,208.0,4500.0,8.1,108.0,1440.0,3088.0,493.8041657228867,512.0,12.0,1.0,0.0,1.0,0.0,"Exynos 990 (7 nm+) - Global
Qualcomm SM8250 Snapdragon 865 5G+ (7 nm+) - USA",0.0
Samsung Galaxy Note20 Ultra 5G,Samsung,2020.0,830.0,6.9,208.0,4500.0,8.1,108.0,1440.0,3088.0,493.8041657228867,512.0,12.0,1.0,1.0,1.0,0.0,"Exynos 990 (7 nm+) - Global
Qualcomm SM8250 Snapdragon 865 5G+ (7 nm+) - USA",0.0
Samsung Galaxy Z Fold2 5G,Samsung,2020.0,960.0,7.6,282.0,4500.0,6.9,12.0,1768.0,2208.0,372.1867699015519,512.0,12.0,1.0,1.0,1.0,0.0,Qualcomm SM8250 Snapdragon 865 5G+ (7 nm+),0.0
Samsung Galaxy A51 5G UW,Samsung,2020.0,470.0,6.5,188.8,4500.0,8.6,48.0,1080.0,2400.0,404.89314829774725,128.0,6.0,1.0,1.0,1.0,1.0,Qualcomm SM7250 Snapdragon 765G 5G (7 nm),0.0
Samsung Galaxy M51,Samsung,2020.0,470.0,6.7,213.0,7000.0,9.5,64.0,1080.0,2400.0,392.8067856619936,128.0,8.0,1.0,0.0,1.0,1.0,Qualcomm SDM730 Snapdragon 730G (8 nm),0.0
Samsung Galaxy A42 5G,Samsung,2020.0,289.95,6.6,193.0,5000.0,8.6,48.0,720.0,1600.0,265.83893575104617,128.0,8.0,1.0,1.0,1.0,1.0,Qualcomm SM7225 Snapdragon 750 5G (8 nm),0.0
Samsung Galaxy S20 FE,Samsung,2020.0,407.0,6.5,190.0,4500.0,8.4,12.0,1080.0,2400.0,404.89314829774725,256.0,8.0,1.0,0.0,1.0,0.0,"Exynos 990 (7 nm+) - Version 1
Qualcomm SM8250 Snapdragon 865 5G (7 nm+) - Version 2",0.0
Samsung Galaxy S20 FE 5G,Samsung,2020.0,439.99,6.5,190.0,4500.0,8.4,12.0,1080.0,2400.0,404.89314829774725,256.0,8.0,1.0,1.0,1.0,0.0,Qualcomm SM8250 Snapdragon 865 5G (7 nm+),0.0
Samsung Galaxy M31 Prime,Samsung,2020.0,190.0,6.4,191.0,6000.0,8.9,64.0,1080.0,2340.0,402.68871740464743,128.0,6.0,1.0,0.0,0.0,1.0,Exynos 9611 (10nm),0.0
Samsung Galaxy M21s,Samsung,2020.0,230.0,6.4,191.0,6000.0,8.9,64.0,1080.0,2340.0,402.68871740464743,128.0,6.0,1.0,0.0,0.0,1.0,Exynos 9611 (10nm),0.0
Samsung Galaxy A02s,Samsung,2020.0,185.0,6.5,196.0,5000.0,9.1,13.0,720.0,1600.0,269.92876553183146,64.0,4.0,0.0,0.0,0.0,1.0,Qualcomm SDM450 Snapdragon 450 (14 nm),0.0
Samsung Galaxy A02,Samsung,2021.0,169.0,6.5,206.0,5000.0,9.1,13.0,720.0,1600.0,269.92876553183146,64.0,4.0,0.0,0.0,0.0,1.0,Mediatek MT6739W (28 nm),0.0
Samsung Galaxy M02,Samsung,2021.0,80.0,6.5,206.0,5000.0,9.1,13.0,720.0,1600.0,269.92876553183146,32.0,3.0,0.0,0.0,0.0,1.0,Mediatek MT6739W (28 nm),0.0
Samsung Galaxy A12,Samsung,2020.0,179.0,6.5,205.0,5000.0,8.9,48.0,720.0,1600.0,269.92876553183146,128.0,6.0,0.0,0.0,1.0,1.0,Mediatek MT6765 Helio P35 (12nm),0.0
Samsung Galaxy M02s,Samsung,2021.0,100.0,6.5,196.0,5000.0,9.1,13.0,720.0,1600.0,269.92876553183146,64.0,4.0,0.0,0.0,0.0,1.0,Qualcomm SDM450 Snapdragon 450 (14 nm),0.0
Samsung Galaxy A32 5G,Samsung,2021.0,250.0,6.5,205.0,5000.0,9.1,48.0,720.0,1600.0,269.92876553183146,128.0,8.0,0.0,1.0,1.0,1.0,MediaTek MT6853 Dimensity 720 (7 nm),0.0
Samsung Galaxy S21 5G,Samsung,2021.0,513.9,6.2,169.0,4000.0,7.9,12.0,1080.0,2400.0,424.48475224763826,256.0,8.0,1.0,1.0,1.0,0.0,"Exynos 2100 (5 nm) - International
Qualcomm SM8350 Snapdragon 888 5G (5 nm) - USA/China",0.0
Samsung Galaxy S21+ 5G,Samsung,2021.0,749.88,6.7,200.0,4800.0,7.8,12.0,1080.0,2400.0,392.8067856619936,256.0,8.0,1.0,1.0,1.0,0.0,"Exynos 2100 (5 nm) - International
Qualcomm SM8350 Snapdragon 888 5G (5 nm) - USA/China",0.0
Samsung Galaxy S21 Ultra 5G,Samsung,2021.0,799.0,6.8,227.0,5000.0,8.9,108.0,1440.0,3200.0,516.0402870461485,512.0,16.0,1.0,1.0,1.0,0.0,"Exynos 2100 (5 nm) - International
Qualcomm SM8350 Snapdragon 888 5G (5 nm) - USA/China",0.0
Samsung Galaxy F62,Samsung,2021.0,270.0,6.7,218.0,7000.0,9.5,64.0,1080.0,2400.0,392.8067856619936,128.0,8.0,1.0,0.0,1.0,1.0,Exynos 9825 (7 nm),0.0
Samsung Galaxy A32,Samsung,2021.0,240.89,6.4,184.0,5000.0,8.4,64.0,1080.0,2400.0,411.2196037398995,128.0,8.0,1.0,0.0,1.0,1.0,Mediatek MT6769V/CU Helio G80 (12 nm),0.0
Samsung Galaxy Xcover 5,Samsung,2021.0,225.73,5.3,172.0,3000.0,9.2,16.0,720.0,1480.0,310.53646205948655,64.0,4.0,0.0,0.0,1.0,1.0,Exynos 850 (8nm),0.0
Samsung Galaxy A52,Samsung,2021.0,299.0,6.5,189.0,4500.0,8.4,64.0,1080.0,2400.0,404.89314829774725,256.0,8.0,1.0,0.0,1.0,1.0,Qualcomm SM7125 Snapdragon 720G (8 nm),0.0
Samsung Galaxy A52 5G,Samsung,2021.0,395.99,6.5,189.0,4500.0,8.4,64.0,1080.0,2400.0,404.89314829774725,256.0,8.0,1.0,1.0,1.0,1.0,Qualcomm SM7225 Snapdragon 750G 5G (8 nm),0.0
Samsung Galaxy A72,Samsung,2021.0,525.0,6.7,203.0,5000.0,8.4,64.0,1080.0,2400.0,392.8067856619936,256.0,8.0,1.0,0.0,1.0,1.0,Qualcomm SM7125 Snapdragon 720G (8 nm),0.0
Samsung Galaxy F02s,Samsung,2021.0,100.0,6.5,196.0,5000.0,9.1,13.0,720.0,1600.0,269.92876553183146,64.0,4.0,0.0,0.0,0.0,1.0,Qualcomm SDM450 Snapdragon 450 (14 nm),0.0
Samsung Galaxy Quantum 2,Samsung,2021.0,520.0,6.7,176.0,4500.0,8.1,64.0,1440.0,3200.0,523.742380882658,128.0,6.0,1.0,1.0,1.0,0.0,"Qualcomm SM8150 Snapdragon 855+ (7 nm), QRNG security chipset",0.0
Samsung Galaxy M12,Samsung,2021.0,175.0,6.5,212.0,5000.0,9.7,48.0,720.0,1600.0,269.92876553183146,128.0,4.0,0.0,0.0,1.0,1.0,Exynos 850 (8nm),0.0
Samsung Galaxy M42 5G,Samsung,2021.0,220.0,6.6,190.0,5000.0,8.6,48.0,720.0,1600.0,265.83893575104617,128.0,8.0,1.0,1.0,1.0,1.0,Qualcomm SM7225 Snapdragon 750G 5G (8 nm),0.0
Samsung Galaxy F52 5G,Samsung,2021.0,260.0,6.6,199.0,4500.0,8.7,64.0,1080.0,2408.0,399.8640724050703,128.0,8.0,0.0,1.0,0.0,1.0,Qualcomm SM7225 Snapdragon 750G 5G (8 nm),0.0
Samsung Galaxy A22,Samsung,2021.0,211.7,6.4,186.0,5000.0,8.4,48.0,720.0,1600.0,274.14640249326635,128.0,6.0,1.0,0.0,1.0,1.0,Mediatek MT6769V/CU Helio G80 (12 nm),0.0
Samsung Galaxy A22 5G,Samsung,2021.0,209.9,6.6,203.0,5000.0,9.0,48.0,1080.0,2400.0,398.7584036265693,128.0,8.0,0.0,1.0,1.0,1.0,MediaTek MT6833 Dimensity 700 (7 nm),0.0
Samsung Galaxy M32,Samsung,2021.0,232.0,6.4,180.0,5000.0,8.4,64.0,1080.0,2400.0,411.2196037398995,128.0,8.0,1.0,0.0,1.0,1.0,Mediatek MT6769V/CU Helio G80 (12 nm),0.0
Samsung Galaxy M21 2021,Samsung,2021.0,130.0,6.4,192.0,6000.0,9.0,48.0,1080.0,2340.0,402.68871740464743,128.0,6.0,1.0,0.0,1.0,1.0,Exynos 9611 (10nm),0.0
Samsung Galaxy A12 Nacho,Samsung,2021.0,249.0,6.5,205.0,5000.0,8.9,48.0,720.0,1600.0,269.92876553183146,128.0,4.0,0.0,0.0,1.0,1.0,Exynos 850 (8nm),0.0
Samsung Galaxy Z Flip3 5G,Samsung,2021.0,616.0,6.7,183.0,3300.0,6.9,12.0,1080.0,2640.0,425.72648324793,256.0,8.0,1.0,1.0,1.0,0.0,Qualcomm SM8350 Snapdragon 888 5G (5 nm),0.0
Samsung Galaxy Z Fold3 5G,Samsung,2021.0,1079.0,7.6,271.0,4400.0,6.4,12.0,1768.0,2208.0,372.1867699015519,512.0,12.0,1.0,1.0,1.0,0.0,Qualcomm SM8350 Snapdragon 888 5G (5 nm),0.0
Samsung Galaxy A52s 5G,Samsung,2021.0,328.0,6.5,189.0,4500.0,8.4,64.0,1080.0,2400.0,404.89314829774725,256.0,8.0,1.0,1.0,1.0,1.0,Qualcomm SM7325 Snapdragon 778G 5G (6 nm),0.0
Samsung Galaxy A03s,Samsung,2021.0,143.0,6.5,196.0,5000.0,9.1,13.0,720.0,1600.0,269.92876553183146,64.0,4.0,0.0,0.0,1.0,1.0,MediaTek MT6765 Helio P35 (12nm),0.0
Samsung Galaxy M22,Samsung,2021.0,315.28,6.4,186.0,5000.0,8.4,48.0,720.0,1600.0,274.14640249326635,128.0,6.0,1.0,0.0,1.0,1.0,Mediatek MT6769V/CU Helio G80 (12 nm),0.0
Samsung Galaxy M52 5G,Samsung,2021.0,277.0,6.7,173.0,5000.0,7.4,64.0,1080.0,2400.0,392.8067856619936,128.0,8.0,1.0,1.0,1.0,0.0,Qualcomm SM7325 Snapdragon 778G 5G (6 nm),0.0
Samsung Galaxy A03 Core,Samsung,2021.0,126.12,6.5,211.0,5000.0,9.1,8.0,720.0,1600.0,269.92876553183146,32.0,2.0,0.0,0.0,0.0,1.0,Unisoc SC9863A (28nm),0.0
Samsung Galaxy A03,Samsung,2021.0,149.0,6.5,196.0,5000.0,9.1,48.0,720.0,1600.0,269.92876553183146,128.0,4.0,0.0,0.0,0.0,1.0,Unisoc T606 (12 nm),0.0
Samsung Galaxy A13 5G,Samsung,2021.0,182.06,6.5,195.0,5000.0,8.8,50.0,720.0,1600.0,269.92876553183146,128.0,6.0,0.0,1.0,1.0,1.0,MediaTek MT6833 Dimensity 700 (7 nm),0.0
Samsung Galaxy S21 FE 5G,Samsung,2022.0,491.99,6.4,177.0,4500.0,7.9,12.0,1080.0,2400.0,411.2196037398995,256.0,8.0,1.0,1.0,1.0,0.0,"Qualcomm SM8350 Snapdragon 888 5G (5 nm) - Version 1
Exynos 2100 (5 nm) - Version 2",0.0
Samsung Galaxy S22 5G,Samsung,2022.0,610.0,6.1,167.0,3700.0,7.6,50.0,1080.0,2340.0,422.4930805556957,256.0,8.0,1.0,1.0,1.0,0.0,"Exynos 2200 (4 nm) - Europe
Qualcomm SM8450 Snapdragon 8 Gen 1 (4 nm) - ROW",0.0
Samsung Galaxy S22+ 5G,Samsung,2022.0,829.99,6.6,195.0,4500.0,7.6,50.0,1080.0,2340.0,390.48602899844605,256.0,8.0,1.0,1.0,1.0,0.0,"Exynos 2200 (4 nm) - Europe
Qualcomm SM8450 Snapdragon 8 Gen 1 (4 nm) - ROW",0.0
Samsung Galaxy S22 Ultra 5G,Samsung,2022.0,928.0,6.8,228.0,5000.0,8.9,108.0,1440.0,3088.0,501.0659916893998,1024.0,12.0,1.0,1.0,1.0,0.0,"Exynos 2200 (4 nm) - Europe
Qualcomm SM8450 Snapdragon 8 Gen 1 (4 nm) - ROW",0.0
Samsung Galaxy A13,Samsung,2022.0,142.61,6.6,195.0,5000.0,8.8,50.0,1080.0,2408.0,399.8640724050703,128.0,6.0,0.0,0.0,1.0,1.0,Exynos 850 (8nm),0.0
Samsung Galaxy A23,Samsung,2022.0,221.1,6.6,195.0,5000.0,8.4,50.0,1080.0,2408.0,399.8640724050703,128.0,8.0,0.0,0.0,1.0,1.0,Qualcomm SM6225 Snapdragon 680 4G (6 nm),0.0
Samsung Galaxy M23,Samsung,2022.0,227.99,6.6,198.0,5000.0,8.4,50.0,1080.0,2408.0,399.8640724050703,128.0,6.0,0.0,1.0,1.0,1.0,Qualcomm SM7225 Snapdragon 750G 5G (8 nm),0.0
Samsung Galaxy M33,Samsung,2022.0,263.0,6.6,198.0,5000.0,9.4,50.0,1080.0,2408.0,399.8640724050703,128.0,8.0,0.0,1.0,1.0,1.0,Exynos 1280 (5 nm),0.0
Samsung Galaxy A33 5G,Samsung,2022.0,249.0,6.4,186.0,5000.0,8.1,48.0,1080.0,2400.0,411.2196037398995,256.0,8.0,1.0,1.0,1.0,0.0,Exynos 1280 (5 nm),0.0
Samsung Galaxy A53 5G,Samsung,2022.0,299.0,6.5,189.0,5000.0,8.1,64.0,1080.0,2400.0,404.89314829774725,256.0,8.0,1.0,1.0,1.0,0.0,Exynos 1280 (5 nm),0.0
Samsung Galaxy A73 5G,Samsung,2022.0,395.6,6.7,181.0,5000.0,7.6,108.0,1080.0,2400.0,392.8067856619936,256.0,8.0,1.0,1.0,1.0,0.0,Qualcomm SM7325 Snapdragon 778G 5G (6 nm),0.0
Samsung Galaxy S20 FE 2022,Samsung,2022.0,520.0,6.5,190.0,4500.0,8.4,12.0,1080.0,2400.0,404.89314829774725,128.0,6.0,1.0,1.0,1.0,0.0,Qualcomm SM8250 Snapdragon 865 5G (7 nm+),0.0
Samsung Galaxy M53,Samsung,2022.0,349.0,6.7,176.0,5000.0,7.4,108.0,1080.0,2408.0,393.8959519214125,256.0,8.0,1.0,1.0,1.0,0.0,MediaTek MT6877 Dimensity 900 (6 nm),0.0
Samsung Galaxy M13,Samsung,2022.0,159.0,6.6,192.0,5000.0,8.4,50.0,1080.0,2408.0,399.8640724050703,128.0,4.0,0.0,0.0,1.0,1.0,Exynos 850 (8nm),0.0
Samsung Galaxy Xcover6 Pro,Samsung,2022.0,466.75,6.6,235.0,4050.0,9.9,50.0,1080.0,2408.0,399.8640724050703,128.0,6.0,0.0,1.0,1.0,1.0,Qualcomm SM7325 Snapdragon 778G 5G (6 nm),0.0
Samsung Galaxy A13 (SM-A137),Samsung,2022.0,169.23,6.6,195.0,5000.0,8.8,50.0,1080.0,2408.0,399.8640724050703,128.0,4.0,0.0,0.0,1.0,1.0,Mediatek MT6769V/CU Helio G80 (12 nm),0.0
Samsung Galaxy A23 5G,Samsung,2022.0,249.0,6.6,197.0,5000.0,8.4,50.0,1080.0,2408.0,399.8640724050703,128.0,8.0,0.0,1.0,1.0,1.0,Qualcomm SM6375 Snapdragon 695 5G (6 nm),0.0
Samsung Galaxy Z Flip4,Samsung,2022.0,769.0,6.7,187.0,3700.0,6.9,12.0,1080.0,2640.0,425.72648324793,512.0,8.0,1.0,1.0,1.0,0.0,Qualcomm SM8475 Snapdragon 8+ Gen 1 (4 nm),0.0
Samsung Galaxy Z Fold4,Samsung,2022.0,1307.9,7.6,263.0,4400.0,6.3,50.0,1812.0,2176.0,372.58734498086375,1024.0,12.0,1.0,1.0,1.0,0.0,Qualcomm SM8475 Snapdragon 8+ Gen 1 (4 nm),0.0
Samsung Galaxy A04,Samsung,2022.0,114.08,6.5,192.0,5000.0,9.1,50.0,720.0,1600.0,269.92876553183146,128.0,8.0,0.0,0.0,0.0,1.0,,0.0
Samsung Galaxy A04s,Samsung,2022.0,128.0,6.5,195.0,5000.0,9.1,50.0,720.0,1600.0,269.92876553183146,128.0,4.0,0.0,0.0,1.0,1.0,Exynos 850 (8nm),0.0
Samsung Galaxy A04e,Samsung,2022.0,109.4524,6.5,188.0,5000.0,9.1,13.0,720.0,1600.0,269.92876553183146,128.0,4.0,0.0,0.0,0.0,1.0,Mediatek MT6765 Helio P35 (12nm),0.0
Realme 1,Realme,2018.0,130.0,6.0,155.0,3410.0,7.8,13.0,1080.0,2160.0,402.49223594996215,128.0,6.0,0.0,0.0,0.0,1.0,Mediatek MT6771 Helio P60 (12 nm),0.0
Realme 2,Realme,2018.0,120.0,6.2,168.0,4230.0,8.2,13.0,720.0,1520.0,271.27478763391787,64.0,4.0,0.0,0.0,0.0,1.0,Qualcomm SDM450 Snapdragon 450 (14 nm),0.0
Realme C1,Realme,2018.0,100.0,6.2,168.0,4230.0,8.2,13.0,720.0,1520.0,271.27478763391787,16.0,2.0,0.0,0.0,0.0,1.0,Qualcomm SDM450 Snapdragon 450 (14 nm),0.0
Realme 2 Pro,Realme,2018.0,150.0,6.3,174.0,3500.0,8.5,16.0,1080.0,2340.0,409.08060180789585,128.0,8.0,0.0,0.0,0.0,1.0,Qualcomm SDM660 Snapdragon 660 (14 nm),0.0
Realme U1,Realme,2018.0,130.0,6.3,168.0,3500.0,8.0,13.0,1080.0,2340.0,409.08060180789585,64.0,4.0,0.0,0.0,0.0,1.0,Mediatek MT6771 Helio P70 (12nm),0.0
Realme 3 Pro,Realme,2019.0,270.0,6.3,172.0,4045.0,8.3,16.0,1080.0,2340.0,409.08060180789585,128.0,6.0,0.0,0.0,0.0,1.0,Qualcomm SDM710 Snapdragon 710 (10 nm),0.0
Realme X,Realme,2019.0,160.0,6.53,191.0,3765.0,9.4,48.0,1080.0,2340.0,394.6719435512624,256.0,8.0,1.0,0.0,0.0,1.0,Qualcomm SDM710 Snapdragon 710 (10 nm),0.0
Realme 5,Realme,2019.0,190.0,6.5,198.0,5000.0,9.3,12.0,720.0,1600.0,269.92876553183146,128.0,4.0,0.0,0.0,0.0,1.0,Qualcomm SDM665 Snapdragon 665 (11 nm),0.0
Realme Q,Realme,2019.0,130.0,6.3,184.0,4035.0,8.9,48.0,1080.0,2340.0,409.08060180789585,128.0,8.0,0.0,0.0,0.0,1.0,Qualcomm SDM712 Snapdragon 712 (10 nm),0.0
Realme XT,Realme,2019.0,290.0,6.4,183.0,4000.0,8.6,64.0,1080.0,2340.0,402.68871740464743,128.0,8.0,1.0,0.0,0.0,1.0,Qualcomm SDM712 Snapdragon 712 (10 nm),0.0
Realme X2,Realme,2019.0,189.4188,6.4,182.0,4000.0,8.6,64.0,1080.0,2340.0,402.68871740464743,256.0,8.0,1.0,0.0,1.0,1.0,Qualcomm SDM730 Snapdragon 730G (8 nm),0.0
Realme X2 Pro,Realme,2019.0,440.0,6.5,199.0,4000.0,8.7,64.0,1080.0,2400.0,404.89314829774725,256.0,12.0,1.0,0.0,1.0,1.0,Qualcomm SM8150 Snapdragon 855+ (7 nm),0.0
Realme C2 2020,Realme,2019.0,100.0,6.1,166.0,4000.0,8.5,13.0,720.0,1560.0,281.6620537037971,64.0,3.0,0.0,0.0,0.0,1.0,Mediatek MT6762 Helio P22 (12 nm),0.0
Realme C2s,Realme,2020.0,40.0,6.1,166.0,4000.0,8.5,13.0,720.0,1560.0,281.6620537037971,32.0,3.0,0.0,0.0,0.0,1.0,Mediatek MT6762 Helio P22 (12 nm),0.0
Realme 5s,Realme,2019.0,270.0,6.5,198.0,5000.0,9.3,48.0,720.0,1600.0,269.92876553183146,128.0,4.0,0.0,0.0,0.0,1.0,Qualcomm SDM665 Snapdragon 665 (11 nm),0.0
Realme X50 5G (China),Realme,2020.0,680.0,6.57,202.0,4200.0,8.9,64.0,1080.0,2400.0,400.5792182550011,256.0,12.0,0.0,1.0,1.0,0.0,Qualcomm SM7250 Snapdragon 765G 5G (7 nm),0.0
Realme C3,Realme,2020.0,90.0,6.5,195.0,5000.0,9.0,12.0,720.0,1600.0,269.92876553183146,64.0,4.0,0.0,0.0,0.0,1.0,Mediatek Helio G70 (12 nm),0.0
Realme C3 (3 cameras),Realme,2020.0,150.0,6.5,195.0,5000.0,9.0,12.0,720.0,1600.0,269.92876553183146,64.0,4.0,0.0,0.0,0.0,1.0,Mediatek Helio G70 (12 nm),0.0
Realme X50 Pro 5G,Realme,2020.0,414.74,6.44,205.0,4200.0,8.9,64.0,1080.0,2400.0,408.66544471045916,256.0,12.0,1.0,1.0,1.0,0.0,Qualcomm SM8250 Snapdragon 865 5G (7 nm+),0.0
Realme 6,Realme,2020.0,190.0,6.5,191.0,4300.0,8.9,64.0,1080.0,2400.0,404.89314829774725,128.0,8.0,0.0,0.0,1.0,1.0,Mediatek MT6785 Helio G90T (12 nm),0.0
Realme 6 Pro,Realme,2020.0,455.40000000000003,6.6,202.0,4300.0,8.9,64.0,1080.0,2400.0,398.7584036265693,128.0,8.0,0.0,0.0,1.0,1.0,Qualcomm SM7125 Snapdragon 720G (8 nm),0.0
Realme X50m 5G,Realme,2020.0,260.0,6.57,194.0,4200.0,8.9,48.0,1080.0,2400.0,400.5792182550011,128.0,8.0,0.0,1.0,1.0,0.0,Qualcomm SM7250 Snapdragon 765G 5G (7 nm),0.0
Realme Narzo 10A,Realme,2020.0,100.0,6.5,195.0,5000.0,9.0,12.0,720.0,1600.0,269.92876553183146,64.0,4.0,0.0,0.0,0.0,1.0,Mediatek Helio G70 (12 nm),0.0
Realme Narzo 10,Realme,2020.0,150.0,6.5,199.0,5000.0,9.0,48.0,720.0,1600.0,269.92876553183146,128.0,4.0,0.0,0.0,0.0,1.0,Mediatek MT6769V/CU Helio G80 (12 nm),0.0
Realme X50 Pro Player,Realme,2020.0,350.0,6.44,209.0,4200.0,8.9,48.0,1080.0,2400.0,408.66544471045916,128.0,12.0,1.0,1.0,1.0,0.0,Qualcomm SM8250 Snapdragon 865 5G (7 nm+),0.0
Realme 6S,Realme,2020.0,206.25,6.5,191.0,4300.0,8.9,48.0,1080.0,2400.0,404.89314829774725,128.0,6.0,0.0,0.0,0.0,1.0,Mediatek MT6785 Helio G90T (12 nm),0.0
Realme X3 SuperZoom,Realme,2020.0,300.0,6.6,202.0,4200.0,8.9,64.0,1080.0,2400.0,398.7584036265693,256.0,12.0,0.0,0.0,1.0,0.0,Qualcomm SM8150 Snapdragon 855+ (7 nm),0.0
Realme Narzo,Realme,2020.0,190.0,6.5,191.0,4300.0,8.9,48.0,1080.0,2400.0,404.89314829774725,128.0,4.0,0.0,0.0,0.0,1.0,Mediatek MT6785 Helio G90T (12 nm),0.0
Realme C3i,Realme,2020.0,100.0,6.5,195.0,5000.0,9.0,12.0,720.0,1600.0,269.92876553183146,32.0,2.0,0.0,0.0,0.0,1.0,Mediatek Helio G70 (12 nm),0.0
Realme X3,Realme,2020.0,290.0,6.6,202.0,4200.0,8.9,64.0,1080.0,2400.0,398.7584036265693,128.0,8.0,0.0,0.0,0.0,0.0,Qualcomm SM8150 Snapdragon 855+ (7 nm),0.0
Realme C11,Realme,2020.0,118.49,6.5,196.0,5000.0,9.1,13.0,720.0,1560.0,264.3290042451019,32.0,3.0,0.0,0.0,0.0,1.0,MediaTek MT6765G Helio G35 (12 nm),0.0
Realme X50 5G,Realme,2020.0,500.0,6.57,194.0,4200.0,8.9,48.0,1080.0,2400.0,400.5792182550011,128.0,8.0,0.0,1.0,1.0,0.0,Qualcomm SM7250 Snapdragon 765G 5G (7 nm),0.0
Realme 6i (India),Realme,2020.0,150.0,6.5,191.0,4300.0,8.9,48.0,1080.0,2400.0,404.89314829774725,64.0,6.0,0.0,0.0,0.0,1.0,Mediatek MT6785 Helio G90T (12 nm),0.0
Realme V5 5G,Realme,2020.0,180.0,6.5,194.0,5000.0,9.1,48.0,1080.0,2400.0,404.89314829774725,128.0,8.0,0.0,1.0,0.0,1.0,MediaTek MT6853V Dimensity 720 (7 nm),0.0
Realme C12,Realme,2020.0,110.0,6.5,209.0,6000.0,9.8,13.0,720.0,1560.0,264.3290042451019,64.0,4.0,0.0,0.0,0.0,1.0,MediaTek MT6765G Helio G35 (12 nm),0.0
Realme V3,Realme,2020.0,120.0,6.5,189.5,5000.0,8.6,13.0,720.0,1600.0,269.92876553183146,128.0,8.0,0.0,1.0,0.0,1.0,MediaTek MT6853V Dimensity 720 (7 nm),0.0
Realme X7,Realme,2020.0,330.0,6.4,175.0,4300.0,8.1,64.0,1080.0,2400.0,411.2196037398995,128.0,8.0,1.0,1.0,0.0,0.0,MediaTek MT6853 Dimensity 800U (7 nm),0.0
Realme X7 Pro,Realme,2020.0,470.0,6.55,184.0,4500.0,8.5,64.0,1080.0,2400.0,401.8023609061614,256.0,8.0,1.0,1.0,1.0,0.0,Mediatek MT6889Z Dimensity 1000+ (7nm),0.0
Realme 7 (Asia),Realme,2020.0,170.0,6.5,196.5,5000.0,9.4,64.0,1080.0,2400.0,404.89314829774725,128.0,8.0,0.0,0.0,1.0,1.0,Mediatek Helio G95 (12 nm),0.0
Realme C17,Realme,2020.0,160.0,6.5,188.0,5000.0,8.9,13.0,720.0,1600.0,269.92876553183146,256.0,6.0,0.0,0.0,0.0,1.0,Qualcomm SM4250 Snapdragon 460 (11 nm),0.0
Realme Narzo 20A,Realme,2020.0,100.0,6.5,195.0,5000.0,8.9,12.0,720.0,1600.0,269.92876553183146,64.0,4.0,0.0,0.0,0.0,1.0,Qualcomm SDM665 Snapdragon 665 (11 nm),0.0
Realme Narzo 20,Realme,2020.0,130.0,6.5,208.0,6000.0,9.8,48.0,720.0,1600.0,269.92876553183146,128.0,4.0,0.0,0.0,0.0,1.0,MediaTek MT6769Z Helio G85 (12nm),0.0
Realme 7 (Global),Realme,2020.0,257.45,6.5,196.5,5000.0,9.4,48.0,1080.0,2400.0,404.89314829774725,128.0,8.0,0.0,0.0,1.0,1.0,Mediatek Helio G95 (12 nm),0.0
Realme Q2i,Realme,2020.0,130.0,6.5,189.5,5000.0,8.6,13.0,720.0,1600.0,269.92876553183146,128.0,4.0,0.0,1.0,0.0,1.0,MediaTek MT6853V Dimensity 720 (7 nm),0.0
Realme Q2,Realme,2020.0,160.0,6.5,194.0,5000.0,9.1,48.0,1080.0,2400.0,404.89314829774725,128.0,6.0,0.0,1.0,0.0,1.0,MediaTek MT6853 Dimensity 800U (7 nm),0.0
Realme Q2 Pro,Realme,2020.0,310.0,6.4,175.0,4300.0,8.1,48.0,1080.0,2400.0,411.2196037398995,256.0,8.0,1.0,1.0,0.0,0.0,MediaTek MT6853 Dimensity 800U (7 nm),0.0
Realme C15 Qualcomm Edition,Realme,2020.0,110.0,6.5,209.0,6000.0,9.8,13.0,720.0,1600.0,269.92876553183146,128.0,4.0,0.0,0.0,0.0,1.0,Qualcomm SM4250 Snapdragon 460 (11 nm),0.0
Realme 7 5G,Realme,2020.0,270.62,6.5,195.0,5000.0,9.1,48.0,1080.0,2400.0,404.89314829774725,128.0,8.0,0.0,1.0,1.0,1.0,MediaTek MT6853 Dimensity 800U (7 nm),0.0
Realme 7i (Global),Realme,2020.0,190.0,6.5,208.0,6000.0,9.8,48.0,720.0,1600.0,269.92876553183146,64.0,4.0,0.0,0.0,0.0,1.0,MediaTek MT6769Z Helio G85 (12nm),0.0
Realme V15 5G,Realme,2021.0,190.0,6.4,176.0,4310.0,8.1,64.0,1080.0,2400.0,411.2196037398995,128.0,8.0,1.0,1.0,0.0,0.0,MediaTek MT6853 Dimensity 800U (7 nm),0.0
Realme X7 (India),Realme,2021.0,230.0,6.4,176.0,4310.0,8.1,64.0,1080.0,2400.0,411.2196037398995,128.0,8.0,1.0,1.0,0.0,0.0,MediaTek MT6853 Dimensity 800U (7 nm),0.0
Realme C20,Realme,2021.0,90.0,6.5,190.0,5000.0,8.9,8.0,720.0,1600.0,269.92876553183146,32.0,2.0,0.0,0.0,0.0,1.0,MediaTek MT6765G Helio G35 (12 nm),0.0
Realme V11 5G,Realme,2021.0,160.0,6.5,186.0,5000.0,,13.0,720.0,1600.0,269.92876553183146,128.0,6.0,0.0,1.0,0.0,1.0,MediaTek MT6833 Dimensity 700 (7 nm),0.0
Realme Narzo 30A,Realme,2021.0,357.88,6.5,205.0,6000.0,9.8,13.0,720.0,1600.0,269.92876553183146,64.0,4.0,0.0,0.0,0.0,1.0,MediaTek MT6769Z Helio G85 (12nm),0.0
Realme Narzo 30 Pro 5G,Realme,2021.0,200.0,6.5,196.0,5000.0,9.1,48.0,1080.0,2400.0,404.89314829774725,128.0,8.0,0.0,1.0,0.0,1.0,MediaTek MT6853 Dimensity 800U (7 nm),0.0
Realme GT 5G,Realme,2021.0,361.59,6.43,186.0,4500.0,8.4,64.0,1080.0,2400.0,409.3010052776606,256.0,12.0,1.0,1.0,1.0,1.0,Qualcomm SM8350 Snapdragon 888 5G (5 nm),0.0
Realme C21,Realme,2021.0,141.0,6.5,190.0,5000.0,8.9,13.0,720.0,1600.0,269.92876553183146,64.0,4.0,0.0,0.0,0.0,1.0,MediaTek MT6765G Helio G35 (12 nm),0.0
Realme C25,Realme,2021.0,140.0,6.5,209.0,6000.0,9.6,48.0,720.0,1600.0,269.92876553183146,128.0,4.0,0.0,0.0,0.0,1.0,Mediatek Helio G70 (12 nm),0.0
Realme 8,Realme,2021.0,192.03,6.4,177.0,5000.0,8.0,64.0,1080.0,2400.0,411.2196037398995,128.0,8.0,1.0,0.0,1.0,1.0,Mediatek Helio G95 (12 nm),0.0
Realme 8 Pro,Realme,2021.0,550.0,6.4,176.0,4500.0,8.1,108.0,1080.0,2400.0,411.2196037398995,128.0,8.0,1.0,0.0,1.0,1.0,Qualcomm SM7125 Snapdragon 720G (8 nm),0.0
Realme V13 5G,Realme,2021.0,210.0,6.5,185.0,5000.0,8.5,48.0,1080.0,2400.0,404.89314829774725,256.0,8.0,0.0,1.0,0.0,1.0,MediaTek MT6833 Dimensity 700 (7 nm),0.0
Realme GT Neo,Realme,2021.0,260.0,6.43,179.0,4500.0,8.4,64.0,1080.0,2400.0,409.3010052776606,256.0,12.0,1.0,1.0,1.0,1.0,MediaTek MT6893 Dimensity 1200 (6 nm),0.0
Realme X7 Pro Ultra,Realme,2021.0,310.0,6.55,170.0,4500.0,7.8,64.0,1080.0,2400.0,401.8023609061614,256.0,12.0,1.0,1.0,1.0,0.0,Mediatek MT6889Z Dimensity 1000+ (7nm),0.0
Realme 8 5G,Realme,2021.0,357.88,6.5,185.0,5000.0,8.5,48.0,1080.0,2400.0,404.89314829774725,128.0,8.0,0.0,1.0,1.0,1.0,MediaTek MT6833 Dimensity 700 (7 nm),0.0
Realme Q3i 5G,Realme,2021.0,130.0,6.5,185.0,5000.0,8.5,48.0,1080.0,2400.0,404.89314829774725,128.0,6.0,0.0,1.0,0.0,1.0,MediaTek MT6833 Dimensity 700 (7 nm),0.0
Realme Q3 5G,Realme,2021.0,170.0,6.5,189.0,5000.0,8.8,48.0,1080.0,2400.0,404.89314829774725,128.0,8.0,0.0,1.0,0.0,1.0,Qualcomm SM7225 Snapdragon 750G 5G (8 nm),0.0
Realme Q3 Pro 5G,Realme,2021.0,210.0,6.43,179.0,4500.0,8.4,64.0,1080.0,2400.0,409.3010052776606,256.0,8.0,1.0,1.0,0.0,1.0,MediaTek MT6891Z Dimensity 1100 (6 nm),0.0
Realme C20A,Realme,2021.0,90.0,6.5,190.0,5000.0,8.9,8.0,720.0,1600.0,269.92876553183146,32.0,2.0,0.0,0.0,0.0,1.0,MediaTek MT6765G Helio G35 (12 nm),0.0
Realme Narzo 30,Realme,2021.0,400.20000000000005,6.5,192.0,5000.0,9.4,48.0,1080.0,2400.0,404.89314829774725,128.0,6.0,0.0,0.0,1.0,1.0,Mediatek Helio G95 (12 nm),0.0
Realme GT Neo Flash,Realme,2021.0,290.0,6.43,179.0,4500.0,8.4,64.0,1080.0,2400.0,409.3010052776606,256.0,12.0,1.0,1.0,1.0,1.0,MediaTek MT6893 Dimensity 1200 (6 nm),0.0
Realme Q3 Pro Carnival,Realme,2021.0,230.0,6.43,174.0,4500.0,,64.0,1080.0,2400.0,409.3010052776606,128.0,8.0,1.0,1.0,0.0,1.0,Qualcomm SM7250-AC Snapdragon 768G 5G (7 nm),0.0
Realme Narzo 30 5G,Realme,2021.0,203.32000000000002,6.5,185.0,5000.0,8.5,48.0,1080.0,2400.0,404.89314829774725,128.0,6.0,0.0,1.0,0.0,1.0,MediaTek MT6833 Dimensity 700 (7 nm),0.0
Realme X7 Max 5G,Realme,2021.0,310.0,6.43,179.0,4500.0,8.4,64.0,1080.0,2400.0,409.3010052776606,256.0,12.0,1.0,1.0,1.0,1.0,MediaTek MT6893 Dimensity 1200 (6 nm),0.0
Realme C25s,Realme,2021.0,249.95,6.5,209.0,6000.0,9.6,48.0,720.0,1600.0,269.92876553183146,128.0,4.0,0.0,0.0,0.0,1.0,MediaTek MT6769Z Helio G85 (12nm),0.0
Realme C21Y,Realme,2021.0,130.0,6.5,200.0,5000.0,9.1,13.0,720.0,1600.0,269.92876553183146,64.0,4.0,0.0,0.0,0.0,1.0,Unisoc T610 (12 nm),0.0
Realme GT Master,Realme,2021.0,319.99,6.43,180.0,4300.0,,64.0,1080.0,2400.0,409.3010052776606,256.0,8.0,1.0,1.0,1.0,1.0,Qualcomm SM7325 Snapdragon 778G 5G (6 nm),0.0
Realme GT Explorer Master,Realme,2021.0,380.0,6.55,185.0,4500.0,,50.0,1080.0,2400.0,401.8023609061614,256.0,12.0,1.0,1.0,1.0,0.0,Qualcomm SM8250-AC Snapdragon 870 5G (7 nm),0.0
Realme 8i,Realme,2021.0,162.18,6.6,194.0,5000.0,8.5,50.0,1080.0,2412.0,400.4171378669008,128.0,6.0,0.0,0.0,1.0,1.0,Mediatek Helio G96 (12 nm),0.0
Realme GT Neo2,Realme,2021.0,349.0,6.62,199.8,5000.0,9.0,64.0,1080.0,2400.0,397.5536954585132,256.0,12.0,1.0,1.0,1.0,0.0,Qualcomm SM8250-AC Snapdragon 870 5G (7 nm),0.0
Realme V11s 5G,Realme,2021.0,190.0,6.5,189.0,5000.0,,13.0,720.0,1600.0,269.92876553183146,128.0,6.0,0.0,1.0,0.0,1.0,MediaTek MT6833P Dimensity 810 (6 nm),0.0
Realme Q3s,Realme,2021.0,200.0,6.6,199.0,5000.0,8.5,48.0,1080.0,2412.0,400.4171378669008,256.0,8.0,0.0,1.0,0.0,1.0,Qualcomm SM7325 Snapdragon 778G 5G (6 nm),0.0
Realme GT Neo2T,Realme,2021.0,260.0,6.43,186.0,4500.0,8.4,64.0,1080.0,2400.0,409.3010052776606,256.0,12.0,1.0,1.0,1.0,1.0,MediaTek MT6893 Dimensity 1200 (6 nm),0.0
Realme GT2,Realme,2022.0,399.99,6.62,199.8,5000.0,8.6,50.0,1080.0,2400.0,397.5536954585132,256.0,12.0,1.0,1.0,1.0,0.0,Qualcomm SM8350 Snapdragon 888 5G (5 nm),0.0
Realme GT2 Pro,Realme,2022.0,599.99,6.7,199.0,5000.0,8.2,50.0,1440.0,3216.0,525.9210168998101,512.0,12.0,1.0,1.0,1.0,0.0,Qualcomm SM8450 Snapdragon 8 Gen 1 (4 nm),0.0
Realme 9i,Realme,2022.0,147.99,6.6,190.0,5000.0,8.4,50.0,1080.0,2412.0,400.4171378669008,128.0,6.0,0.0,0.0,1.0,1.0,Qualcomm SM6225 Snapdragon 680 4G (6 nm),0.0
Realme C35,Realme,2022.0,184.79,6.6,189.0,5000.0,8.1,50.0,1080.0,2408.0,399.8640724050703,128.0,6.0,0.0,0.0,0.0,1.0,Unisoc Tiger T616 (12 nm),0.0
Realme 9 Pro,Realme,2022.0,277.62,6.6,195.0,5000.0,8.5,64.0,1080.0,2412.0,400.4171378669008,128.0,8.0,0.0,1.0,1.0,1.0,Qualcomm SM6375 Snapdragon 695 5G (6 nm),0.0
Realme 9 Pro+,Realme,2022.0,340.56,6.4,182.0,4500.0,8.0,50.0,1080.0,2400.0,411.2196037398995,256.0,8.0,1.0,1.0,1.0,1.0,MediaTek Dimensity 920 (6 nm),0.0
Realme Narzo 50,Realme,2022.0,339.48,6.6,194.0,5000.0,8.5,50.0,1080.0,2412.0,400.4171378669008,128.0,6.0,0.0,0.0,0.0,1.0,Mediatek Helio G96 (12 nm),0.0
Realme V25,Realme,2022.0,290.0,6.6,195.0,5000.0,8.5,64.0,1080.0,2412.0,400.4171378669008,256.0,12.0,0.0,1.0,0.0,1.0,Qualcomm SM6375 Snapdragon 695 5G (6 nm),0.0
Realme 9 5G Speed,Realme,2022.0,240.0,6.6,199.0,5000.0,8.5,48.0,1080.0,2412.0,400.4171378669008,128.0,8.0,0.0,1.0,0.0,1.0,Qualcomm SM7325 Snapdragon 778G 5G (6 nm),0.0
Realme Narzo 50A Prime,Realme,2022.0,139.99,6.6,189.0,5000.0,8.1,50.0,1080.0,2408.0,399.8640724050703,128.0,4.0,0.0,0.0,0.0,1.0,Unisoc Tiger T612 (12 nm),0.0
Realme GT Neo 3,Realme,2022.0,307.004,6.7,188.0,5000.0,8.2,50.0,1080.0,2412.0,394.44076267485747,512.0,12.0,1.0,1.0,1.0,0.0,MediaTek Dimensity 8100 (5 nm),0.0
Realme GT Neo 3 150W,Realme,2022.0,530.0,6.7,188.0,4500.0,8.2,50.0,1080.0,2412.0,394.44076267485747,256.0,12.0,1.0,1.0,1.0,0.0,MediaTek Dimensity 8100 (5 nm),0.0
Realme C31,Realme,2022.0,129.9,6.5,197.0,5000.0,8.4,13.0,720.0,1600.0,269.92876553183146,64.0,4.0,0.0,0.0,0.0,1.0,Unisoc Tiger T612 (12 nm),0.0
Realme 9,Realme,2022.0,229.99,6.4,178.0,5000.0,8.0,108.0,1080.0,2400.0,411.2196037398995,128.0,8.0,1.0,0.0,0.0,1.0,Qualcomm SM6225 Snapdragon 680 4G (6 nm),0.0
Realme Q5,Realme,2022.0,200.0,6.6,195.0,5000.0,8.5,50.0,1080.0,2412.0,400.4171378669008,256.0,8.0,0.0,1.0,0.0,1.0,Qualcomm SM6375 Snapdragon 695 5G (6 nm),0.0
Realme Q5 Pro,Realme,2022.0,330.0,6.62,194.5,5000.0,8.7,64.0,1080.0,2400.0,397.5536954585132,256.0,8.0,1.0,1.0,0.0,0.0,Qualcomm SM8250-AC Snapdragon 870 5G (7 nm),0.0
Realme V23,Realme,2022.0,240.0,6.58,190.0,5000.0,8.1,48.0,1080.0,2408.0,401.07946472241093,256.0,12.0,0.0,1.0,0.0,1.0,MediaTek MT6833P Dimensity 810 (6 nm),0.0
Realme V23i,Realme,2022.0,270.0,6.56,185.0,5000.0,8.1,13.0,720.0,1612.0,269.1291008656963,128.0,4.0,0.0,1.0,0.0,1.0,MediaTek MT6833 Dimensity 700 (7 nm),0.0
Realme 9 5G,Realme,2022.0,229.57,6.6,191.0,5000.0,8.5,50.0,1080.0,2412.0,400.4171378669008,128.0,4.0,0.0,1.0,0.0,1.0,Qualcomm SM6375 Snapdragon 695 5G (6 nm),0.0
Realme Narzo 50 5G,Realme,2022.0,321.08000000000004,6.6,190.0,5000.0,8.1,48.0,1080.0,2408.0,399.8640724050703,128.0,6.0,0.0,1.0,1.0,1.0,MediaTek MT6833P Dimensity 810 (6 nm),0.0
Realme Narzo 50 Pro,Realme,2022.0,270.0,6.4,181.0,5000.0,8.0,48.0,1080.0,2400.0,411.2196037398995,128.0,8.0,1.0,1.0,0.0,1.0,MediaTek Dimensity 920 (6 nm),0.0
Realme GT Neo 3T,Realme,2022.0,412.16,6.62,194.5,5000.0,8.7,64.0,1080.0,2400.0,397.5536954585132,256.0,8.0,1.0,1.0,1.0,0.0,Qualcomm SM8250-AC Snapdragon 870 5G (7 nm),0.0
Realme Narzo 50i Prime,Realme,2022.0,119.0,6.5,182.0,5000.0,8.5,8.0,720.0,1600.0,269.92876553183146,64.0,4.0,0.0,0.0,0.0,1.0,Unisoc Tiger T612 (12 nm),0.0
Realme GT2 Explorer Master,Realme,2022.0,468.19720000000007,6.7,195.0,5000.0,8.2,50.0,1080.0,2400.0,392.8067856619936,256.0,12.0,1.0,1.0,1.0,0.0,Qualcomm SM8475 Snapdragon 8+ Gen 1 (4 nm),0.0
Realme C30s,Realme,2022.0,100.0,6.5,186.0,5000.0,8.5,8.0,720.0,1600.0,269.92876553183146,64.0,4.0,0.0,0.0,0.0,1.0,,0.0
Realme 10,Realme,2022.0,230.0,6.4,178.0,5000.0,8.0,50.0,1080.0,2400.0,411.2196037398995,256.0,8.0,1.0,0.0,1.0,1.0,MediaTek MT8781 Helio G99 (6nm),0.0
Realme 10 5G,Realme,2022.0,180.0,6.6,191.0,5000.0,8.1,50.0,1080.0,2408.0,399.8640724050703,256.0,8.0,0.0,1.0,0.0,1.0,MediaTek MT6833 Dimensity 700 (7 nm),0.0
Realme 10 Pro,Realme,2022.0,229.08,6.72,190.0,5000.0,8.1,108.0,1080.0,2400.0,391.6377178475234,256.0,12.0,0.0,1.0,1.0,1.0,Qualcomm SM6375 Snapdragon 695 5G (6 nm),0.0
Realme 10 Pro+,Realme,2022.0,247.48000000000002,6.7,173.0,5000.0,7.8,108.0,1080.0,2412.0,394.44076267485747,256.0,12.0,1.0,1.0,1.0,0.0,MediaTek Dimensity 1080 (6 nm),0.0
Realme V20,Realme,2022.0,160.0,6.5,184.0,5000.0,8.1,13.0,720.0,1600.0,269.92876553183146,128.0,8.0,0.0,1.0,0.0,1.0,MediaTek MT6833 Dimensity 700 (7 nm),0.0
Realme 10s,Realme,2022.0,150.0,6.6,191.0,5000.0,8.1,50.0,1080.0,2408.0,399.8640724050703,256.0,8.0,0.0,1.0,0.0,1.0,MediaTek MT6833P Dimensity 810 (6 nm),0.0
Razer Phone,Razer,2017.0,750.0,5.7,197.0,4000.0,8.0,12.0,1440.0,2560.0,515.2999228262686,64.0,8.0,0.0,0.0,1.0,0.0,Qualcomm MSM8998 Snapdragon 835 (10 nm),0.0
Razer Phone 2,Razer,2018.0,850.0,5.72,220.0,4000.0,8.5,12.0,1440.0,2560.0,513.4981748443586,64.0,8.0,0.0,0.0,1.0,0.0,Qualcomm SDM845 Snapdragon 845 (10 nm),0.0
QMobile Noir LT250,QMobile,2015.0,150.0,4.7,119.0,2000.0,8.8,8.0,720.0,1280.0,312.4691021393331,4.0,1.0,0.0,0.0,0.0,1.0,Nvidia Tegra 4i,0.0
QMobile Noir Z7,QMobile,2015.0,210.0,4.8,97.7,2050.0,5.2,8.0,720.0,1280.0,305.959329178097,16.0,1.0,1.0,0.0,0.0,1.0,Mediatek MT6592 (28 nm),0.0
QMobile Noir A750,QMobile,2015.0,220.0,5.0,158.0,2000.0,8.9,13.0,720.0,1280.0,293.7209560109731,16.0,1.0,0.0,0.0,0.0,1.0,Mediatek MT6589 (28 nm),0.0
QMobile Noir Z8,QMobile,2015.0,170.0,5.0,120.0,2400.0,7.5,13.0,720.0,1280.0,293.7209560109731,16.0,2.0,0.0,0.0,0.0,1.0,Qualcomm MSM8916 Snapdragon 410 (28 nm),0.0
QMobile Noir M300,QMobile,2015.0,160.0,5.0,180.0,5000.0,10.4,8.0,720.0,1280.0,293.7209560109731,8.0,1.0,0.0,0.0,0.0,1.0,Mediatek MT6582 (28 nm),0.0
QMobile Noir X450,QMobile,2015.0,160.0,5.0,150.0,1950.0,8.6,5.0,480.0,854.0,195.93019164998537,8.0,1.0,0.0,0.0,0.0,1.0,Mediatek MT6582M (28 nm),0.0
QMobile Noir i8,QMobile,2015.0,100.0,4.7,151.0,2120.0,8.8,8.0,480.0,800.0,198.50049003728682,8.0,1.0,0.0,0.0,0.0,1.0,Mediatek MT6582M (28 nm),0.0
QMobile Noir S1,QMobile,2015.0,100.0,5.0,152.0,2000.0,8.9,5.0,480.0,854.0,195.93019164998537,8.0,1.0,0.0,0.0,0.0,1.0,Mediatek MT6582M (28 nm),0.0
QMobile A1,QMobile,2015.0,100.0,4.5,138.0,1700.0,9.2,5.0,480.0,854.0,217.70021294442822,8.0,1.0,0.0,0.0,0.0,1.0,Mediatek MT6582 (28 nm),0.0
QMobile Noir Z9,QMobile,2015.0,230.0,4.8,97.0,2000.0,5.1,8.0,720.0,1280.0,305.959329178097,16.0,2.0,1.0,0.0,0.0,1.0,Qualcomm MSM8916 Snapdragon 410 (28 nm),0.0
QMobile Noir E8,QMobile,2015.0,400.0,6.0,210.0,3500.0,9.6,24.0,1440.0,2560.0,489.5349266849552,64.0,3.0,1.0,0.0,1.0,1.0,Mediatek MT6795 Helio X10 (28 nm),0.0
Philips PH1,Philips,2021.0,70.0,6.51,194.0,4700.0,9.5,13.0,720.0,1440.0,247.30705741933158,128.0,4.0,0.0,0.0,0.0,1.0,Unisoc Tiger T310 (12nm),0.0
Philips PH2,Philips,2021.0,110.0,6.21,170.0,3900.0,9.0,13.0,720.0,1520.0,270.8379522271,128.0,4.0,0.0,0.0,0.0,1.0,Unisoc Tiger T310 (12nm),0.0
Panasonic Eluga U2,Panasonic,2015.0,220.0,5.0,131.0,2500.0,8.0,13.0,1080.0,1920.0,440.58143401645964,16.0,2.0,0.0,0.0,0.0,1.0,Qualcomm MSM8916 Snapdragon 410 (28 nm),0.0
Panasonic Eluga S mini,Panasonic,2015.0,130.0,4.7,135.0,1980.0,9.5,8.0,720.0,1280.0,312.4691021393331,8.0,1.0,0.0,0.0,0.0,1.0,,0.0
Panasonic Eluga L 4G,Panasonic,2015.0,190.0,5.0,110.0,2000.0,6.1,8.0,720.0,1280.0,293.7209560109731,8.0,1.0,0.0,0.0,0.0,1.0,Qualcomm MSM8916 Snapdragon 410 (28 nm),0.0
Panasonic Eluga Icon,Panasonic,2015.0,160.0,5.5,147.0,3500.0,8.0,13.0,720.0,1280.0,267.0190509190665,16.0,2.0,0.0,0.0,0.0,1.0,,0.0
Panasonic Eluga I2,Panasonic,2015.0,120.0,5.0,135.0,2000.0,8.8,8.0,720.0,1280.0,293.7209560109731,8.0,1.0,0.0,0.0,0.0,1.0,,0.0
Panasonic Eluga L2,Panasonic,2015.0,140.0,5.5,158.0,2500.0,8.6,8.0,540.0,960.0,200.26428818929983,8.0,1.0,0.0,0.0,0.0,1.0,,0.0
Panasonic Eluga Switch,Panasonic,2015.0,270.0,5.5,141.0,2910.0,7.4,13.0,1080.0,1920.0,400.52857637859967,32.0,2.0,0.0,0.0,0.0,1.0,Qualcomm MSM8936 Snapdragon 610 (28 nm),0.0
Panasonic Eluga Mark,Panasonic,2015.0,200.0,5.5,145.0,2500.0,8.2,13.0,720.0,1280.0,267.0190509190665,16.0,2.0,0.0,0.0,0.0,1.0,Qualcomm MSM8939 Snapdragon 615 (28 nm),0.0
Panasonic Eluga Turbo,Panasonic,2016.0,140.0,5.0,145.0,2350.0,6.9,13.0,720.0,1280.0,293.7209560109731,32.0,3.0,0.0,0.0,0.0,1.0,Mediatek MT6753 (28 nm),0.0
Panasonic P66,Panasonic,2016.0,110.0,5.0,155.0,3200.0,8.4,8.0,720.0,1280.0,293.7209560109731,16.0,2.0,0.0,0.0,0.0,1.0,,0.0
Panasonic Eluga A2,Panasonic,2016.0,150.0,5.0,167.5,4000.0,8.9,8.0,720.0,1280.0,293.7209560109731,16.0,3.0,0.0,0.0,0.0,1.0,Mediatek MT6735M (28 nm),0.0
Panasonic Eluga Note,Panasonic,2016.0,170.0,5.5,142.0,3000.0,8.2,16.0,1080.0,1920.0,400.52857637859967,32.0,3.0,0.0,0.0,0.0,1.0,,0.0
Panasonic Eluga Arc 2,Panasonic,2016.0,200.0,5.0,147.0,2450.0,7.6,8.0,720.0,1280.0,293.7209560109731,32.0,3.0,0.0,0.0,0.0,1.0,,0.0
Panasonic Eluga Tapp,Panasonic,2016.0,150.0,5.0,138.0,2800.0,8.2,8.0,720.0,1280.0,293.7209560109731,16.0,2.0,0.0,0.0,0.0,1.0,,0.0
Panasonic P77,Panasonic,2016.0,100.0,5.0,126.0,2000.0,7.6,8.0,720.0,1280.0,293.7209560109731,16.0,1.0,0.0,0.0,0.0,1.0,Mediatek MT6735P (28 nm),0.0
Panasonic P55 Novo,Panasonic,2016.0,100.0,5.5,155.0,2500.0,8.2,13.0,720.0,1280.0,267.0190509190665,16.0,3.0,0.0,0.0,0.0,1.0,,0.0
Panasonic P88,Panasonic,2016.0,160.0,5.3,156.0,2600.0,,13.0,720.0,1280.0,277.095241519786,16.0,2.0,0.0,0.0,0.0,1.0,Mediatek MT6737M (28 nm),0.0
Panasonic Eluga Pulse,Panasonic,2017.0,130.0,5.0,133.0,2200.0,8.0,13.0,720.0,1280.0,293.7209560109731,16.0,2.0,0.0,0.0,0.0,1.0,,0.0
Panasonic Eluga Pulse X,Panasonic,2017.0,160.0,5.5,145.0,3000.0,8.1,13.0,720.0,1280.0,267.0190509190665,16.0,3.0,0.0,0.0,0.0,1.0,,0.0
Panasonic Eluga Ray Max,Panasonic,2017.0,170.0,5.2,165.0,3000.0,9.5,16.0,1080.0,1920.0,423.6359942465958,64.0,4.0,0.0,0.0,0.0,1.0,Qualcomm MSM8937 Snapdragon 430 (28 nm),0.0
Panasonic Eluga Ray X,Panasonic,2017.0,130.0,5.5,193.0,4000.0,10.5,13.0,720.0,1280.0,267.0190509190665,32.0,3.0,0.0,0.0,0.0,1.0,Mediatek MT6737 (28 nm),0.0
Panasonic Eluga Mark 2,Panasonic,2016.0,150.0,5.5,163.0,3000.0,7.7,13.0,720.0,1280.0,267.0190509190665,32.0,3.0,0.0,0.0,0.0,1.0,Mediatek MT6753 (28 nm),0.0
Panasonic Eluga Ray,Panasonic,2017.0,110.0,5.0,169.0,4000.0,9.7,13.0,720.0,1280.0,293.7209560109731,16.0,3.0,0.0,0.0,0.0,1.0,Mediatek MT6737 (28 nm),0.0
Panasonic P85,Panasonic,2017.0,90.0,5.0,146.7,4000.0,9.4,8.0,720.0,1280.0,293.7209560109731,16.0,2.0,0.0,0.0,0.0,1.0,,0.0
Panasonic P9,Panasonic,2017.0,100.0,5.0,144.0,2210.0,8.6,8.0,480.0,854.0,195.93019164998537,16.0,1.0,0.0,0.0,0.0,1.0,Mediatek MT6737M (28 nm),0.0
Panasonic Eluga Ray 700,Panasonic,2017.0,130.0,5.5,182.0,5000.0,8.9,13.0,1080.0,1920.0,400.52857637859967,32.0,3.0,0.0,0.0,0.0,1.0,Mediatek MT6753 (28 nm),0.0
Panasonic Eluga Ray 500,Panasonic,2017.0,110.0,5.0,163.0,4000.0,9.2,13.0,720.0,1280.0,293.7209560109731,32.0,3.0,0.0,0.0,0.0,1.0,Mediatek MT6737 (28 nm),0.0
Panasonic Eluga I9,Panasonic,2017.0,100.0,5.0,143.0,2500.0,7.8,13.0,720.0,1280.0,293.7209560109731,32.0,3.0,0.0,0.0,0.0,1.0,Mediatek MT6737 (28 nm),0.0
Panasonic Eluga X1 Pro,Panasonic,2018.0,350.0,6.18,195.0,3000.0,7.9,16.0,1080.0,2246.0,403.26390633779283,128.0,6.0,0.0,0.0,0.0,0.0,Mediatek MT6771 Helio P60 (12 nm),0.0
Panasonic Eluga Z1 Pro,Panasonic,2018.0,200.0,6.19,169.0,4000.0,8.1,13.0,720.0,1500.0,268.7966001394904,64.0,4.0,0.0,0.0,0.0,1.0,Mediatek MT6762 Helio P22 (12 nm),0.0
Orange Neva jet 5G,Orange,2019.0,900.0,6.47,171.0,4000.0,7.9,48.0,1080.0,2340.0,398.33196157492176,128.0,6.0,1.0,1.0,1.0,0.0,Qualcomm SM8150 Snapdragon 855 (7 nm),0.0
Oppo R1x,Oppo,2015.0,340.0,5.0,130.0,2420.0,6.8,13.0,720.0,1280.0,293.7209560109731,16.0,2.0,0.0,0.0,0.0,1.0,Qualcomm MSM8939 Snapdragon 615 (28 nm),0.0
Oppo A31 (2015),Oppo,2015.0,150.0,4.5,135.0,2000.0,8.0,8.0,480.0,854.0,217.70021294442822,8.0,1.0,0.0,0.0,0.0,1.0,Qualcomm MSM8916 Snapdragon 410 (28 nm),0.0
Oppo Mirror 3,Oppo,2015.0,270.0,4.7,130.0,2000.0,8.9,8.0,720.0,1280.0,312.4691021393331,8.0,1.0,0.0,0.0,0.0,1.0,Qualcomm MSM8916 Snapdragon 410 (28 nm),0.0
Oppo Joy Plus,Oppo,2015.0,100.0,4.0,125.0,1700.0,9.9,3.15,480.0,800.0,233.23807579381202,4.0,1.0,0.0,0.0,0.0,1.0,Mediatek MT6572 (28 nm),0.0
Oppo Neo 5s,Oppo,2015.0,160.0,4.5,135.0,2000.0,8.0,8.0,480.0,854.0,217.70021294442822,8.0,1.0,0.0,0.0,0.0,1.0,Qualcomm MSM8916 Snapdragon 410 (28 nm),0.0
Oppo Neo 5 (2015),Oppo,2015.0,70.0,4.5,135.0,2000.0,8.0,8.0,480.0,854.0,217.70021294442822,16.0,1.0,0.0,0.0,0.0,1.0,Mediatek MT6582 (28 nm),0.0
Oppo R7,Oppo,2015.0,360.0,5.0,147.0,2320.0,6.3,13.0,1080.0,1920.0,440.58143401645964,16.0,3.0,1.0,0.0,0.0,1.0,Qualcomm MSM8939 Snapdragon 615 (28 nm),0.0
Oppo R7 Plus,Oppo,2015.0,430.0,6.0,192.0,4100.0,7.8,13.0,1080.0,1920.0,367.1511950137164,64.0,4.0,1.0,0.0,0.0,1.0,Qualcomm MSM8939 Snapdragon 615 (28 nm),0.0
Oppo Joy 3,Oppo,2015.0,130.0,4.5,135.0,2000.0,9.0,5.0,480.0,854.0,217.70021294442822,4.0,1.0,0.0,0.0,0.0,1.0,Mediatek MT6582 (28 nm),0.0
Oppo Mirror 5,Oppo,2015.0,220.0,5.0,160.0,2420.0,7.7,8.0,540.0,960.0,220.29071700822982,16.0,2.0,0.0,0.0,0.0,1.0,Qualcomm MSM8916 Snapdragon 410 (28 nm),0.0
Oppo R5s,Oppo,2015.0,200.0,5.2,155.0,2000.0,4.9,13.0,1080.0,1920.0,423.6359942465958,32.0,3.0,1.0,0.0,0.0,0.0,Qualcomm MSM8939 Snapdragon 615 (28 nm),0.0
Oppo R7 lite,Oppo,2015.0,250.0,5.0,147.0,2320.0,6.3,13.0,720.0,1280.0,293.7209560109731,16.0,2.0,1.0,0.0,0.0,1.0,Qualcomm MSM8939 Snapdragon 615 (28 nm),0.0
Oppo R7s,Oppo,2015.0,260.0,5.5,155.0,3070.0,7.0,13.0,1080.0,1920.0,400.52857637859967,32.0,4.0,1.0,0.0,0.0,1.0,Qualcomm MSM8939 Snapdragon 615 (28 nm),0.0
Oppo Neo 7,Oppo,2015.0,140.0,5.0,141.0,2420.0,7.6,8.0,540.0,960.0,220.29071700822982,16.0,1.0,0.0,0.0,0.0,1.0,"Mediatek MT6582 - 3G model
Qualcomm MSM8916 Snapdragon 410 (28 nm) - 4G model",0.0
Oppo A33 (2015),Oppo,2015.0,240.0,5.0,146.0,2400.0,7.6,8.0,540.0,960.0,220.29071700822982,16.0,2.0,0.0,0.0,0.0,1.0,Qualcomm MSM8916 Snapdragon 410 (28 nm),0.0
Oppo A53 (2015),Oppo,2015.0,200.0,5.5,165.0,3075.0,7.4,13.0,720.0,1280.0,267.0190509190665,16.0,2.0,0.0,0.0,1.0,1.0,Qualcomm MSM8939v2 Snapdragon 616 (28 nm),0.0
Oppo F1,Oppo,2016.0,230.0,5.0,134.0,2500.0,7.3,13.0,720.0,1280.0,293.7209560109731,16.0,3.0,0.0,0.0,0.0,1.0,Qualcomm MSM8939v2 Snapdragon 616 (28 nm),0.0
Oppo F1 Plus,Oppo,2016.0,350.0,5.5,145.0,2850.0,6.6,13.0,1080.0,1920.0,400.52857637859967,64.0,4.0,1.0,0.0,0.0,1.0,Mediatek MT6755 Helio P10 (28 nm),0.0
Oppo R9 Plus,Oppo,2016.0,550.0,6.0,185.0,4120.0,7.4,16.0,1080.0,1920.0,367.1511950137164,128.0,4.0,0.0,0.0,0.0,1.0,Qualcomm MSM8976 Snapdragon 652 (28 nm),0.0
Oppo A59,Oppo,2016.0,290.0,5.5,160.0,3075.0,7.4,13.0,720.0,1280.0,267.0190509190665,32.0,3.0,0.0,0.0,0.0,1.0,Mediatek MT6750 (28 nm),0.0
Oppo A37,Oppo,2016.0,220.0,5.0,136.0,2630.0,7.7,8.0,720.0,1280.0,293.7209560109731,16.0,2.0,0.0,0.0,0.0,1.0,Qualcomm MSM8916 Snapdragon 410 (28 nm),0.0
Oppo R9s,Oppo,2016.0,450.0,5.5,145.0,3010.0,6.6,16.0,1080.0,1920.0,400.52857637859967,64.0,4.0,1.0,0.0,0.0,1.0,Qualcomm MSM8953 Snapdragon 625 (14 nm),0.0
Oppo R9s Plus,Oppo,2016.0,570.0,6.0,185.0,4000.0,7.4,16.0,1080.0,1920.0,367.1511950137164,64.0,6.0,1.0,0.0,1.0,1.0,Qualcomm MSM8976 Pro Snapdragon 653 (28 nm),0.0
Oppo F1s,Oppo,2016.0,150.0,5.5,160.0,3075.0,7.4,13.0,720.0,1280.0,267.0190509190665,64.0,4.0,0.0,0.0,0.0,1.0,Mediatek MT6755 (28 nm) or MTK7650 (28 nm),0.0
Oppo A57 (2016),Oppo,2016.0,200.0,5.2,147.0,2900.0,7.7,13.0,720.0,1280.0,282.42399616439724,32.0,3.0,0.0,0.0,0.0,1.0,Qualcomm MSM8940 Snapdragon 435 (28 nm),0.0
Oppo F3 Plus,Oppo,2017.0,480.0,6.0,185.0,4000.0,7.4,16.0,1080.0,1920.0,367.1511950137164,64.0,6.0,0.0,0.0,0.0,1.0,Qualcomm MSM8976 Pro Snapdragon 653 (28 nm),0.0
Oppo F3,Oppo,2017.0,260.0,5.5,153.0,3200.0,7.3,13.0,1080.0,1920.0,400.52857637859967,64.0,4.0,0.0,0.0,0.0,1.0,Mediatek MT6750T (28 nm),0.0
Oppo A39,Oppo,2017.0,150.0,5.2,147.0,2900.0,7.7,13.0,720.0,1280.0,282.42399616439724,32.0,3.0,0.0,0.0,0.0,1.0,Mediatek MT6750 (28 nm),0.0
Oppo A77 (Mediatek),Oppo,2017.0,310.0,5.5,153.0,3200.0,7.3,13.0,1080.0,1920.0,400.52857637859967,64.0,4.0,0.0,0.0,0.0,1.0,Mediatek MT6750T (28 nm),0.0
Oppo R11,Oppo,2017.0,400.0,5.5,150.0,3000.0,6.8,16.0,1080.0,1920.0,400.52857637859967,128.0,6.0,1.0,0.0,0.0,1.0,Qualcomm SDM660 Snapdragon 660 (14 nm),0.0
Oppo R11 Plus,Oppo,2017.0,500.0,6.0,188.0,4000.0,7.8,16.0,1080.0,1920.0,367.1511950137164,64.0,6.0,0.0,0.0,0.0,1.0,Qualcomm SDM660 Snapdragon 660 (14 nm),0.0
Oppo A77 (2017),Oppo,2017.0,280.0,5.5,148.0,3200.0,7.4,13.0,1080.0,1920.0,400.52857637859967,64.0,4.0,0.0,0.0,0.0,1.0,Qualcomm MSM8953 Snapdragon 625 (14 nm),0.0
Oppo A71,Oppo,2017.0,180.0,5.2,137.0,3000.0,7.6,13.0,720.0,1280.0,282.42399616439724,16.0,3.0,0.0,0.0,0.0,1.0,Mediatek MT6750 (28 nm),0.0
Oppo R11s,Oppo,2017.0,450.0,6.01,153.0,3200.0,7.1,16.0,1080.0,2160.0,401.82253173041147,64.0,4.0,1.0,0.0,0.0,1.0,Qualcomm SDM660 Snapdragon 660 (14 nm),0.0
Oppo F5,Oppo,2017.0,320.0,6.0,152.0,3200.0,7.5,16.0,1080.0,2160.0,402.49223594996215,64.0,6.0,0.0,0.0,0.0,1.0,Mediatek MT6763T Helio P23 (16 nm),0.0
Oppo R11s Plus,Oppo,2017.0,580.0,6.43,182.0,4000.0,7.3,16.0,1080.0,2160.0,375.5759588957656,64.0,6.0,1.0,0.0,0.0,1.0,Qualcomm SDM660 Snapdragon 660 (14 nm),0.0
Oppo F5 Youth,Oppo,2017.0,280.0,6.0,152.0,3200.0,7.5,13.0,1080.0,2160.0,402.49223594996215,32.0,4.0,0.0,0.0,0.0,1.0,Mediatek MT6763T Helio P23 (16 nm),0.0
Oppo A83,Oppo,2018.0,200.0,5.7,143.0,3180.0,7.7,13.0,720.0,1440.0,282.45069189471025,64.0,4.0,0.0,0.0,0.0,1.0,Mediatek MT6763T Helio P23 (16 nm),0.0
Oppo A71 (2018),Oppo,2018.0,130.0,5.2,137.0,3000.0,7.6,13.0,720.0,1280.0,282.42399616439724,16.0,3.0,0.0,0.0,0.0,1.0,Qualcomm SDM450 Snapdragon 450 (14 nm),0.0
Oppo A1,Oppo,2018.0,150.0,5.7,143.0,3180.0,7.7,13.0,720.0,1440.0,282.45069189471025,64.0,4.0,0.0,0.0,0.0,1.0,Mediatek MT6763T Helio P23 (16 nm),0.0
Oppo R15,Oppo,2018.0,460.0,6.28,175.0,3450.0,7.4,16.0,1080.0,2280.0,401.7285867827128,128.0,8.0,1.0,0.0,0.0,1.0,Mediatek MT6771 Helio P60 (12 nm),0.0
Oppo R15 Pro,Oppo,2018.0,510.0,6.28,180.0,3430.0,8.0,16.0,1080.0,2280.0,401.7285867827128,128.0,6.0,1.0,0.0,1.0,1.0,Qualcomm SDM660 Snapdragon 660 (14 nm),0.0
Oppo F7,Oppo,2018.0,270.0,6.23,158.0,3400.0,7.8,16.0,1080.0,2280.0,404.95273274405076,128.0,6.0,0.0,0.0,0.0,1.0,Mediatek MT6771 Helio P60 (12 nm),0.0
Oppo A3,Oppo,2018.0,330.0,6.2,159.0,3400.0,7.8,16.0,1080.0,2280.0,406.91218145087686,128.0,4.0,0.0,0.0,0.0,1.0,Mediatek MT6771 Helio P60 (12 nm),0.0
Oppo F7 Youth,Oppo,2018.0,250.0,6.0,155.0,3410.0,7.8,13.0,1080.0,2160.0,402.49223594996215,64.0,4.0,0.0,0.0,0.0,1.0,Mediatek MT6771 Helio P60 (12 nm),0.0
Oppo Find X,Oppo,2018.0,459.08000000000004,6.42,186.0,3730.0,9.6,16.0,1080.0,2340.0,401.4342354189632,256.0,8.0,1.0,0.0,0.0,0.0,Qualcomm SDM845 Snapdragon 845 (10 nm),0.0
Oppo Find X Lamborghini,Oppo,2018.0,1350.0,6.42,186.0,3400.0,9.4,16.0,1080.0,2340.0,401.4342354189632,512.0,8.0,1.0,0.0,0.0,0.0,Qualcomm SDM845 Snapdragon 845 (10 nm),0.0
Oppo A5 (AX5),Oppo,2018.0,230.0,6.2,168.0,4230.0,8.2,13.0,720.0,1520.0,271.27478763391787,64.0,4.0,0.0,0.0,0.0,1.0,Qualcomm SDM450 Snapdragon 450 (14 nm),0.0
Oppo F9 (F9 Pro),Oppo,2018.0,290.0,6.3,169.0,3500.0,8.0,16.0,1080.0,2340.0,409.08060180789585,128.0,6.0,0.0,0.0,0.0,1.0,Mediatek MT6771 Helio P60 (12 nm),0.0
Oppo R17,Oppo,2018.0,460.0,6.4,182.0,3500.0,7.5,16.0,1080.0,2340.0,402.68871740464743,128.0,8.0,1.0,0.0,0.0,1.0,Qualcomm SDM670 Snapdragon 670 (10 nm),0.0
Oppo RX17 Pro,Oppo,2018.0,600.0,6.4,183.0,3700.0,7.9,12.0,1080.0,2340.0,402.68871740464743,128.0,8.0,1.0,0.0,1.0,0.0,Qualcomm SDM710 Snapdragon 710 (10 nm),0.0
Oppo A7x,Oppo,2018.0,270.0,6.3,169.0,3500.0,8.0,16.0,1080.0,2340.0,409.08060180789585,128.0,4.0,0.0,0.0,0.0,1.0,Mediatek MT6771 Helio P60 (12 nm),0.0
Oppo K1,Oppo,2018.0,210.0,6.4,156.0,3600.0,7.4,16.0,1080.0,2340.0,402.68871740464743,64.0,6.0,1.0,0.0,0.0,1.0,Qualcomm SDM660 Snapdragon 660 (14 nm),0.0
Oppo RX17 Neo,Oppo,2018.0,330.0,6.41,156.0,3600.0,7.4,16.0,1080.0,2340.0,402.0604978767151,128.0,4.0,1.0,0.0,0.0,1.0,Qualcomm SDM660 Snapdragon 660 (14 nm),0.0
Oppo R15x,Oppo,2018.0,350.0,6.4,156.0,3600.0,7.4,16.0,1080.0,2340.0,402.68871740464743,128.0,6.0,1.0,0.0,0.0,1.0,Qualcomm SDM660 Snapdragon 660 (14 nm),0.0
Oppo A7,Oppo,2018.0,270.0,6.2,168.0,4230.0,8.1,13.0,720.0,1520.0,271.27478763391787,64.0,4.0,0.0,0.0,0.0,1.0,Qualcomm SDM450 Snapdragon 450 (14 nm),0.0
Oppo F11 Pro,Oppo,2019.0,320.0,6.53,190.0,4000.0,8.8,48.0,1080.0,2340.0,394.6719435512624,128.0,6.0,0.0,0.0,0.0,1.0,Mediatek MT6771 Helio P70 (12nm),0.0
Oppo F11,Oppo,2019.0,250.0,6.53,188.0,4020.0,8.3,48.0,1080.0,2340.0,394.6719435512624,128.0,6.0,0.0,0.0,0.0,1.0,Mediatek MT6771 Helio P70 (12nm),0.0
Oppo A7n,Oppo,2019.0,200.0,6.2,170.0,4230.0,8.2,13.0,720.0,1520.0,271.27478763391787,64.0,4.0,0.0,0.0,1.0,1.0,Mediatek MT6765 Helio P35 (12nm),0.0
Oppo A1k,Oppo,2019.0,100.0,6.1,170.0,4000.0,8.4,8.0,720.0,1560.0,281.6620537037971,32.0,3.0,0.0,0.0,0.0,1.0,Mediatek MT6762 Helio P22 (12 nm),0.0
Oppo Reno,Oppo,2019.0,470.0,6.4,185.0,3765.0,9.0,48.0,1080.0,2340.0,402.68871740464743,256.0,8.0,1.0,0.0,1.0,1.0,Qualcomm SDM710 Snapdragon 710 (10 nm),0.0
Oppo Reno 10x zoom,Oppo,2019.0,1020.0,6.6,210.0,4065.0,9.3,48.0,1080.0,2340.0,390.48602899844605,256.0,12.0,1.0,0.0,1.0,0.0,Qualcomm SM8150 Snapdragon 855 (7 nm),0.0
Oppo Reno 5G,Oppo,2019.0,880.0,6.6,215.0,4065.0,9.3,48.0,1080.0,2340.0,390.48602899844605,256.0,8.0,1.0,1.0,1.0,0.0,Qualcomm SM8150 Snapdragon 855 (7 nm),0.0
Oppo A9,Oppo,2019.0,270.0,6.53,190.0,4020.0,8.3,16.0,1080.0,2340.0,394.6719435512624,128.0,8.0,0.0,0.0,1.0,1.0,Mediatek MT6771V Helio P70 (12nm),0.0
Oppo A9x,Oppo,2019.0,260.0,6.53,190.0,4020.0,8.3,48.0,1080.0,2340.0,394.6719435512624,128.0,6.0,0.0,0.0,1.0,1.0,Mediatek MT6771V Helio P70 (12nm),0.0
Oppo K3,Oppo,2019.0,210.0,6.5,191.0,3765.0,9.4,16.0,1080.0,2340.0,396.4935063676529,256.0,8.0,1.0,0.0,0.0,1.0,Qualcomm SDM710 Snapdragon 710 (10 nm),0.0
Oppo Reno Z,Oppo,2019.0,330.0,6.4,186.0,4035.0,9.1,48.0,1080.0,2340.0,402.68871740464743,256.0,8.0,1.0,0.0,1.0,1.0,Mediatek MT6779 Helio P90 (12 nm),0.0
Oppo Reno2 Z,Oppo,2019.0,330.0,6.53,195.0,4000.0,8.7,48.0,1080.0,2340.0,394.6719435512624,256.0,8.0,1.0,0.0,0.0,1.0,Mediatek MT6779 Helio P90 (12 nm),0.0
Oppo Reno2 F,Oppo,2019.0,340.0,6.5,195.0,4000.0,8.7,48.0,1080.0,2340.0,396.4935063676529,256.0,8.0,1.0,0.0,0.0,1.0,Mediatek MT6771V Helio P70 (12nm),0.0
Oppo Reno2,Oppo,2019.0,500.0,6.5,189.0,4000.0,9.5,48.0,1080.0,2400.0,404.89314829774725,256.0,8.0,1.0,0.0,1.0,1.0,Qualcomm SDM730 Snapdragon 730G (8 nm),0.0
Oppo A9 (2020),Oppo,2019.0,150.0,6.5,195.0,5000.0,9.1,48.0,720.0,1600.0,269.92876553183146,128.0,8.0,0.0,0.0,1.0,1.0,Qualcomm SDM665 Snapdragon 665 (11 nm),0.0
Oppo A5 (2020),Oppo,2019.0,170.0,6.5,195.0,5000.0,9.1,12.0,720.0,1600.0,269.92876553183146,128.0,4.0,0.0,0.0,1.0,1.0,Qualcomm SDM665 Snapdragon 665 (11 nm),0.0
Oppo Reno A,Oppo,2019.0,280.0,6.4,169.5,3600.0,7.8,16.0,1080.0,2340.0,402.68871740464743,128.0,6.0,1.0,0.0,1.0,1.0,Qualcomm SDM710 Snapdragon 710 (10 nm),0.0
Oppo Reno Ace,Oppo,2019.0,380.0,6.5,200.0,4000.0,8.7,48.0,1080.0,2400.0,404.89314829774725,256.0,12.0,1.0,0.0,1.0,1.0,Qualcomm SM8150 Snapdragon 855+ (7 nm),0.0
Oppo K5,Oppo,2019.0,240.0,6.4,182.0,4000.0,8.6,64.0,1080.0,2340.0,402.68871740464743,256.0,8.0,1.0,0.0,1.0,1.0,Qualcomm SDM730 Snapdragon 730G (8 nm),0.0
Oppo A11,Oppo,2019.0,200.0,6.5,195.0,5000.0,9.1,12.0,720.0,1600.0,269.92876553183146,256.0,6.0,0.0,0.0,0.0,1.0,Qualcomm SDM665 Snapdragon 665 (11 nm),0.0
Oppo A8,Oppo,2019.0,150.0,6.5,180.0,4230.0,8.3,12.0,720.0,1600.0,269.92876553183146,128.0,4.0,0.0,0.0,0.0,1.0,Mediatek MT6765V/CB Helio P35 (12nm),0.0
Oppo A91,Oppo,2019.0,200.0,6.4,172.0,4025.0,7.9,48.0,1080.0,2400.0,411.2196037398995,256.0,8.0,1.0,0.0,0.0,1.0,Mediatek MT6771V Helio P70 (12nm),0.0
Oppo Reno3 5G,Oppo,2019.0,440.0,6.4,181.0,4025.0,8.0,64.0,1080.0,2400.0,411.2196037398995,128.0,12.0,1.0,1.0,1.0,1.0,Mediatek MT6885Z Dimensity 1000L (7nm),0.0
Oppo Reno3 Youth,Oppo,2020.0,400.0,6.4,180.0,4025.0,8.0,48.0,1080.0,2400.0,411.2196037398995,128.0,8.0,1.0,1.0,1.0,1.0,Qualcomm SM7250 Snapdragon 765G 5G (7 nm),0.0
Oppo Reno3 Pro 5G,Oppo,2019.0,430.0,6.5,171.0,4025.0,7.7,48.0,1080.0,2400.0,404.89314829774725,256.0,12.0,1.0,1.0,1.0,0.0,Qualcomm SM7250 Snapdragon 765G 5G (7 nm),0.0
Oppo Reno3 Pro,Oppo,2020.0,540.0,6.4,175.0,4025.0,8.1,64.0,1080.0,2400.0,411.2196037398995,256.0,12.0,1.0,0.0,0.0,1.0,Mediatek MT6779V Helio P95 (12 nm),0.0
Oppo Find X2,Oppo,2020.0,1094.8,6.7,209.0,4200.0,8.0,48.0,1440.0,3168.0,519.3906328948115,256.0,12.0,1.0,1.0,1.0,0.0,Qualcomm SM8250 Snapdragon 865 5G (7 nm+),0.0
Oppo Find X2 Pro,Oppo,2020.0,463.0,6.7,217.0,4260.0,8.8,48.0,1440.0,3168.0,519.3906328948115,512.0,12.0,1.0,1.0,1.0,0.0,Qualcomm SM8250 Snapdragon 865 5G (7 nm+),0.0
Oppo Reno3,Oppo,2020.0,440.0,6.4,170.0,4025.0,7.9,48.0,1080.0,2400.0,411.2196037398995,128.0,8.0,1.0,0.0,1.0,1.0,Mediatek MT6779 Helio P90 (12 nm),0.0
Oppo A12e,Oppo,2020.0,120.0,6.2,168.0,4230.0,8.2,13.0,720.0,1520.0,271.27478763391787,64.0,3.0,0.0,0.0,0.0,1.0,Qualcomm SDM450 Snapdragon 450 (14 nm),0.0
Oppo Ace2,Oppo,2020.0,520.0,6.55,186.0,4000.0,8.6,48.0,1080.0,2400.0,401.8023609061614,256.0,12.0,1.0,1.0,1.0,0.0,Qualcomm SM8250 Snapdragon 865 5G (7 nm+),0.0
Oppo Find X2 Lite,Oppo,2020.0,489.99,6.4,180.0,4025.0,8.0,48.0,1080.0,2400.0,411.2196037398995,128.0,8.0,1.0,1.0,1.0,1.0,Qualcomm SM7250 Snapdragon 765G 5G (7 nm),0.0
Oppo K7 5G,Oppo,2020.0,240.0,6.4,180.0,4025.0,8.0,48.0,1080.0,2400.0,411.2196037398995,256.0,8.0,1.0,1.0,1.0,1.0,Qualcomm SM7250 Snapdragon 765G 5G (7 nm),0.0
Oppo A12,Oppo,2020.0,483.0,6.22,165.0,4230.0,8.3,13.0,720.0,1520.0,270.4025214357381,64.0,4.0,0.0,0.0,0.0,1.0,Mediatek MT6765 Helio P35 (12nm),0.0
Oppo A11k,Oppo,2020.0,100.0,6.22,165.0,4230.0,8.3,13.0,720.0,1520.0,270.4025214357381,32.0,2.0,0.0,0.0,0.0,1.0,Mediatek MT6765 Helio P35 (12nm),0.0
Oppo A72,Oppo,2020.0,270.0,6.5,192.0,5000.0,8.9,48.0,1080.0,2400.0,404.89314829774725,128.0,8.0,0.0,0.0,1.0,1.0,Qualcomm SM6125 Snapdragon 665 (11 nm),0.0
Oppo A92s,Oppo,2020.0,290.0,6.57,184.0,4000.0,8.1,48.0,1080.0,2400.0,400.5792182550011,256.0,8.0,0.0,1.0,1.0,1.0,MediaTek MT6873V Dimensity 800 (7 nm),0.0
Oppo Find X2 Neo,Oppo,2020.0,399.0,6.5,171.0,4025.0,7.7,48.0,1080.0,2400.0,404.89314829774725,256.0,12.0,1.0,1.0,1.0,0.0,Qualcomm SM7250 Snapdragon 765G 5G (7 nm),0.0
Oppo A92,Oppo,2020.0,250.0,6.5,192.0,5000.0,8.9,48.0,1080.0,2400.0,404.89314829774725,128.0,8.0,0.0,0.0,0.0,1.0,Qualcomm SM6125 Snapdragon 665 (11 nm),0.0
Oppo Reno4 5G,Oppo,2020.0,291.18,6.43,183.0,4000.0,7.8,48.0,1080.0,2400.0,409.3010052776606,256.0,8.0,1.0,1.0,1.0,0.0,Qualcomm SM7250 Snapdragon 765G 5G (7 nm),0.0
Oppo Reno4 Pro 5G,Oppo,2020.0,489.95,6.55,172.0,4000.0,7.6,48.0,1080.0,2400.0,401.8023609061614,256.0,12.0,1.0,1.0,1.0,0.0,Qualcomm SM7250 Snapdragon 765G 5G (7 nm),0.0
Oppo A12s,Oppo,2020.0,120.0,6.2,165.0,4230.0,8.3,13.0,720.0,1520.0,271.27478763391787,32.0,3.0,0.0,0.0,0.0,1.0,Mediatek MT6765 Helio P35 (12nm),0.0
Oppo A72 5G,Oppo,2020.0,230.0,6.5,175.0,4040.0,7.9,16.0,1080.0,2400.0,404.89314829774725,128.0,8.0,0.0,1.0,1.0,1.0,MediaTek MT6853V Dimensity 720 (7 nm),0.0
Oppo Reno4,Oppo,2020.0,330.0,6.4,165.0,4015.0,7.7,48.0,1080.0,2400.0,411.2196037398995,128.0,8.0,1.0,0.0,0.0,1.0,Qualcomm SM7125 Snapdragon 720G (8 nm),0.0
Oppo Reno4 Pro,Oppo,2020.0,390.0,6.5,161.0,4000.0,7.7,48.0,1080.0,2400.0,404.89314829774725,256.0,8.0,1.0,0.0,1.0,1.0,Qualcomm SM7125 Snapdragon 720G (8 nm),0.0
Oppo K7x,Oppo,2020.0,190.0,6.5,194.0,5000.0,9.1,48.0,1080.0,2400.0,404.89314829774725,256.0,8.0,0.0,1.0,0.0,1.0,MediaTek MT6853V Dimensity 720 (7 nm),0.0
Oppo A53,Oppo,2020.0,169.99,6.5,186.0,5000.0,8.4,13.0,720.0,1600.0,269.92876553183146,128.0,6.0,0.0,0.0,0.0,1.0,Qualcomm SM4250 Snapdragon 460 (11 nm),0.0
Oppo A32,Oppo,2020.0,150.0,6.5,186.0,5000.0,8.4,13.0,720.0,1600.0,269.92876553183146,128.0,8.0,0.0,0.0,0.0,1.0,Qualcomm SM4250 Snapdragon 460 (11 nm),0.0
Oppo F17,Oppo,2020.0,200.0,6.44,163.0,4015.0,7.5,16.0,1080.0,2400.0,408.66544471045916,128.0,8.0,1.0,0.0,0.0,1.0,Qualcomm SM6115 Snapdragon 662 (11 nm),0.0
Oppo F17 Pro,Oppo,2020.0,270.0,6.43,164.0,4015.0,7.5,48.0,1080.0,2400.0,409.3010052776606,128.0,8.0,1.0,0.0,0.0,1.0,Mediatek MT6779V Helio P95 (12 nm),0.0
Oppo Reno4 SE,Oppo,2020.0,320.0,6.43,169.0,4300.0,7.9,48.0,1080.0,2400.0,409.3010052776606,256.0,8.0,1.0,1.0,0.0,1.0,MediaTek MT6853V Dimensity 720 (7 nm),0.0
Oppo A33 (2020),Oppo,2020.0,130.0,6.5,186.0,5000.0,8.4,13.0,720.0,1600.0,269.92876553183146,32.0,4.0,0.0,0.0,0.0,1.0,Qualcomm SM4250 Snapdragon 460 (11 nm),0.0
Oppo Reno4 Lite,Oppo,2020.0,370.0,6.43,164.0,4015.0,7.4,48.0,1080.0,2400.0,409.3010052776606,128.0,8.0,1.0,0.0,1.0,1.0,Mediatek MT6779V Helio P95 (12 nm),0.0
Oppo Reno4 Z 5G,Oppo,2020.0,260.0,6.57,184.0,4000.0,8.1,48.0,1080.0,2400.0,400.5792182550011,128.0,8.0,0.0,1.0,1.0,1.0,MediaTek MT6873V Dimensity 800 (7 nm),0.0
Oppo A93,Oppo,2020.0,280.0,6.43,164.0,4000.0,7.5,48.0,1080.0,2400.0,409.3010052776606,128.0,8.0,1.0,0.0,0.0,1.0,Mediatek MT6779V Helio P95 (12 nm),0.0
Oppo A53s,Oppo,2020.0,249.0,6.5,186.0,5000.0,8.4,13.0,720.0,1600.0,269.92876553183146,128.0,4.0,0.0,0.0,1.0,1.0,Qualcomm SM4250 Snapdragon 460 (11 nm),0.0
Oppo A15,Oppo,2020.0,400.20000000000005,6.52,175.0,4230.0,7.9,13.0,720.0,1600.0,269.1007631835743,32.0,3.0,0.0,0.0,0.0,1.0,Mediatek MT6765 Helio P35 (12nm),0.0
Oppo Reno4 F,Oppo,2020.0,250.0,6.43,164.0,4000.0,7.5,48.0,1080.0,2400.0,409.3010052776606,128.0,8.0,1.0,0.0,0.0,1.0,Mediatek MT6779V Helio P95 (12 nm),0.0
Oppo A73 5G,Oppo,2020.0,240.0,6.5,177.0,4040.0,7.9,16.0,1080.0,2400.0,404.89314829774725,128.0,8.0,0.0,1.0,0.0,1.0,MediaTek MT6853V Dimensity 720 (7 nm),0.0
Oppo Reno5 5G,Oppo,2020.0,531.41,6.43,172.0,4300.0,7.9,64.0,1080.0,2400.0,409.3010052776606,256.0,12.0,1.0,1.0,1.0,1.0,Qualcomm SM7250 Snapdragon 765G 5G (7 nm),0.0
Oppo Reno5 Pro 5G,Oppo,2020.0,410.0,6.55,173.0,4350.0,7.6,64.0,1080.0,2400.0,401.8023609061614,256.0,12.0,1.0,1.0,1.0,0.0,Mediatek MT6889Z Dimensity 1000+ (7nm),0.0
Oppo A53 5G,Oppo,2020.0,160.0,6.5,175.0,4040.0,7.9,16.0,1080.0,2400.0,404.89314829774725,128.0,8.0,0.0,1.0,0.0,1.0,MediaTek MT6853V Dimensity 720 (7 nm),0.0
Oppo Reno5 Pro+ 5G,Oppo,2020.0,500.0,6.55,184.0,4500.0,8.0,50.0,1080.0,2400.0,401.8023609061614,256.0,12.0,1.0,1.0,1.0,0.0,Qualcomm SM8250 Snapdragon 865 5G (7 nm+),0.0
Oppo Reno5 4G,Oppo,2020.0,310.0,6.4,171.0,4310.0,7.7,64.0,1080.0,2400.0,411.2196037398995,128.0,8.0,1.0,0.0,1.0,1.0,Qualcomm SM7125 Snapdragon 720G (8 nm),0.0
Oppo A93 5G,Oppo,2021.0,260.0,6.5,188.0,5000.0,8.4,48.0,1080.0,2400.0,404.89314829774725,256.0,8.0,0.0,1.0,1.0,1.0,Qualcomm SM4350 Snapdragon 480 5G (8 nm),0.0
Oppo A93s 5G,Oppo,2021.0,260.0,6.5,188.0,5000.0,8.4,48.0,1080.0,2400.0,404.89314829774725,256.0,8.0,0.0,1.0,0.0,1.0,MediaTek MT6833 Dimensity 700 (7 nm),0.0
Oppo A55 5G,Oppo,2021.0,200.0,6.5,186.0,5000.0,8.4,13.0,720.0,1600.0,269.92876553183146,128.0,8.0,0.0,1.0,0.0,1.0,MediaTek MT6833 Dimensity 700 (7 nm),0.0
Oppo Reno5 K,Oppo,2021.0,370.0,6.43,172.0,4300.0,7.9,64.0,1080.0,2400.0,409.3010052776606,256.0,12.0,1.0,1.0,0.0,1.0,Qualcomm SM7225 Snapdragon 750G 5G (8 nm),0.0
Oppo Reno5 F,Oppo,2021.0,250.0,6.43,172.0,4310.0,7.8,48.0,1080.0,2400.0,409.3010052776606,128.0,8.0,1.0,0.0,0.0,1.0,Mediatek MT6779V Helio P95 (12 nm),0.0
Oppo A94,Oppo,2021.0,372.6,6.43,172.0,4310.0,7.8,48.0,1080.0,2400.0,409.3010052776606,128.0,8.0,1.0,0.0,0.0,1.0,Mediatek MT6779V Helio P95 (12 nm),0.0
Oppo Reno5 Lite,Oppo,2021.0,300.0,6.43,172.0,4310.0,7.8,48.0,1080.0,2400.0,409.3010052776606,128.0,8.0,1.0,0.0,1.0,1.0,Mediatek MT6779V Helio P95 (12 nm),0.0
Oppo Find X3 Lite,Oppo,2021.0,259.99,6.43,172.0,4300.0,7.9,64.0,1080.0,2400.0,409.3010052776606,128.0,8.0,1.0,1.0,1.0,1.0,Qualcomm SM7250 Snapdragon 765G 5G (7 nm),0.0
Oppo Find X3 Neo,Oppo,2021.0,429.99,6.55,184.0,4500.0,8.0,50.0,1080.0,2400.0,401.8023609061614,256.0,12.0,1.0,1.0,1.0,0.0,Qualcomm SM8250 Snapdragon 865 5G (7 nm+),0.0
Oppo Find X3,Oppo,2021.0,600.0,6.7,193.0,4500.0,8.3,50.0,1440.0,3216.0,525.9210168998101,256.0,8.0,1.0,1.0,1.0,0.0,Qualcomm SM8250-AC Snapdragon 870 5G (7 nm),0.0
Oppo Find X3 Pro,Oppo,2021.0,541.788,6.7,193.0,4500.0,8.3,50.0,1440.0,3216.0,525.9210168998101,512.0,16.0,1.0,1.0,1.0,0.0,Qualcomm SM8350 Snapdragon 888 5G (5 nm),0.0
Oppo A74,Oppo,2021.0,194.0924,6.43,175.0,5000.0,8.0,48.0,1080.0,2400.0,409.3010052776606,128.0,8.0,1.0,0.0,0.0,1.0,Qualcomm SM6115 Snapdragon 662 (11 nm),0.0
Oppo A74 5G,Oppo,2021.0,259.99,6.5,190.0,5000.0,8.4,48.0,1080.0,2400.0,404.89314829774725,128.0,8.0,0.0,1.0,1.0,1.0,Qualcomm SM4350 Snapdragon 480 5G (8 nm),0.0
Oppo A54 5G,Oppo,2021.0,210.53,6.5,190.0,5000.0,8.4,48.0,1080.0,2400.0,404.89314829774725,128.0,4.0,0.0,1.0,1.0,1.0,Qualcomm SM4350 Snapdragon 480 5G (8 nm),0.0
Oppo Reno5 Z,Oppo,2021.0,330.0,6.43,173.0,4310.0,7.8,48.0,1080.0,2400.0,409.3010052776606,128.0,8.0,1.0,1.0,1.0,1.0,MediaTek MT6853 Dimensity 800U (7 nm),0.0
Oppo A94 5G,Oppo,2021.0,306.07,6.43,173.0,4310.0,7.8,48.0,1080.0,2400.0,409.3010052776606,128.0,8.0,1.0,1.0,1.0,1.0,MediaTek MT6853 Dimensity 800U (7 nm),0.0
Oppo A53s 5G,Oppo,2021.0,170.0,6.52,189.6,5000.0,8.4,13.0,720.0,1600.0,269.1007631835743,128.0,8.0,0.0,1.0,0.0,1.0,MediaTek MT6833 Dimensity 700 (7 nm),0.0
Oppo K9,Oppo,2021.0,260.0,6.43,172.0,4300.0,7.9,64.0,1080.0,2400.0,409.3010052776606,256.0,8.0,1.0,1.0,0.0,1.0,Qualcomm SM7250-AC Snapdragon 768G 5G (7 nm),0.0
Oppo Reno6 5G,Oppo,2021.0,298.0,6.43,182.0,4300.0,7.6,64.0,1080.0,2400.0,409.3010052776606,256.0,12.0,1.0,1.0,1.0,0.0,MediaTek MT6877 Dimensity 900 (6 nm),0.0
Oppo Reno6 Pro 5G,Oppo,2021.0,301.41040000000004,6.55,177.0,4500.0,7.6,64.0,1080.0,2400.0,401.8023609061614,256.0,12.0,1.0,1.0,1.0,0.0,MediaTek MT6893 Dimensity 1200 (6 nm),0.0
Oppo Reno6 Pro+ 5G,Oppo,2021.0,520.0,6.55,188.0,4500.0,8.0,50.0,1080.0,2400.0,401.8023609061614,256.0,12.0,1.0,1.0,1.0,0.0,Qualcomm SM8250-AC Snapdragon 870 5G (7 nm),0.0
Oppo A16,Oppo,2021.0,116.5,6.52,190.0,5000.0,8.4,13.0,720.0,1600.0,269.1007631835743,256.0,4.0,0.0,0.0,0.0,1.0,MediaTek MT6765G Helio G35 (12 nm),0.0
Oppo A16s,Oppo,2021.0,153.9,6.52,190.0,5000.0,8.4,13.0,720.0,1600.0,269.1007631835743,64.0,4.0,0.0,0.0,1.0,1.0,MediaTek MT6765G Helio G35 (12 nm),0.0
Oppo Reno6 Z,Oppo,2021.0,350.0,6.4,173.0,4310.0,7.9,64.0,1080.0,2400.0,411.2196037398995,256.0,8.0,1.0,1.0,1.0,1.0,MediaTek MT6853 Dimensity 800U (7 nm),0.0
Oppo Reno6 Pro 5G (Snapdragon),Oppo,2021.0,397.99,6.55,188.0,4500.0,8.0,50.0,1080.0,2400.0,401.8023609061614,256.0,12.0,1.0,1.0,1.0,0.0,Qualcomm SM8250-AC Snapdragon 870 5G (7 nm),0.0
Oppo K9 Pro,Oppo,2021.0,360.0,6.43,180.0,4500.0,8.5,64.0,1080.0,2400.0,409.3010052776606,256.0,12.0,1.0,1.0,1.0,1.0,MediaTek MT6893 Dimensity 1200 (6 nm),0.0
Oppo A56 5G,Oppo,2021.0,220.0,6.5,189.5,5000.0,8.4,13.0,720.0,1600.0,269.92876553183146,128.0,6.0,0.0,1.0,0.0,1.0,MediaTek MT6833 Dimensity 700 (7 nm),0.0
Oppo A54s,Oppo,2021.0,157.99,6.52,190.0,5000.0,8.4,50.0,720.0,1600.0,269.1007631835743,128.0,8.0,0.0,0.0,1.0,1.0,MediaTek MT6765G Helio G35 (12 nm),0.0
Oppo A16K,Oppo,2021.0,106.1864,6.52,175.0,4230.0,7.9,13.0,720.0,1600.0,269.1007631835743,128.0,8.0,0.0,0.0,0.0,1.0,MediaTek MT6765G Helio G35 (12 nm),0.0
Oppo A95,Oppo,2021.0,230.0,6.43,175.0,5000.0,8.0,48.0,1080.0,2400.0,409.3010052776606,256.0,8.0,1.0,0.0,0.0,1.0,Qualcomm SM6115 Snapdragon 662 (11 nm),0.0
Oppo Reno7 SE 5G,Oppo,2021.0,310.0,6.43,171.0,4500.0,7.5,48.0,1080.0,2400.0,409.3010052776606,256.0,8.0,1.0,1.0,0.0,0.0,MediaTek MT6877 Dimensity 900 (6 nm),0.0
Oppo Reno7 5G (China),Oppo,2021.0,380.0,6.43,185.0,4500.0,7.6,64.0,1080.0,2400.0,409.3010052776606,256.0,12.0,1.0,1.0,1.0,0.0,Qualcomm SM7325 Snapdragon 778G 5G (6 nm),0.0
Oppo Reno7 Pro 5G,Oppo,2021.0,418.98640000000006,6.55,180.0,4500.0,7.5,50.0,1080.0,2400.0,401.8023609061614,256.0,12.0,1.0,1.0,1.0,0.0,MediaTek Dimensity 1200 Max,0.0
Oppo Find N,Oppo,2021.0,1070.0,7.1,275.0,4500.0,8.0,50.0,1792.0,1920.0,369.90710136217587,512.0,12.0,1.0,1.0,1.0,0.0,Qualcomm SM8350 Snapdragon 888 5G (5 nm),0.0
Oppo K9x,Oppo,2021.0,190.0,6.49,194.0,5000.0,8.8,64.0,1080.0,2400.0,405.5170206371891,256.0,8.0,0.0,1.0,0.0,1.0,MediaTek MT6833P Dimensity 810 (6 nm),0.0
Oppo A11s,Oppo,2021.0,140.0,6.5,186.0,5000.0,8.4,13.0,720.0,1600.0,269.92876553183146,128.0,8.0,0.0,0.0,0.0,1.0,Qualcomm SM4250 Snapdragon 460 (11 nm),0.0
Oppo A36,Oppo,2022.0,220.0,6.56,185.0,5000.0,8.4,13.0,720.0,1612.0,269.1291008656963,256.0,8.0,0.0,0.0,0.0,1.0,Qualcomm SM6225 Snapdragon 680 4G (6 nm),0.0
Oppo A96 (China),Oppo,2022.0,280.0,6.43,171.0,4500.0,7.5,48.0,1080.0,2400.0,409.3010052776606,256.0,12.0,1.0,1.0,0.0,1.0,Qualcomm SM6375 Snapdragon 695 5G (6 nm),0.0
Oppo Reno6 Lite,Oppo,2022.0,380.0,6.43,175.0,5000.0,8.0,48.0,1080.0,2400.0,409.3010052776606,128.0,6.0,1.0,0.0,0.0,1.0,Qualcomm SM6115 Snapdragon 662 (11 nm),0.0
Oppo A76,Oppo,2022.0,183.99,6.56,189.0,5000.0,8.4,13.0,720.0,1612.0,269.1291008656963,128.0,6.0,0.0,0.0,0.0,1.0,Qualcomm SM6225 Snapdragon 680 4G (6 nm),0.0
Oppo Find X5 Lite,Oppo,2022.0,349.0,6.43,173.0,4500.0,7.8,64.0,1080.0,2400.0,409.3010052776606,256.0,8.0,1.0,1.0,1.0,1.0,MediaTek MT6877 Dimensity 900 (6 nm),0.0
Oppo Find X5,Oppo,2022.0,687.49,6.55,196.0,4800.0,8.7,50.0,1080.0,2400.0,401.8023609061614,256.0,12.0,1.0,1.0,1.0,0.0,Qualcomm SM8350 Snapdragon 888 5G (5 nm),0.0
Oppo Find X5 Pro,Oppo,2022.0,955.0,6.7,218.0,5000.0,8.5,50.0,1440.0,3216.0,525.9210168998101,512.0,12.0,1.0,1.0,1.0,0.0,"Qualcomm SM8450 Snapdragon 8 Gen 1 (4 nm) - Global
MediaTek Dimensity 9000 (4 nm) - China",0.0
Oppo Reno7 Z 5G,Oppo,2022.0,350.0,6.43,173.0,4500.0,7.5,64.0,1080.0,2400.0,409.3010052776606,128.0,8.0,1.0,1.0,1.0,1.0,Qualcomm SM6375 Snapdragon 695 5G (6 nm),0.0
Oppo A96,Oppo,2022.0,260.35,6.59,191.0,5000.0,8.4,50.0,1080.0,2412.0,401.0247511261829,256.0,8.0,0.0,0.0,0.0,1.0,Qualcomm SM6225 Snapdragon 680 4G (6 nm),0.0
Oppo Reno7,Oppo,2022.0,288.3464,6.43,175.0,4500.0,7.5,64.0,1080.0,2400.0,409.3010052776606,256.0,8.0,1.0,0.0,1.0,1.0,Qualcomm SM6225 Snapdragon 680 4G (6 nm),0.0
Oppo F21 Pro,Oppo,2022.0,280.0,6.43,175.0,4500.0,7.5,64.0,1080.0,2400.0,409.3010052776606,128.0,8.0,1.0,0.0,0.0,1.0,Qualcomm SM6225 Snapdragon 680 4G (6 nm),0.0
Oppo Reno7 Lite,Oppo,2022.0,350.0,6.43,173.0,4500.0,7.5,64.0,1080.0,2400.0,409.3010052776606,256.0,8.0,1.0,1.0,1.0,1.0,Qualcomm SM6375 Snapdragon 695 5G (6 nm),0.0
Oppo A57,Oppo,2022.0,200.0,6.56,186.0,5000.0,8.0,13.0,720.0,1612.0,269.1291008656963,128.0,8.0,0.0,1.0,0.0,1.0,MediaTek MT6833P Dimensity 810 (6 nm),0.0
Oppo A55s,Oppo,2022.0,160.0,6.5,186.0,5000.0,8.4,13.0,720.0,1600.0,269.92876553183146,128.0,8.0,0.0,1.0,0.0,1.0,MediaTek MT6833 Dimensity 700 (7 nm),0.0
Oppo K10 5G (China),Oppo,2022.0,290.0,6.59,205.0,5000.0,8.7,64.0,1080.0,2412.0,401.0247511261829,256.0,12.0,0.0,1.0,1.0,1.0,MediaTek Dimensity 8000 Max,0.0
Oppo K10 Pro,Oppo,2022.0,360.0,6.62,199.0,5000.0,8.6,50.0,1080.0,2400.0,397.5536954585132,256.0,12.0,1.0,1.0,1.0,0.0,Qualcomm SM8350 Snapdragon 888 5G (5 nm),0.0
Oppo Reno8 (China),Oppo,2022.0,350.0,6.43,179.0,4500.0,7.7,50.0,1080.0,2400.0,409.3010052776606,256.0,12.0,1.0,1.0,1.0,0.0,MediaTek Dimensity 1300 (6 nm),0.0
Oppo Reno8 Pro (China),Oppo,2022.0,420.0,6.62,188.0,4500.0,7.6,50.0,1080.0,2400.0,397.5536954585132,256.0,12.0,1.0,1.0,1.0,0.0,Qualcomm Snapdragon 7 Gen 1 (4 nm),0.0
Oppo Reno8 Pro+,Oppo,2022.0,520.0,6.7,183.0,4500.0,7.3,50.0,1080.0,2412.0,394.44076267485747,256.0,12.0,1.0,1.0,1.0,0.0,MediaTek Dimensity 8100-Max (5 nm),0.0
Oppo A57 4G,Oppo,2022.0,219.88,6.56,187.0,5000.0,8.0,13.0,720.0,1612.0,269.1291008656963,128.0,4.0,0.0,0.0,0.0,1.0,MediaTek MT6765G Helio G35 (12 nm),0.0
Oppo A77,Oppo,2022.0,184.96,6.56,190.0,5000.0,8.0,48.0,720.0,1612.0,269.1291008656963,128.0,6.0,0.0,1.0,1.0,1.0,MediaTek MT6833P Dimensity 810 (6 nm),0.0
Oppo Reno8,Oppo,2022.0,337.98,6.4,179.0,4500.0,7.7,50.0,1080.0,2400.0,411.2196037398995,256.0,8.0,1.0,1.0,1.0,0.0,MediaTek Dimensity 1300 (6 nm),0.0
Oppo Reno8 Pro,Oppo,2022.0,677.65,6.7,183.0,4500.0,7.3,50.0,1080.0,2412.0,394.44076267485747,256.0,12.0,1.0,1.0,1.0,0.0,MediaTek Dimensity 8100-Max (5 nm),0.0
Oppo A77 4G,Oppo,2022.0,200.0,6.56,187.0,5000.0,8.0,50.0,720.0,1612.0,269.1291008656963,128.0,4.0,0.0,0.0,1.0,1.0,MediaTek MT6765G Helio G35 (12 nm),0.0
Oppo Reno8 Z,Oppo,2022.0,350.0,6.43,181.0,4500.0,7.7,64.0,1080.0,2400.0,409.3010052776606,256.0,8.0,1.0,1.0,1.0,1.0,Qualcomm SM6375 Snapdragon 695 5G (6 nm),0.0
Oppo Reno8 4G,Oppo,2022.0,330.0,6.43,182.0,4500.0,7.7,64.0,1080.0,2400.0,409.3010052776606,256.0,8.0,1.0,0.0,1.0,1.0,Qualcomm SM6225 Snapdragon 680 4G (6 nm),0.0
Oppo A57e,Oppo,2022.0,180.0,6.56,187.0,5000.0,8.0,13.0,720.0,1612.0,269.1291008656963,64.0,4.0,0.0,0.0,0.0,1.0,MediaTek MT6765G Helio G35 (12 nm),0.0
Oppo K10x,Oppo,2022.0,210.0,6.59,195.0,5000.0,8.5,64.0,1080.0,2412.0,401.0247511261829,256.0,12.0,0.0,1.0,0.0,1.0,Qualcomm SM6375 Snapdragon 695 5G (6 nm),0.0
Oppo A17,Oppo,2022.0,181.55,6.56,189.0,5000.0,8.3,50.0,720.0,1612.0,269.1291008656963,64.0,4.0,0.0,0.0,0.0,1.0,MediaTek MT6765 Helio G35 (12 nm),0.0
Oppo A77s,Oppo,2022.0,220.0,6.56,187.0,5000.0,8.0,50.0,720.0,1612.0,269.1291008656963,128.0,8.0,0.0,0.0,1.0,1.0,Qualcomm SM6225 Snapdragon 680 4G (6 nm),0.0
Oppo A17k,Oppo,2022.0,130.0,6.56,189.0,5000.0,8.3,8.0,720.0,1612.0,269.1291008656963,64.0,3.0,0.0,0.0,0.0,1.0,MediaTek MT6765 Helio G35 (12 nm),0.0
Oppo A58,Oppo,2022.0,230.0,6.56,188.0,5000.0,8.0,50.0,720.0,1612.0,269.1291008656963,256.0,8.0,0.0,1.0,0.0,1.0,MediaTek MT6833 Dimensity 700 (7 nm),0.0
Oppo A1 Pro,Oppo,2022.0,293.48,6.7,171.0,4800.0,7.7,108.0,1080.0,2412.0,394.44076267485747,256.0,12.0,1.0,1.0,1.0,0.0,Qualcomm SM6375 Snapdragon 695 5G (6 nm),0.0
Oppo Reno9,Oppo,2022.0,367.08000000000004,6.7,174.0,4500.0,7.2,64.0,1080.0,2412.0,394.44076267485747,512.0,12.0,1.0,1.0,1.0,0.0,Qualcomm SM7325 Snapdragon 778G 5G (6 nm),0.0
Oppo Reno9 Pro,Oppo,2022.0,470.0,6.7,174.0,4500.0,7.2,50.0,1080.0,2412.0,394.44076267485747,512.0,16.0,1.0,1.0,1.0,0.0,MediaTek Dimensity 8100-Max (5 nm),0.0
Oppo Reno9 Pro+,Oppo,2022.0,597.08,6.7,192.0,4700.0,8.0,50.0,1080.0,2412.0,394.44076267485747,512.0,16.0,1.0,1.0,1.0,0.0,Qualcomm SM8475 Snapdragon 8+ Gen 1 (4 nm),0.0
Oppo A58x,Oppo,2022.0,180.0,6.56,186.0,5000.0,8.0,13.0,720.0,1612.0,269.1291008656963,128.0,8.0,0.0,1.0,0.0,1.0,MediaTek MT6833 Dimensity 700 (7 nm),0.0
Oppo Find N2,Oppo,2022.0,1100.0,7.1,233.0,4520.0,7.4,50.0,1792.0,1920.0,369.90710136217587,512.0,16.0,1.0,1.0,1.0,0.0,Qualcomm SM8475 Snapdragon 8+ Gen 1 (4 nm),0.0
Oppo Find N2 Flip,Oppo,2022.0,800.0,6.8,191.0,4300.0,7.5,50.0,1080.0,2520.0,403.187987957501,512.0,16.0,1.0,1.0,1.0,0.0,MediaTek Dimensity 9000+ (4 nm),0.0
OnePlus 2,OnePlus,2015.0,300.0,5.5,175.0,3300.0,9.9,13.0,1080.0,1920.0,400.52857637859967,64.0,4.0,0.0,0.0,0.0,1.0,Qualcomm MSM8994 Snapdragon 810 (20 nm),0.0
OnePlus X,OnePlus,2015.0,270.0,5.0,138.0,2525.0,6.9,13.0,1080.0,1920.0,440.58143401645964,16.0,3.0,1.0,0.0,0.0,1.0,Qualcomm Snapdragon 801 (28 nm),0.0
OnePlus 3,OnePlus,2016.0,400.0,5.5,158.0,3000.0,7.4,16.0,1080.0,1920.0,400.52857637859967,64.0,6.0,1.0,0.0,1.0,1.0,Qualcomm MSM8996 Snapdragon 820 (14 nm),0.0
OnePlus 3T,OnePlus,2016.0,440.0,5.5,158.0,3400.0,7.4,16.0,1080.0,1920.0,400.52857637859967,128.0,6.0,1.0,0.0,1.0,1.0,Qualcomm MSM8996 Snapdragon 821 (14 nm),0.0
OnePlus 5,OnePlus,2017.0,500.0,5.5,153.0,3300.0,7.3,16.0,1080.0,1920.0,400.52857637859967,128.0,8.0,1.0,0.0,1.0,1.0,Qualcomm MSM8998 Snapdragon 835 (10 nm),0.0
OnePlus 5T,OnePlus,2017.0,840.0,6.01,162.0,3300.0,7.3,16.0,1080.0,2160.0,401.82253173041147,128.0,8.0,1.0,0.0,1.0,1.0,Qualcomm MSM8998 Snapdragon 835 (10 nm),0.0
OnePlus 6,OnePlus,2018.0,410.0,6.28,177.0,3300.0,7.8,16.0,1080.0,2280.0,401.7285867827128,256.0,8.0,1.0,0.0,1.0,1.0,Qualcomm SDM845 Snapdragon 845 (10 nm),0.0
OnePlus 6T,OnePlus,2018.0,430.0,6.41,185.0,3700.0,8.2,16.0,1080.0,2340.0,402.0604978767151,256.0,8.0,1.0,0.0,1.0,0.0,Qualcomm SDM845 Snapdragon 845 (10 nm),0.0
OnePlus 6T McLaren,OnePlus,2018.0,700.0,6.41,185.0,3700.0,8.2,16.0,1080.0,2340.0,402.0604978767151,256.0,10.0,1.0,0.0,1.0,0.0,Qualcomm SDM845 Snapdragon 845 (10 nm),0.0
OnePlus 7,OnePlus,2019.0,400.0,6.41,182.0,3700.0,8.2,48.0,1080.0,2340.0,402.0604978767151,256.0,12.0,1.0,0.0,1.0,0.0,Qualcomm SM8150 Snapdragon 855 (7 nm),0.0
OnePlus 7 Pro,OnePlus,2019.0,590.0,6.67,206.0,4000.0,8.8,48.0,1440.0,3120.0,515.1839662948013,256.0,12.0,1.0,0.0,1.0,0.0,Qualcomm SM8150 Snapdragon 855 (7 nm),0.0
OnePlus 7 Pro 5G,OnePlus,2019.0,800.0,6.67,206.0,4000.0,8.8,48.0,1440.0,3120.0,515.1839662948013,256.0,12.0,1.0,1.0,1.0,0.0,Qualcomm SM8150 Snapdragon 855 (7 nm),0.0
OnePlus 7T,OnePlus,2019.0,645.52,6.55,190.0,3800.0,8.1,48.0,1080.0,2400.0,401.8023609061614,256.0,8.0,1.0,0.0,1.0,0.0,Qualcomm SM8150 Snapdragon 855+ (7 nm),0.0
OnePlus 7T Pro,OnePlus,2019.0,1030.0,6.67,206.0,4085.0,8.8,48.0,1440.0,3120.0,515.1839662948013,256.0,12.0,1.0,0.0,1.0,0.0,Qualcomm SM8150 Snapdragon 855+ (7 nm),0.0
OnePlus 7T Pro 5G McLaren,OnePlus,2019.0,800.0,6.67,206.0,4085.0,8.8,48.0,1440.0,3120.0,515.1839662948013,256.0,12.0,1.0,1.0,1.0,0.0,Qualcomm SM8150 Snapdragon 855+ (7 nm),0.0
OnePlus 8 5G (T-Mobile),OnePlus,2020.0,650.0,6.55,180.0,4300.0,8.0,48.0,1080.0,2400.0,401.8023609061614,128.0,8.0,1.0,1.0,1.0,0.0,Qualcomm SM8250 Snapdragon 865 5G (7 nm+),0.0
OnePlus 8 5G UW (Verizon),OnePlus,2020.0,740.0,6.55,180.0,4300.0,8.0,48.0,1080.0,2400.0,401.8023609061614,128.0,8.0,1.0,1.0,1.0,0.0,Qualcomm SM8250 Snapdragon 865 5G (7 nm+),0.0
OnePlus 8,OnePlus,2020.0,367.99080000000004,6.55,180.0,4300.0,8.0,48.0,1080.0,2400.0,401.8023609061614,256.0,12.0,1.0,1.0,1.0,0.0,Qualcomm SM8250 Snapdragon 865 5G (7 nm+),0.0
OnePlus 8 Pro,OnePlus,2020.0,464.0,6.78,199.0,4510.0,8.5,48.0,1440.0,3168.0,513.2621298518048,256.0,12.0,1.0,1.0,1.0,0.0,Qualcomm SM8250 Snapdragon 865 5G (7 nm+),0.0
OnePlus Nord,OnePlus,2020.0,349.99,6.44,184.0,4115.0,8.2,48.0,1080.0,2400.0,408.66544471045916,256.0,12.0,1.0,1.0,1.0,0.0,Qualcomm SM7250 Snapdragon 765G 5G (7 nm),0.0
OnePlus 8T,OnePlus,2020.0,452.86,6.55,188.0,4500.0,8.4,48.0,1080.0,2400.0,401.8023609061614,256.0,12.0,1.0,1.0,1.0,0.0,Qualcomm SM8250 Snapdragon 865 5G (7 nm+),0.0
OnePlus Nord N100,OnePlus,2020.0,115.0,6.52,188.0,5000.0,8.5,13.0,720.0,1600.0,269.1007631835743,64.0,4.0,0.0,0.0,0.0,1.0,Qualcomm SM4250 Snapdragon 460 (11 nm),0.0
OnePlus Nord N10 5G,OnePlus,2020.0,114.034,6.49,190.0,4300.0,9.0,64.0,1080.0,2400.0,405.5170206371891,128.0,6.0,0.0,1.0,1.0,1.0,Qualcomm SM6350 Snapdragon 690 5G (8 nm),0.0
OnePlus 9R,OnePlus,2021.0,361.2748,6.55,189.0,4500.0,8.4,48.0,1080.0,2400.0,401.8023609061614,256.0,12.0,1.0,1.0,1.0,0.0,Qualcomm SM8250-AC Snapdragon 870 5G (7 nm),0.0
OnePlus 9,OnePlus,2021.0,395.0,6.55,192.0,4500.0,8.7,48.0,1080.0,2400.0,401.8023609061614,256.0,12.0,1.0,1.0,1.0,0.0,Qualcomm SM8350 Snapdragon 888 5G (5 nm),0.0
OnePlus 9 Pro,OnePlus,2021.0,619.81,6.7,197.0,4500.0,8.7,48.0,1440.0,3216.0,525.9210168998101,256.0,12.0,1.0,1.0,1.0,0.0,Qualcomm SM8350 Snapdragon 888 5G (5 nm),0.0
OnePlus Nord CE 5G,OnePlus,2021.0,269.22,6.43,170.0,4500.0,7.9,64.0,1080.0,2400.0,409.3010052776606,256.0,12.0,1.0,1.0,1.0,1.0,Qualcomm SM7225 Snapdragon 750G 5G (8 nm),0.0
OnePlus Nord N200 5G,OnePlus,2021.0,119.59080000000002,6.49,189.0,5000.0,8.3,13.0,1080.0,2400.0,405.5170206371891,64.0,4.0,0.0,1.0,1.0,1.0,Qualcomm SM4350 Snapdragon 480 5G (8 nm),0.0
OnePlus Nord 2 5G,OnePlus,2021.0,340.67,6.43,189.0,4500.0,8.3,50.0,1080.0,2400.0,409.3010052776606,256.0,12.0,1.0,1.0,1.0,0.0,MediaTek MT6893 Dimensity 1200 (6 nm),0.0
OnePlus 9RT 5G,OnePlus,2021.0,353.6664,6.62,198.5,4500.0,8.3,50.0,1080.0,2400.0,397.5536954585132,256.0,12.0,1.0,1.0,1.0,0.0,Qualcomm SM8350 Snapdragon 888 5G (5 nm),0.0
OnePlus Nord CE 2 5G,OnePlus,2022.0,249.0,6.43,173.0,4500.0,7.8,64.0,1080.0,2400.0,409.3010052776606,128.0,8.0,1.0,1.0,1.0,1.0,MediaTek MT6877 Dimensity 900 (6 nm),0.0
OnePlus 10 Pro,OnePlus,2022.0,799.99,6.7,201.0,5000.0,8.6,48.0,1440.0,3216.0,525.9210168998101,512.0,12.0,1.0,1.0,1.0,0.0,Qualcomm SM8450 Snapdragon 8 Gen 1 (4 nm),0.0
OnePlus Ace,OnePlus,2022.0,360.0,6.7,186.0,4500.0,8.2,50.0,1080.0,2412.0,394.44076267485747,512.0,12.0,1.0,1.0,1.0,0.0,MediaTek Dimensity 8100-Max (5 nm),0.0
OnePlus Nord CE 2 Lite 5G,OnePlus,2022.0,211.1,6.59,195.0,5000.0,8.5,64.0,1080.0,2412.0,401.0247511261829,128.0,8.0,0.0,1.0,1.0,1.0,Qualcomm SM6375 Snapdragon 695 5G (6 nm),0.0
OnePlus 10R 150W,OnePlus,2022.0,311.88,6.7,186.0,4500.0,8.2,50.0,1080.0,2412.0,394.44076267485747,256.0,12.0,1.0,1.0,1.0,0.0,MediaTek Dimensity 8100-Max (5 nm),0.0
OnePlus Nord N20 5G,OnePlus,2022.0,257.5908,6.43,173.0,4500.0,7.5,64.0,1080.0,2400.0,409.3010052776606,128.0,6.0,1.0,1.0,1.0,1.0,Qualcomm SM6375 Snapdragon 695 5G (6 nm),0.0
OnePlus Ace Racing,OnePlus,2022.0,280.0,6.59,205.0,5000.0,8.7,64.0,1080.0,2412.0,401.0247511261829,256.0,12.0,0.0,1.0,1.0,1.0,MediaTek Dimensity 8100-Max (5 nm),0.0
OnePlus Nord 2T,OnePlus,2022.0,418.46,6.43,190.0,4500.0,8.2,50.0,1080.0,2400.0,409.3010052776606,256.0,12.0,1.0,1.0,1.0,0.0,MediaTek Dimensity 1300,0.0
OnePlus 10T,OnePlus,2022.0,679.76,6.7,204.0,4800.0,8.8,50.0,1080.0,2412.0,394.44076267485747,256.0,16.0,1.0,1.0,1.0,0.0,Qualcomm SM8475 Snapdragon 8+ Gen 1 (4 nm),0.0
OnePlus Nord N20 SE,OnePlus,2022.0,131.5324,6.56,187.0,5000.0,8.0,50.0,720.0,1612.0,269.1291008656963,64.0,4.0,0.0,0.0,0.0,1.0,MediaTek MT6765G Helio G35 (12 nm),0.0
OnePlus Ace Pro,OnePlus,2022.0,500.0,6.7,203.5,4800.0,8.8,50.0,1080.0,2412.0,394.44076267485747,512.0,16.0,1.0,1.0,1.0,0.0,Qualcomm SM8475 Snapdragon 8+ Gen 1 (4 nm),0.0
OnePlus Nord N300,OnePlus,2022.0,230.0,6.56,190.0,5000.0,8.0,48.0,720.0,1612.0,269.1291008656963,64.0,4.0,0.0,1.0,1.0,1.0,MediaTek MT6833P Dimensity 810 (6 nm),0.0
Nvidia Shield K1,Nvidia,2015.0,200.0,8.0,356.0,5200.0,9.2,5.0,1920.0,1200.0,283.0194339616981,16.0,2.0,0.0,0.0,0.0,1.0,Nvidia Tegra K1,0.0
Nothing Phone (1),Nothing,2022.0,399.0,6.55,193.5,4500.0,8.3,50.0,1080.0,2400.0,401.8023609061614,256.0,12.0,1.0,1.0,1.0,0.0,Qualcomm SM7325-AE Snapdragon 778G+ 5G (6 nm),0.0
Nokia G,Nokia,2021.0,140.0,6.38,180.0,4000.0,8.7,48.0,720.0,1560.0,269.3007096541007,64.0,4.0,0.0,0.0,1.0,1.0,Qualcomm SM4250 Snapdragon 460 (11 nm),0.0
Nokia 6,Nokia,2017.0,400.0,5.5,169.0,3000.0,7.9,16.0,1080.0,1920.0,400.52857637859967,64.0,4.0,0.0,0.0,1.0,1.0,Qualcomm MSM8937 Snapdragon 430 (28 nm),0.0
Nokia 5,Nokia,2017.0,170.0,5.2,160.0,3000.0,8.0,13.0,720.0,1280.0,282.42399616439724,16.0,3.0,0.0,0.0,1.0,1.0,Qualcomm MSM8937 Snapdragon 430 (28 nm),0.0
Nokia 3,Nokia,2017.0,100.0,5.0,140.0,2630.0,8.5,8.0,720.0,1280.0,293.7209560109731,16.0,2.0,0.0,0.0,1.0,1.0,Mediatek MT6737 (28 nm),0.0
Nokia 8,Nokia,2017.0,300.0,5.3,160.0,3090.0,7.9,13.0,1440.0,2560.0,554.190483039572,128.0,6.0,0.0,0.0,1.0,1.0,Qualcomm MSM8998 Snapdragon 835 (10 nm),0.0
Nokia 7,Nokia,2017.0,220.0,5.2,153.0,3000.0,7.9,16.0,1080.0,1920.0,423.6359942465958,64.0,6.0,0.0,0.0,1.0,1.0,Qualcomm SDM630 Snapdragon 630 (14 nm),0.0
Nokia 2,Nokia,2017.0,110.0,5.0,161.0,4100.0,9.3,8.0,720.0,1280.0,293.7209560109731,8.0,1.0,0.0,0.0,0.0,1.0,Qualcomm MSM8909v2 Snapdragon 212 (28 nm),0.0
Nokia 1,Nokia,2018.0,100.0,4.5,131.0,2150.0,9.5,5.0,480.0,854.0,217.70021294442822,8.0,1.0,0.0,0.0,0.0,1.0,Mediatek MT6737M (28 nm),0.0
Nokia 6.1,Nokia,2018.0,220.0,5.5,172.0,3000.0,8.2,16.0,1080.0,1920.0,400.52857637859967,64.0,4.0,0.0,0.0,1.0,1.0,Qualcomm SDM630 Snapdragon 630 (14 nm),0.0
Nokia 7 plus,Nokia,2018.0,490.0,6.0,183.0,3800.0,8.0,12.0,1080.0,2160.0,402.49223594996215,64.0,6.0,0.0,0.0,1.0,1.0,Qualcomm SDM660 Snapdragon 660 (14 nm),0.0
Nokia 8 Sirocco,Nokia,2018.0,1010.0,5.5,177.0,3260.0,7.5,12.0,1440.0,2560.0,534.038101838133,128.0,6.0,1.0,0.0,1.0,0.0,Qualcomm MSM8998 Snapdragon 835 (10 nm),0.0
Nokia 2.1,Nokia,2018.0,348.68,5.5,174.0,4000.0,9.7,8.0,720.0,1280.0,267.0190509190665,8.0,1.0,0.0,0.0,0.0,1.0,Qualcomm MSM8917 Snapdragon 425 (28 nm),0.0
Nokia 3.1,Nokia,2018.0,200.0,5.2,138.3,2990.0,8.7,13.0,720.0,1440.0,309.60941226920164,32.0,3.0,0.0,0.0,1.0,1.0,Mediatek MT6750 (28 nm),0.0
Nokia 5.1,Nokia,2018.0,240.0,5.5,150.0,2970.0,8.3,16.0,1080.0,2160.0,439.0824392181405,32.0,3.0,0.0,0.0,1.0,1.0,MediaTek Helio P18,0.0
Nokia 5.1 Plus (Nokia X5),Nokia,2018.0,190.0,5.86,160.0,3060.0,8.1,13.0,720.0,1520.0,287.01428043179027,64.0,6.0,0.0,0.0,0.0,1.0,Mediatek MT6771 Helio P60 (12 nm),0.0
Nokia 6.1 Plus (Nokia X6),Nokia,2018.0,160.0,5.8,151.0,3060.0,8.0,16.0,1080.0,2280.0,434.9750905164546,64.0,6.0,0.0,0.0,0.0,1.0,Qualcomm SDM636 Snapdragon 636 (14 nm),0.0
Nokia 7.1,Nokia,2018.0,240.0,5.84,160.0,3060.0,8.0,12.0,1080.0,2280.0,431.99580907456107,64.0,4.0,0.0,0.0,1.0,1.0,Qualcomm SDM636 Snapdragon 636 (14 nm),0.0
Nokia 3.1 Plus,Nokia,2018.0,120.0,6.0,180.0,3500.0,8.2,13.0,720.0,1440.0,268.32815729997475,32.0,3.0,0.0,0.0,1.0,1.0,"Mediatek MT6762 Helio P22 (12 nm) - Global
Qualcomm SDM439 Snapdragon 439 (12 nm) - USA",0.0
Nokia 8.1 (Nokia X7),Nokia,2018.0,390.0,6.18,180.0,3500.0,8.0,12.0,1080.0,2280.0,408.2290493520124,128.0,6.0,0.0,0.0,1.0,1.0,Qualcomm SDM710 Snapdragon 710 (10 nm),0.0
Nokia 1 Plus,Nokia,2019.0,80.0,5.45,138.4,2500.0,8.6,8.0,480.0,960.0,196.9380971008989,16.0,3.0,0.0,0.0,0.0,1.0,Mediatek MT6739WW (28 nm),0.0
Nokia 3.2,Nokia,2019.0,140.0,6.26,181.0,4000.0,8.6,13.0,720.0,1520.0,268.6747097971711,64.0,3.0,0.0,0.0,0.0,1.0,Qualcomm SDM429 Snapdragon 429 (12 nm),0.0
Nokia 3 V,Nokia,2020.0,140.0,6.26,188.6,4000.0,9.1,13.0,720.0,1520.0,268.6747097971711,16.0,2.0,0.0,0.0,0.0,1.0,Qualcomm SDM429 Snapdragon 429 (12 nm),0.0
Nokia 4.2,Nokia,2019.0,130.0,5.71,161.0,3000.0,8.4,13.0,720.0,1520.0,294.55406012789683,32.0,3.0,0.0,0.0,1.0,1.0,Qualcomm SDM439 Snapdragon 439 (12 nm),0.0
Nokia 9 PureView,Nokia,2019.0,210.0,5.99,172.0,3320.0,8.0,12.0,1440.0,2880.0,537.5522349916022,128.0,6.0,1.0,0.0,1.0,0.0,Qualcomm SDM845 Snapdragon 845 (10 nm),0.0
Nokia X71,Nokia,2019.0,290.0,6.39,180.0,3500.0,8.0,48.0,1080.0,2316.0,399.9118243530421,128.0,6.0,0.0,0.0,0.0,1.0,Qualcomm SDM660 Snapdragon 660 (14 nm),0.0
Nokia 2.2,Nokia,2019.0,100.0,5.71,153.0,3000.0,9.3,13.0,720.0,1520.0,294.55406012789683,32.0,3.0,0.0,0.0,0.0,1.0,Mediatek MT6761 Helio A22 (12 nm),0.0
Nokia 6.2,Nokia,2019.0,180.0,6.3,180.0,3500.0,8.3,16.0,1080.0,2280.0,400.4532579357836,128.0,4.0,0.0,0.0,1.0,1.0,Qualcomm SDM636 Snapdragon 636 (14 nm),0.0
Nokia 7.2,Nokia,2019.0,279.99,6.3,180.0,3500.0,8.3,48.0,1080.0,2280.0,400.4532579357836,128.0,6.0,0.0,0.0,1.0,1.0,Qualcomm SDM660 Snapdragon 660 (14 nm),0.0
Nokia 2.3,Nokia,2019.0,120.0,6.2,183.0,4000.0,8.7,13.0,720.0,1520.0,271.27478763391787,32.0,2.0,0.0,0.0,0.0,1.0,Mediatek MT6761 Helio A22 (12 nm),0.0
Nokia C1,Nokia,2019.0,50.0,5.45,155.0,2500.0,8.7,5.0,480.0,960.0,196.9380971008989,16.0,1.0,0.0,0.0,0.0,1.0,,0.0
Nokia 1.3,Nokia,2020.0,170.0,5.71,155.0,3000.0,9.4,8.0,720.0,1520.0,294.55406012789683,16.0,1.0,0.0,0.0,0.0,1.0,Qualcomm QM215 Snapdragon 215 (28 nm),0.0
Nokia 5.3,Nokia,2020.0,290.0,6.55,185.0,4000.0,8.5,13.0,720.0,1600.0,267.8682406041076,128.0,6.0,0.0,0.0,1.0,1.0,Qualcomm SM6125 Snapdragon 665 (11 nm),0.0
Nokia 8.3 5G,Nokia,2020.0,470.0,6.81,220.0,4500.0,9.0,64.0,1080.0,2400.0,386.46188897729184,128.0,8.0,0.0,1.0,1.0,1.0,Qualcomm SM7250 Snapdragon 765G 5G (7 nm),0.0
Nokia C2 Tava,Nokia,2020.0,100.0,5.45,180.0,3000.0,9.1,8.0,720.0,1440.0,295.40714565134834,32.0,2.0,0.0,0.0,0.0,1.0,Mediatek MT6761 Helio A22 (16 nm),0.0
Nokia C2 Tennen,Nokia,2020.0,60.0,5.45,180.0,3000.0,9.1,8.0,720.0,1440.0,295.40714565134834,32.0,2.0,0.0,0.0,0.0,1.0,Mediatek MT6761 Helio A22 (16 nm),0.0
Nokia C5 Endi,Nokia,2020.0,150.0,6.52,200.0,4000.0,8.9,13.0,720.0,1600.0,269.1007631835743,64.0,3.0,0.0,0.0,0.0,1.0,Mediatek MT6762 Helio P22 (12 nm),0.0
Nokia C3,Nokia,2020.0,130.0,5.99,184.5,3040.0,8.7,8.0,720.0,1440.0,268.7761174958011,32.0,3.0,0.0,0.0,0.0,1.0,Unisoc SC9863A (28nm),0.0
Nokia 2.4,Nokia,2020.0,240.0,6.5,195.0,4500.0,8.7,13.0,720.0,1600.0,269.92876553183146,64.0,3.0,0.0,0.0,0.0,1.0,Mediatek MT6762 Helio P22 (12 nm),0.0
Nokia 3.4,Nokia,2020.0,249.9,6.39,180.0,4000.0,8.7,13.0,720.0,1560.0,268.8792687939221,64.0,4.0,0.0,0.0,1.0,1.0,Qualcomm SM4250 Snapdragon 460 (11 nm),0.0
Nokia 2 V Tella,Nokia,2020.0,140.0,5.45,180.0,3000.0,9.1,8.0,720.0,1440.0,295.40714565134834,16.0,2.0,0.0,0.0,0.0,1.0,Mediatek MT6761 Helio A22 (16 nm),0.0
Nokia 8 V 5G UW,Nokia,2020.0,590.0,6.81,230.0,4500.0,9.0,64.0,1080.0,2400.0,386.46188897729184,64.0,6.0,0.0,1.0,1.0,1.0,Qualcomm SM7250 Snapdragon 765G 5G (7 nm),0.0
Nokia C1 Plus,Nokia,2020.0,70.0,5.45,146.0,2500.0,8.8,5.0,720.0,1440.0,295.40714565134834,16.0,1.0,0.0,0.0,0.0,1.0,,0.0
Nokia 5.4,Nokia,2020.0,220.0,6.39,181.0,4000.0,8.7,48.0,720.0,1560.0,268.8792687939221,128.0,6.0,0.0,0.0,1.0,1.0,Qualcomm SM6115 Snapdragon 662 (11 nm),0.0
Nokia 1.4,Nokia,2021.0,253.99,6.52,178.0,4000.0,8.7,8.0,720.0,1600.0,269.1007631835743,64.0,3.0,0.0,0.0,0.0,1.0,Qualcomm QM215 Snapdragon 215 (28 nm),0.0
Nokia C10,Nokia,2021.0,80.0,6.52,191.0,3000.0,8.8,5.0,720.0,1600.0,269.1007631835743,32.0,2.0,0.0,0.0,0.0,1.0,Unisoc SC7331E (28nm),0.0
Nokia C20,Nokia,2021.0,82.8736,6.52,191.0,3000.0,8.8,5.0,720.0,1600.0,269.1007631835743,32.0,2.0,0.0,0.0,0.0,1.0,Unisoc SC9863A (28nm),0.0
Nokia G10,Nokia,2021.0,114.85,6.52,194.0,5050.0,9.2,13.0,720.0,1600.0,269.1007631835743,64.0,4.0,0.0,0.0,0.0,1.0,MediaTek MT6762G Helio G25 (12 nm),0.0
Nokia G20,Nokia,2021.0,160.57,6.52,197.0,5050.0,9.2,48.0,720.0,1600.0,269.1007631835743,128.0,4.0,0.0,0.0,1.0,1.0,MediaTek MT6765G Helio G35 (12 nm),0.0
Nokia X10,Nokia,2021.0,192.94,6.67,210.0,4470.0,9.1,48.0,1080.0,2400.0,394.57353282389164,128.0,6.0,0.0,1.0,1.0,1.0,Qualcomm SM4350 Snapdragon 480 5G (8 nm),0.0
Nokia X20,Nokia,2021.0,297.79,6.67,220.0,4470.0,9.1,64.0,1080.0,2400.0,394.57353282389164,128.0,8.0,0.0,1.0,1.0,1.0,Qualcomm SM4350 Snapdragon 480 5G (8 nm),0.0
Nokia C01 Plus,Nokia,2021.0,82.48,5.45,157.0,3000.0,9.3,5.0,720.0,1440.0,295.40714565134834,32.0,2.0,0.0,0.0,0.0,1.0,Unisoc SC9863A (28nm),0.0
Nokia C20 Plus,Nokia,2021.0,90.0,6.5,204.7,4950.0,9.4,8.0,720.0,1600.0,269.92876553183146,32.0,3.0,0.0,0.0,0.0,1.0,Unisoc SC9863A (28nm),0.0
Nokia C1 2nd Edition,Nokia,2021.0,50.0,5.45,154.0,2500.0,9.3,5.0,720.0,1440.0,295.40714565134834,16.0,1.0,0.0,0.0,0.0,1.0,Unisoc SC7731e,0.0
Nokia C30,Nokia,2021.0,100.0,6.82,237.0,6000.0,9.9,13.0,720.0,1600.0,257.2634862106898,64.0,3.0,0.0,0.0,0.0,1.0,Unisoc SC9863A (28nm),0.0
Nokia XR20,Nokia,2021.0,362.89,6.67,248.0,4630.0,10.6,48.0,1080.0,2400.0,394.57353282389164,128.0,6.0,0.0,1.0,1.0,1.0,Qualcomm SM4350 Snapdragon 480 5G (8 nm),0.0
Nokia G50,Nokia,2021.0,214.34,6.82,220.0,5000.0,8.9,48.0,720.0,1560.0,251.92647032157802,128.0,6.0,0.0,1.0,1.0,1.0,Qualcomm SM4350 Snapdragon 480 5G (8 nm),0.0
Nokia G300,Nokia,2021.0,91.8896,6.52,210.1,4470.0,9.3,16.0,720.0,1600.0,269.1007631835743,64.0,4.0,0.0,1.0,1.0,1.0,Qualcomm SM4350 Snapdragon 480 5G (8 nm),0.0
Nokia X100,Nokia,2021.0,220.0,6.67,217.0,4470.0,9.1,48.0,1080.0,2400.0,394.57353282389164,128.0,6.0,0.0,1.0,1.0,1.0,Qualcomm SM4350 Snapdragon 480 5G (8 nm),0.0
Nokia G21,Nokia,2022.0,147.99,6.5,190.0,5050.0,8.5,50.0,720.0,1600.0,269.92876553183146,128.0,6.0,0.0,0.0,1.0,1.0,Unisoc T606 (12 nm),0.0
Nokia G11,Nokia,2022.0,134.99,6.5,189.0,5050.0,8.5,13.0,720.0,1600.0,269.92876553183146,64.0,4.0,0.0,0.0,1.0,1.0,Unisoc T606 (12 nm),0.0
Nokia C2 2nd Edition,Nokia,2022.0,240.0,5.7,180.0,2400.0,10.0,5.0,480.0,960.0,188.30046126314016,32.0,2.0,0.0,0.0,0.0,1.0,,0.0
Nokia C21,Nokia,2022.0,136.64,6.52,195.0,3000.0,8.8,8.0,720.0,1600.0,269.1007631835743,64.0,3.0,0.0,0.0,0.0,1.0,Unisoc SC9863A (28nm),0.0
Nokia C21 Plus,Nokia,2022.0,131.35,6.52,178.0,5050.0,8.6,13.0,720.0,1600.0,269.1007631835743,64.0,4.0,0.0,0.0,0.0,1.0,Unisoc SC9863A (28nm),0.0
Nokia C200,Nokia,2022.0,55.1908,6.09,172.5,4000.0,8.8,13.0,720.0,1560.0,282.1245529709626,32.0,3.0,0.0,0.0,0.0,1.0,Mediatek MT6761 Helio A22 (12 nm),0.0
Nokia G11 Plus,Nokia,2022.0,132.99,6.52,192.0,5000.0,8.6,50.0,720.0,1600.0,269.1007631835743,64.0,4.0,0.0,0.0,0.0,1.0,Unisoc T606 (12 nm),0.0
Nokia T10,Nokia,2022.0,160.0,8.0,375.0,5250.0,9.0,8.0,800.0,1280.0,188.67962264113208,64.0,4.0,0.0,0.0,0.0,1.0,Unisoc T606 (12 nm),0.0
Nokia G400,Nokia,2022.0,110.4,6.58,198.0,5000.0,8.8,48.0,1080.0,2408.0,401.07946472241093,64.0,4.0,0.0,1.0,1.0,1.0,Qualcomm SM4350-AC Snapdragon 480+ 5G (8 nm),0.0
Nokia C31,Nokia,2022.0,109.48,6.75,200.0,5050.0,8.6,13.0,720.0,1600.0,259.93140384546734,128.0,4.0,0.0,0.0,0.0,1.0,Unisoc SC9863A (28nm),0.0
Nokia G60,Nokia,2022.0,315.33,6.58,190.0,4500.0,8.6,50.0,1080.0,2408.0,401.07946472241093,128.0,6.0,0.0,1.0,1.0,1.0,Qualcomm SM6375 Snapdragon 695 5G (6 nm),0.0
Nokia X30,Nokia,2022.0,339.82,6.43,185.0,4200.0,8.0,50.0,1080.0,2400.0,409.3010052776606,256.0,8.0,1.0,1.0,1.0,0.0,Qualcomm SM6375 Snapdragon 695 5G (6 nm),0.0
Motorola Moto G 4G Dual SIM (2nd gen),Motorola,2015.0,240.0,5.0,155.0,2390.0,11.0,8.0,720.0,1280.0,293.7209560109731,16.0,1.0,0.0,0.0,0.0,1.0,Qualcomm MSM8926 Snapdragon 400 (28 nm),0.0
Motorola Moto G 4G (2nd gen),Motorola,2015.0,210.0,5.0,155.0,2390.0,11.0,8.0,720.0,1280.0,293.7209560109731,8.0,1.0,0.0,0.0,0.0,1.0,Qualcomm MSM8926 Snapdragon 400 (28 nm),0.0
Motorola Moto E (2nd gen),Motorola,2015.0,130.0,4.5,145.0,2390.0,12.3,5.0,540.0,960.0,244.76746334247758,8.0,1.0,0.0,0.0,0.0,1.0,"Qualcomm Snapdragon 200 (28 nm) - 3G model
Qualcomm Snapdragon 410 (28 nm) - LTE model",0.0
Motorola Moto E Dual SIM (2nd gen),Motorola,2015.0,100.0,4.5,145.0,2390.0,12.3,5.0,540.0,960.0,244.76746334247758,8.0,1.0,0.0,0.0,0.0,1.0,"Qualcomm Snapdragon 200 (28 nm) - 3G model
Qualcomm Snapdragon 410 (28 nm) - LTE model",0.0
Motorola Moto G (3rd gen),Motorola,2015.0,170.0,5.0,155.0,2470.0,11.6,13.0,720.0,1280.0,293.7209560109731,16.0,2.0,0.0,0.0,0.0,1.0,Qualcomm MSM8916 Snapdragon 410 (28 nm),0.0
Motorola Moto G Dual SIM (3rd gen),Motorola,2015.0,170.0,5.0,155.0,2470.0,11.6,13.0,720.0,1280.0,293.7209560109731,16.0,2.0,0.0,0.0,0.0,1.0,Qualcomm MSM8916 Snapdragon 410 (28 nm),0.0
Motorola Moto X Play,Motorola,2015.0,240.0,5.5,169.0,3630.0,10.9,21.0,1080.0,1920.0,400.52857637859967,32.0,2.0,0.0,0.0,1.0,1.0,Qualcomm MSM8939 Snapdragon 615 (28 nm),0.0
Motorola Moto X Play Dual SIM,Motorola,2015.0,250.0,5.5,169.0,3630.0,10.9,21.0,1080.0,1920.0,400.52857637859967,32.0,2.0,0.0,0.0,1.0,1.0,Qualcomm MSM8939 Snapdragon 615 (28 nm),0.0
Motorola Moto X Style,Motorola,2015.0,260.0,5.7,179.0,3000.0,11.1,21.0,1440.0,2560.0,515.2999228262686,64.0,3.0,0.0,0.0,1.0,1.0,Qualcomm MSM8992 Snapdragon 808 (20 nm),0.0
Motorola Droid Maxx 2,Motorola,2015.0,300.0,5.5,169.0,3630.0,10.9,21.0,1080.0,1920.0,400.52857637859967,16.0,2.0,0.0,0.0,1.0,1.0,Qualcomm MSM8939 Snapdragon 615 (28 nm),0.0
Motorola Droid Turbo 2,Motorola,2015.0,330.0,5.4,170.1,3760.0,9.2,21.0,1440.0,2560.0,543.9276963166169,64.0,3.0,1.0,0.0,1.0,1.0,Qualcomm MSM8994 Snapdragon 810 (20 nm),0.0
Motorola Moto X Force,Motorola,2015.0,280.0,5.4,169.0,3760.0,9.2,21.0,1440.0,2560.0,543.9276963166169,64.0,3.0,1.0,0.0,1.0,1.0,Qualcomm MSM8994 Snapdragon 810 (20 nm),0.0
Motorola Moto G Turbo,Motorola,2015.0,280.0,5.0,155.0,2470.0,11.6,13.0,720.0,1280.0,293.7209560109731,16.0,2.0,0.0,0.0,0.0,1.0,Qualcomm MSM8939 Snapdragon 615 (28 nm),0.0
Motorola Moto G4 Play,Motorola,2016.0,130.0,5.0,137.0,2800.0,9.9,8.0,720.0,1280.0,293.7209560109731,16.0,2.0,0.0,0.0,1.0,1.0,Qualcomm MSM8916 Snapdragon 410 (28 nm),0.0
Motorola Moto G4,Motorola,2016.0,130.0,5.5,155.0,3000.0,9.8,13.0,1080.0,1920.0,400.52857637859967,32.0,2.0,0.0,0.0,0.0,1.0,Qualcomm MSM8952 Snapdragon 617 (28 nm),0.0
Motorola Moto G4 Plus,Motorola,2016.0,160.0,5.5,155.0,3000.0,9.8,16.0,1080.0,1920.0,400.52857637859967,64.0,4.0,0.0,0.0,0.0,1.0,Qualcomm MSM8952 Snapdragon 617 (28 nm),0.0
Motorola Moto Z,Motorola,2016.0,220.0,5.5,136.0,2600.0,5.2,13.0,1440.0,2560.0,534.038101838133,64.0,4.0,1.0,0.0,1.0,0.0,Qualcomm MSM8996 Snapdragon 820 (14 nm),0.0
Motorola Moto Z Force,Motorola,2016.0,270.0,5.5,163.0,3500.0,7.0,21.0,1440.0,2560.0,534.038101838133,64.0,4.0,1.0,0.0,1.0,0.0,Qualcomm MSM8996 Snapdragon 820 (14 nm),0.0
Motorola Moto E3,Motorola,2016.0,100.0,5.0,140.6,2800.0,8.5,8.0,720.0,1280.0,293.7209560109731,8.0,1.0,0.0,0.0,0.0,1.0,Mediatek MT6735P (28 nm),0.0
Motorola Moto Z Play,Motorola,2016.0,220.0,5.5,165.0,3510.0,7.0,16.0,1080.0,1920.0,400.52857637859967,32.0,3.0,1.0,0.0,1.0,1.0,Qualcomm MSM8953 Snapdragon 625 (14 nm),0.0
Motorola Moto E3 Power,Motorola,2016.0,130.0,5.0,153.5,3500.0,9.6,8.0,720.0,1280.0,293.7209560109731,16.0,2.0,0.0,0.0,0.0,1.0,Mediatek MT6735P (28 nm),0.0
Motorola Moto M,Motorola,2016.0,190.0,5.5,163.0,3050.0,7.9,16.0,1080.0,1920.0,400.52857637859967,64.0,4.0,0.0,0.0,0.0,1.0,"Mediatek Helio P10
Mediatek Helio P15 - India",0.0
Motorola Moto G5,Motorola,2017.0,150.0,5.0,145.0,2800.0,9.5,13.0,1080.0,1920.0,440.58143401645964,32.0,3.0,0.0,0.0,0.0,1.0,Qualcomm MSM8937 Snapdragon 430 (28 nm),0.0
Motorola Moto G5 Plus,Motorola,2017.0,240.0,5.2,155.0,3000.0,7.7,12.0,1080.0,1920.0,423.6359942465958,64.0,4.0,0.0,0.0,1.0,1.0,Qualcomm MSM8953 Snapdragon 625 (14 nm),0.0
Motorola Moto C,Motorola,2017.0,100.0,5.0,154.0,2350.0,9.0,5.0,480.0,854.0,195.93019164998537,16.0,1.0,0.0,0.0,0.0,1.0,Mediatek MT6737M (28 nm),0.0
Motorola Moto C Plus,Motorola,2017.0,120.0,5.0,162.0,4000.0,10.0,8.0,720.0,1280.0,293.7209560109731,16.0,2.0,0.0,0.0,0.0,1.0,Mediatek MT6737 (28 nm),0.0
Motorola Moto Z2 Play,Motorola,2017.0,230.0,5.5,145.0,3000.0,6.0,12.0,1080.0,1920.0,400.52857637859967,64.0,4.0,1.0,0.0,1.0,1.0,Qualcomm MSM8953-Pro Snapdragon 626 (14 nm),0.0
Motorola Moto E4 (USA),Motorola,2017.0,90.0,5.0,150.0,2800.0,9.3,8.0,720.0,1280.0,293.7209560109731,16.0,2.0,0.0,0.0,0.0,1.0,Qualcomm MSM8917 Snapdragon 425 (28 nm) (28 nm) or Qualcomm MSM8920 Snapdragon 427 (28 nm),0.0
Motorola Moto E4,Motorola,2017.0,150.0,5.0,151.0,2800.0,9.3,8.0,720.0,1280.0,293.7209560109731,16.0,2.0,0.0,0.0,1.0,1.0,Mediatek MT6737 (28 nm),0.0
Motorola Moto E4 Plus (USA),Motorola,2017.0,120.0,5.5,181.0,5000.0,9.6,13.0,720.0,1280.0,267.0190509190665,32.0,2.0,0.0,0.0,0.0,1.0,Qualcomm MSM8920 Snapdragon 427 (28 nm),0.0
Motorola Moto E4 Plus,Motorola,2017.0,110.0,5.5,198.0,5000.0,9.6,13.0,720.0,1280.0,267.0190509190665,32.0,3.0,0.0,0.0,1.0,1.0,Mediatek MT6737 (28 nm),0.0
Motorola Moto Z2 Force,Motorola,2017.0,320.0,5.5,143.0,2730.0,6.1,12.0,1440.0,2560.0,534.038101838133,128.0,6.0,1.0,0.0,1.0,0.0,Qualcomm MSM8998 Snapdragon 835 (10 nm),0.0
Motorola Moto G5S,Motorola,2017.0,150.0,5.2,157.0,3000.0,9.5,16.0,1080.0,1920.0,423.6359942465958,32.0,4.0,0.0,0.0,1.0,1.0,Qualcomm MSM8937 Snapdragon 430 (28 nm),0.0
Motorola Moto G5S Plus,Motorola,2017.0,160.0,5.5,168.0,3000.0,8.0,13.0,1080.0,1920.0,400.52857637859967,64.0,4.0,0.0,0.0,1.0,1.0,Qualcomm MSM8953 Snapdragon 625 (14 nm),0.0
Motorola Moto X4,Motorola,2017.0,200.0,5.2,163.0,3000.0,8.0,12.0,1080.0,1920.0,423.6359942465958,64.0,6.0,0.0,0.0,1.0,1.0,Qualcomm SDM630 Snapdragon 630 (14 nm),0.0
Motorola Moto G6,Motorola,2018.0,200.0,5.7,167.0,3000.0,8.3,12.0,1080.0,2160.0,423.6760378420654,64.0,4.0,0.0,0.0,1.0,1.0,Qualcomm SDM450 Snapdragon 450 (14 nm),0.0
Motorola Moto G6 Plus,Motorola,2018.0,190.0,5.9,167.0,3200.0,8.0,12.0,1080.0,2160.0,409.3141382541988,128.0,6.0,0.0,0.0,1.0,1.0,Qualcomm SDM630 Snapdragon 630 (14 nm),0.0
Motorola Moto G6 Play,Motorola,2018.0,150.0,5.7,175.0,4000.0,9.0,13.0,720.0,1440.0,282.45069189471025,32.0,3.0,0.0,0.0,1.0,1.0,"Qualcomm MSM8937 Snapdragon 430 (28 nm)
Qualcomm MSM8920 Snapdragon 427 (28 nm) - USA",0.0
Motorola P30,Motorola,2018.0,280.0,6.2,170.0,3000.0,7.7,16.0,1080.0,2246.0,401.96305502702575,128.0,6.0,0.0,0.0,0.0,1.0,Qualcomm SDM636 Snapdragon 636 (14 nm),0.0
Motorola Moto E5,Motorola,2018.0,150.0,5.7,174.0,4000.0,9.0,13.0,720.0,1440.0,282.45069189471025,32.0,2.0,0.0,0.0,1.0,1.0,Qualcomm MSM8917 Snapdragon 425 (28 nm),0.0
Motorola Moto E5 Plus,Motorola,2018.0,170.0,6.0,196.6,5000.0,9.4,12.0,720.0,1440.0,268.32815729997475,32.0,3.0,0.0,0.0,0.0,1.0,Qualcomm MSM8917 Snapdragon 425 (28 nm),0.0
Motorola Moto E5 Play,Motorola,2018.0,80.0,5.2,150.0,2800.0,9.0,8.0,720.0,1280.0,282.42399616439724,16.0,2.0,0.0,0.0,0.0,1.0,"Qualcomm MSM8917 Snapdragon 425 (28 nm)
Qualcomm MSM8920 Snapdragon 427 (28 nm)",0.0
Motorola Moto E5 Play Go,Motorola,2018.0,70.0,5.2,150.3,2800.0,,8.0,480.0,960.0,206.4062748461344,16.0,1.0,0.0,0.0,0.0,1.0,Qualcomm MSM8917 Snapdragon 425 (28 nm),0.0
Motorola Moto E5 Cruise,Motorola,2018.0,40.0,5.2,150.0,2800.0,9.0,8.0,720.0,1280.0,282.42399616439724,16.0,2.0,0.0,0.0,0.0,1.0,Qualcomm MSM8920 Snapdragon 427 (28 nm),0.0
Motorola Moto Z3 Play,Motorola,2018.0,400.0,6.01,156.0,3000.0,6.8,12.0,1080.0,2160.0,401.82253173041147,128.0,6.0,1.0,0.0,1.0,0.0,Qualcomm SDM636 Snapdragon 636 (14 nm),0.0
Motorola Moto Z3,Motorola,2018.0,250.0,6.01,156.0,3000.0,6.8,12.0,1080.0,2160.0,401.82253173041147,128.0,6.0,1.0,0.0,1.0,0.0,Qualcomm MSM8998 Snapdragon 835 (10 nm),0.0
Motorola One Power (P30 Note),Motorola,2018.0,250.0,6.2,205.0,5000.0,8.4,16.0,1080.0,2246.0,401.96305502702575,64.0,6.0,0.0,0.0,0.0,1.0,Qualcomm SDM636 Snapdragon 636 (14 nm),0.0
Motorola One (P30 Play),Motorola,2018.0,300.0,5.9,162.0,3000.0,8.0,13.0,720.0,1520.0,285.0684209034391,64.0,4.0,0.0,0.0,1.0,1.0,Qualcomm MSM8953 Snapdragon 625 (14 nm),0.0
Motorola Moto G7 Play,Motorola,2019.0,160.0,5.7,149.0,3000.0,8.0,13.0,720.0,1512.0,293.8030319902233,32.0,3.0,0.0,0.0,0.0,1.0,Qualcomm SDM632 Snapdragon 632 (14 nm),0.0
Motorola Moto G7 Power,Motorola,2019.0,200.0,6.2,193.0,5000.0,9.3,12.0,720.0,1570.0,278.58438790833975,64.0,4.0,0.0,0.0,1.0,1.0,Qualcomm SDM632 Snapdragon 632 (14 nm),0.0
Motorola Moto G7,Motorola,2019.0,190.0,6.2,172.0,3000.0,8.0,12.0,1080.0,2270.0,405.45512767988845,64.0,4.0,0.0,0.0,1.0,1.0,Qualcomm SDM632 Snapdragon 632 (14 nm),0.0
Motorola Moto G7 Plus,Motorola,2019.0,110.3908,6.2,176.0,3000.0,8.3,16.0,1080.0,2270.0,405.45512767988845,64.0,4.0,0.0,0.0,1.0,1.0,Qualcomm SDM636 Snapdragon 636 (14 nm),0.0
Motorola One Vision,Motorola,2019.0,350.0,6.3,180.0,3500.0,8.7,48.0,1080.0,2520.0,435.18703462079475,128.0,4.0,0.0,0.0,1.0,1.0,Exynos 9609 (10 nm),0.0
Motorola Moto Z4,Motorola,2019.0,500.0,6.4,165.0,3600.0,7.4,48.0,1080.0,2340.0,402.68871740464743,128.0,4.0,1.0,0.0,1.0,1.0,Qualcomm SDM675 Snapdragon 675 (11 nm),0.0
Motorola Moto E6,Motorola,2019.0,130.0,5.5,159.0,3000.0,8.6,13.0,720.0,1440.0,292.721626145427,16.0,2.0,0.0,0.0,0.0,1.0,Qualcomm SDM435 Snapdragon 435 (28 nm),0.0
Motorola One Action,Motorola,2019.0,499.0,6.3,176.0,3500.0,9.2,12.0,1080.0,2520.0,435.18703462079475,128.0,4.0,0.0,0.0,1.0,1.0,Exynos 9609 (10 nm),0.0
Motorola One Zoom,Motorola,2019.0,410.27,6.39,190.0,4000.0,8.8,48.0,1080.0,2340.0,403.31890319088325,128.0,4.0,1.0,0.0,1.0,1.0,Qualcomm SDM675 Snapdragon 675 (11 nm),0.0
Motorola Moto E6 Plus,Motorola,2019.0,200.0,6.1,149.7,3000.0,8.6,13.0,720.0,1560.0,281.6620537037971,64.0,4.0,0.0,0.0,0.0,1.0,Mediatek MT6762 Helio P22 (12 nm),0.0
Motorola One Macro,Motorola,2019.0,240.0,6.2,186.0,4000.0,9.0,13.0,720.0,1520.0,271.27478763391787,64.0,4.0,0.0,0.0,0.0,1.0,Mediatek MT6771 Helio P70 (12nm),0.0
Motorola Moto G8 Plus,Motorola,2019.0,270.0,6.3,188.0,4000.0,9.1,48.0,1080.0,2280.0,400.4532579357836,64.0,4.0,0.0,0.0,1.0,1.0,Qualcomm SDM665 Snapdragon 665 (11 nm),0.0
Motorola Moto E6 Play,Motorola,2019.0,160.0,5.5,140.0,3000.0,8.3,13.0,720.0,1440.0,292.721626145427,32.0,2.0,0.0,0.0,0.0,1.0,Mediatek MT6739 (28 nm),0.0
Motorola Moto G8 Play,Motorola,2019.0,90.0,6.2,183.6,4000.0,9.0,13.0,720.0,1520.0,271.27478763391787,32.0,2.0,0.0,0.0,0.0,1.0,Mediatek MT6771 Helio P70M (12nm),0.0
Motorola Razr 2019,Motorola,2019.0,781.9,6.2,205.0,2510.0,6.9,16.0,876.0,2142.0,373.2587043242236,128.0,6.0,1.0,0.0,1.0,0.0,Qualcomm SDM710 Snapdragon 710 (10 nm),0.0
Motorola One Hyper,Motorola,2019.0,540.0,6.5,210.0,4000.0,8.9,64.0,1080.0,2340.0,396.4935063676529,128.0,4.0,0.0,0.0,1.0,1.0,Qualcomm SDM675 Snapdragon 675 (11 nm),0.0
Motorola Moto G8 Power,Motorola,2020.0,180.0,6.4,197.0,5000.0,9.6,16.0,1080.0,2300.0,397.02261034480136,64.0,4.0,0.0,0.0,0.0,1.0,Qualcomm SDM665 Snapdragon 665 (11 nm),0.0
Motorola Moto G Stylus,Motorola,2020.0,91.1536,6.4,192.0,4000.0,9.2,48.0,1080.0,2300.0,397.02261034480136,128.0,4.0,0.0,0.0,0.0,1.0,Qualcomm SDM665 Snapdragon 665 (11 nm),0.0
Motorola Moto G8,Motorola,2020.0,230.0,6.4,188.3,4000.0,9.0,16.0,720.0,1560.0,268.4591449364316,64.0,4.0,0.0,0.0,0.0,1.0,Qualcomm SM6125 Snapdragon 665 (11 nm),0.0
Motorola Moto E6s (2020),Motorola,2020.0,240.0,6.1,160.0,3000.0,8.5,13.0,720.0,1560.0,281.6620537037971,64.0,4.0,0.0,0.0,0.0,1.0,Mediatek MT6762 Helio P22 (12 nm),0.0
Motorola Moto G8 Power Lite,Motorola,2020.0,160.0,6.5,200.0,5000.0,9.2,16.0,720.0,1600.0,269.92876553183146,64.0,4.0,0.0,0.0,0.0,1.0,Mediatek MT6765 Helio P35 (12nm),0.0
Motorola Edge,Motorola,2020.0,695.9,6.7,188.0,4500.0,9.3,64.0,1080.0,2340.0,384.65787931190204,256.0,6.0,1.0,1.0,1.0,1.0,Qualcomm SM7250 Snapdragon 765G 5G (7 nm),0.0
Motorola Edge+ (2020),Motorola,2020.0,669.0,6.7,203.0,5000.0,9.6,108.0,1080.0,2340.0,384.65787931190204,256.0,12.0,1.0,1.0,1.0,1.0,Qualcomm SM8250 Snapdragon 865 5G (7 nm+),0.0
Motorola Moto G Pro,Motorola,2020.0,249.0,6.4,192.0,4000.0,9.2,48.0,1080.0,2300.0,397.02261034480136,128.0,4.0,0.0,0.0,1.0,1.0,Qualcomm SDM665 Snapdragon 665 (11 nm),0.0
Motorola Moto E (2020),Motorola,2020.0,73.554,6.2,185.0,3550.0,8.7,13.0,720.0,1520.0,271.27478763391787,32.0,2.0,0.0,0.0,0.0,1.0,Qualcomm SDM632 Snapdragon 632 (14 nm),0.0
Motorola Moto G Fast,Motorola,2020.0,58.8708,6.4,189.4,4000.0,9.1,16.0,720.0,1560.0,268.4591449364316,32.0,3.0,0.0,0.0,0.0,1.0,Qualcomm SM6125 Snapdragon 665 (11 nm),0.0
Motorola One Vision Plus,Motorola,2020.0,170.0,6.3,188.0,4000.0,9.1,48.0,1080.0,2280.0,400.4532579357836,128.0,4.0,0.0,0.0,1.0,1.0,Qualcomm SDM665 Snapdragon 665 (11 nm),0.0
Motorola One Fusion+,Motorola,2020.0,300.0,6.5,210.0,5000.0,9.6,64.0,1080.0,2340.0,396.4935063676529,128.0,6.0,0.0,0.0,0.0,1.0,"Qualcomm SDM730 Snapdragon 730 (8 nm) - Europe
Qualcomm SDM730 Snapdragon 730G (8 nm) - India",0.0
Motorola One Fusion,Motorola,2020.0,149.822,6.5,202.0,5000.0,9.4,48.0,720.0,1600.0,269.92876553183146,128.0,4.0,0.0,0.0,0.0,1.0,Qualcomm SDM710 Snapdragon 710 (10 nm),0.0
Motorola Moto G 5G Plus,Motorola,2020.0,260.0,6.7,207.0,5000.0,9.7,48.0,1080.0,2520.0,409.2057191210458,128.0,8.0,0.0,1.0,1.0,1.0,Qualcomm SM7250 Snapdragon 765 5G (7 nm),0.0
Motorola Moto G9 (India),Motorola,2020.0,130.0,6.5,200.0,5000.0,9.2,48.0,720.0,1600.0,269.92876553183146,64.0,4.0,0.0,0.0,1.0,1.0,Qualcomm SM6115 Snapdragon 662 (11 nm),0.0
Motorola Moto G9 Play,Motorola,2020.0,430.0,6.5,200.0,5000.0,9.2,48.0,720.0,1600.0,269.92876553183146,128.0,4.0,0.0,0.0,1.0,1.0,Qualcomm SM6115 Snapdragon 662 (11 nm),0.0
Motorola One 5G,Motorola,2020.0,420.0,6.7,207.0,5000.0,9.0,48.0,1080.0,2520.0,409.2057191210458,128.0,4.0,0.0,1.0,1.0,1.0,Qualcomm SM7250 Snapdragon 765 5G (7 nm),0.0
Motorola One 5G UW,Motorola,2020.0,470.0,6.7,209.8,5000.0,8.9,48.0,1080.0,2520.0,409.2057191210458,128.0,4.0,0.0,1.0,1.0,1.0,Qualcomm SM7250 Snapdragon 765 5G (7 nm),0.0
Motorola Moto E7 Plus,Motorola,2020.0,350.0,6.5,200.0,5000.0,9.2,48.0,720.0,1600.0,269.92876553183146,64.0,4.0,0.0,0.0,0.0,1.0,Qualcomm SM4250 Snapdragon 460 (11 nm),0.0
Motorola Moto G9 Plus,Motorola,2020.0,300.0,6.81,223.0,5000.0,9.7,64.0,1080.0,2400.0,386.46188897729184,128.0,6.0,0.0,0.0,1.0,1.0,Qualcomm SDM730 Snapdragon 730G (8 nm),0.0
Motorola Razr 5G,Motorola,2020.0,1149.0,6.2,192.0,2800.0,7.9,48.0,876.0,2142.0,373.2587043242236,256.0,8.0,1.0,1.0,1.0,0.0,Qualcomm SM7250 Snapdragon 765G 5G (7 nm),0.0
Motorola Moto G9 Power,Motorola,2020.0,228.66600000000003,6.8,221.0,6000.0,9.7,64.0,720.0,1640.0,263.39544914397777,128.0,4.0,0.0,0.0,1.0,1.0,Qualcomm SM6115 Snapdragon 662 (11 nm),0.0
Motorola Moto G 5G,Motorola,2020.0,91.9908,6.7,212.0,5000.0,9.9,48.0,1080.0,2400.0,392.8067856619936,128.0,6.0,0.0,1.0,1.0,1.0,Qualcomm SM7225 Snapdragon 750G 5G (8 nm),0.0
Motorola Moto E7,Motorola,2020.0,110.0,6.5,180.0,4000.0,8.9,48.0,720.0,1600.0,269.92876553183146,64.0,4.0,0.0,0.0,0.0,1.0,MediaTek MT6762G Helio G25 (12 nm),0.0
Motorola Moto G Play (2021),Motorola,2021.0,147.19080000000002,6.5,204.0,5000.0,9.4,13.0,720.0,1600.0,269.92876553183146,32.0,3.0,0.0,0.0,0.0,1.0,Qualcomm SM4250 Snapdragon 460 (11 nm),0.0
Motorola Moto G Power (2021),Motorola,2021.0,79.12,6.6,206.5,5000.0,9.5,48.0,720.0,1600.0,265.83893575104617,64.0,4.0,0.0,0.0,0.0,1.0,Qualcomm SM6115 Snapdragon 662 (11 nm),0.0
Motorola Moto G Stylus (2021),Motorola,2021.0,101.2,6.8,213.0,4000.0,9.0,48.0,1080.0,2400.0,387.03021528461136,128.0,4.0,0.0,0.0,0.0,1.0,Qualcomm SDM678 Snapdragon 678 (11 nm),0.0
Motorola One 5G Ace,Motorola,2021.0,110.35400000000001,6.7,212.0,5000.0,9.9,48.0,1080.0,2400.0,392.8067856619936,128.0,6.0,0.0,1.0,1.0,1.0,Qualcomm SM7225 Snapdragon 750G 5G (8 nm),0.0
Motorola Edge S,Motorola,2021.0,250.0,6.7,215.0,5000.0,9.7,64.0,1080.0,2520.0,409.2057191210458,256.0,8.0,0.0,1.0,1.0,1.0,Qualcomm SM8250-AC Snapdragon 870 5G (7 nm),0.0
Motorola Moto E6i,Motorola,2021.0,170.0,6.1,160.0,3000.0,8.5,13.0,720.0,1560.0,281.6620537037971,32.0,2.0,0.0,0.0,0.0,1.0,Unisoc SC9863A (28nm),0.0
Motorola Moto G10,Motorola,2021.0,186.92,6.5,200.0,5000.0,9.2,48.0,720.0,1600.0,269.92876553183146,128.0,4.0,0.0,0.0,1.0,1.0,Qualcomm SM4250 Snapdragon 460 (11 nm),0.0
Motorola Moto G30,Motorola,2021.0,200.4,6.5,200.0,5000.0,9.1,64.0,720.0,1600.0,269.92876553183146,128.0,6.0,0.0,0.0,1.0,1.0,Qualcomm SM6115 Snapdragon 662 (11 nm),0.0
Motorola Moto E7 Power,Motorola,2021.0,140.0,6.51,200.0,5000.0,9.2,13.0,720.0,1600.0,269.5141284111989,64.0,4.0,0.0,0.0,0.0,1.0,MediaTek MT6762G Helio G25 (12 nm),0.0
Motorola Moto E7i Power,Motorola,2021.0,120.0,6.51,200.0,5000.0,9.2,13.0,720.0,1600.0,269.5141284111989,32.0,2.0,0.0,0.0,0.0,1.0,Unisoc SC9863A (28nm),0.0
Motorola Moto G10 Power,Motorola,2021.0,120.0,6.5,220.0,6000.0,9.9,48.0,720.0,1600.0,269.92876553183146,64.0,4.0,0.0,0.0,0.0,1.0,Qualcomm SM4250 Snapdragon 460 (11 nm),0.0
Motorola Moto G50,Motorola,2021.0,190.0,6.5,192.0,5000.0,9.0,48.0,720.0,1600.0,269.92876553183146,128.0,4.0,0.0,1.0,1.0,1.0,Qualcomm SM4350 Snapdragon 480 5G (8 nm),0.0
Motorola Moto G100,Motorola,2021.0,439.99,6.7,207.0,5000.0,9.7,64.0,1080.0,2520.0,409.2057191210458,256.0,12.0,0.0,1.0,1.0,1.0,Qualcomm SM8250-AC Snapdragon 870 5G (7 nm),0.0
Motorola Moto G40 Fusion,Motorola,2021.0,180.0,6.8,225.0,6000.0,9.7,64.0,1080.0,2460.0,395.09317371596666,128.0,6.0,0.0,0.0,1.0,1.0,Qualcomm SM7150 Snapdragon 732G (8 nm),0.0
Motorola Moto G20,Motorola,2021.0,159.99,6.5,200.0,5000.0,9.1,48.0,720.0,1600.0,269.92876553183146,128.0,4.0,0.0,0.0,1.0,1.0,Unisoc T700,0.0
Motorola Moto G Stylus 5G,Motorola,2021.0,118.66159999999999,6.8,217.5,5000.0,9.4,48.0,1080.0,2400.0,387.03021528461136,256.0,6.0,0.0,1.0,0.0,1.0,Qualcomm SM4350 Snapdragon 480 5G (8 nm),0.0
Motorola Defy (2021),Motorola,2021.0,189.95,6.5,232.0,5000.0,10.9,48.0,720.0,1600.0,269.92876553183146,64.0,4.0,0.0,0.0,1.0,1.0,Qualcomm SM6115 Snapdragon 662 (11 nm),0.0
Motorola one 5G UW ace,Motorola,2021.0,250.0,6.7,213.5,5000.0,9.9,48.0,1080.0,2400.0,392.8067856619936,64.0,4.0,0.0,1.0,0.0,1.0,Qualcomm SM7225 Snapdragon 750G 5G (8 nm),0.0
Motorola Edge 20 Lite,Motorola,2021.0,215.17,6.7,185.0,5000.0,8.3,108.0,1080.0,2400.0,392.8067856619936,128.0,8.0,1.0,1.0,1.0,1.0,MediaTek MT6853V Dimensity 720 (7 nm),0.0
Motorola Edge 20,Motorola,2021.0,193.0,6.7,163.0,4000.0,7.0,108.0,1080.0,2400.0,392.8067856619936,256.0,8.0,1.0,1.0,1.0,0.0,Qualcomm SM7325 Snapdragon 778G 5G (6 nm),0.0
Motorola Edge 20 Pro,Motorola,2021.0,569.46,6.7,190.0,4500.0,8.0,108.0,1080.0,2400.0,392.8067856619936,256.0,12.0,1.0,1.0,1.0,0.0,Qualcomm SM8250-AC Snapdragon 870 5G (7 nm),0.0
Motorola Moto G60S,Motorola,2021.0,249.99,6.8,212.0,5000.0,9.6,64.0,1080.0,2460.0,395.09317371596666,128.0,6.0,0.0,0.0,1.0,1.0,Mediatek Helio G95 (12 nm),0.0
Motorola Edge 20 Fusion,Motorola,2021.0,250.0,6.7,185.0,5000.0,8.3,108.0,1080.0,2400.0,392.8067856619936,128.0,8.0,1.0,1.0,1.0,1.0,MediaTek MT6853 Dimensity 800U (7 nm),0.0
Motorola Edge (2021),Motorola,2021.0,275.99080000000004,6.8,200.0,5000.0,9.0,108.0,1080.0,2460.0,395.09317371596666,256.0,8.0,0.0,1.0,1.0,0.0,Qualcomm SM7325 Snapdragon 778G 5G (6 nm),0.0
Motorola Moto G50 5G,Motorola,2021.0,209.99,6.5,206.0,5000.0,9.3,48.0,720.0,1600.0,269.92876553183146,128.0,4.0,0.0,1.0,1.0,1.0,MediaTek MT6833 Dimensity 700 (7 nm),0.0
Motorola Moto E20,Motorola,2021.0,93.99,6.5,184.0,4000.0,8.5,13.0,720.0,1600.0,269.92876553183146,32.0,3.0,0.0,0.0,0.0,1.0,Unisoc T606 (12 nm),0.0
Motorola Moto G60,Motorola,2021.0,249.99,6.8,225.0,6000.0,9.8,108.0,1080.0,2460.0,395.09317371596666,128.0,6.0,0.0,0.0,1.0,1.0,Qualcomm SM7150 Snapdragon 732G (8 nm),0.0
Motorola Tab G20,Motorola,2021.0,130.0,8.0,305.0,5100.0,8.2,5.0,800.0,1280.0,188.67962264113208,32.0,3.0,0.0,0.0,0.0,1.0,Mediatek MT8768T Helio P22T (12 nm),0.0
Motorola Moto E40,Motorola,2021.0,134.99,6.5,198.0,5000.0,9.1,48.0,720.0,1600.0,269.92876553183146,64.0,4.0,0.0,0.0,0.0,1.0,Unisoc T700,0.0
Motorola G Pure,Motorola,2021.0,52.430800000000005,6.5,188.0,4000.0,8.8,13.0,720.0,1600.0,269.92876553183146,32.0,3.0,0.0,0.0,0.0,1.0,MediaTek MT6762G Helio G25 (12 nm),0.0
Motorola Edge 5G UW (2021),Motorola,2021.0,550.0,6.8,200.0,5000.0,9.0,108.0,1080.0,2460.0,395.09317371596666,128.0,6.0,0.0,1.0,1.0,0.0,Qualcomm SM7325 Snapdragon 778G 5G (6 nm),0.0
Motorola Moto E30,Motorola,2021.0,124.09,6.5,198.0,5000.0,9.1,48.0,720.0,1600.0,269.92876553183146,32.0,2.0,0.0,0.0,0.0,1.0,Unisoc T700,0.0
Motorola Moto G Power (2022),Motorola,2021.0,110.4,6.5,203.0,5000.0,9.4,50.0,720.0,1600.0,269.92876553183146,128.0,4.0,0.0,0.0,0.0,1.0,MediaTek Helio G37,0.0
Motorola Moto G31,Motorola,2021.0,153.05,6.4,181.0,5000.0,8.6,50.0,1080.0,2400.0,411.2196037398995,128.0,4.0,1.0,0.0,1.0,1.0,MediaTek MT6769Z Helio G85 (12nm),0.0
Motorola Moto G41,Motorola,2021.0,193.96,6.4,178.0,5000.0,8.3,48.0,1080.0,2400.0,411.2196037398995,128.0,6.0,1.0,0.0,1.0,1.0,MediaTek MT6769Z Helio G85 (12nm),0.0
Motorola Moto G51 5G,Motorola,2021.0,168.6544,6.8,208.0,5000.0,9.1,50.0,1080.0,2400.0,387.03021528461136,128.0,8.0,0.0,1.0,1.0,1.0,Qualcomm SM4350-AC Snapdragon 480+ 5G (8 nm),0.0
Motorola Moto G71 5G,Motorola,2021.0,259.99,6.4,179.0,5000.0,8.5,50.0,1080.0,2400.0,411.2196037398995,128.0,8.0,1.0,1.0,1.0,1.0,Qualcomm SM6375 Snapdragon 695 5G (6 nm),0.0
Motorola Moto G200 5G,Motorola,2021.0,446.96,6.8,202.0,5000.0,8.9,108.0,1080.0,2460.0,395.09317371596666,256.0,8.0,0.0,1.0,1.0,0.0,Qualcomm SM8350 Snapdragon 888+ 5G (5 nm),0.0
Motorola Edge S30,Motorola,2021.0,280.0,6.8,202.0,5000.0,8.9,108.0,1080.0,2460.0,395.09317371596666,256.0,12.0,0.0,1.0,0.0,0.0,Qualcomm SM8350 Snapdragon 888+ 5G (5 nm),0.0
Motorola Edge X30,Motorola,2021.0,420.0,6.7,194.0,5000.0,8.5,50.0,1080.0,2400.0,392.8067856619936,256.0,12.0,1.0,1.0,1.0,0.0,Qualcomm SM8450 Snapdragon 8 Gen 1 (4 nm),0.0
Motorola Moto G Stylus (2022),Motorola,2022.0,206.954,6.8,216.0,5000.0,9.5,50.0,1080.0,2460.0,395.09317371596666,128.0,6.0,0.0,0.0,0.0,1.0,MediaTek Helio G88 (12nm),0.0
Motorola Edge 30 Pro,Motorola,2022.0,577.0,6.7,196.0,4800.0,8.8,50.0,1080.0,2400.0,392.8067856619936,512.0,12.0,1.0,1.0,1.0,0.0,Qualcomm SM8450 Snapdragon 8 Gen 1 (4 nm),0.0
Motorola Edge+ 5G UW (2022),Motorola,2022.0,850.0,6.7,196.0,4800.0,8.8,50.0,1080.0,2400.0,392.8067856619936,512.0,12.0,1.0,1.0,1.0,0.0,Qualcomm SM8450 Snapdragon 8 Gen 1 (4 nm),0.0
Motorola Moto G22,Motorola,2022.0,135.59,6.5,185.0,5000.0,8.5,50.0,720.0,1600.0,269.92876553183146,128.0,4.0,0.0,0.0,1.0,1.0,Mediatek MT6765V/CB Helio G37 (12 nm),0.0
Motorola Moto G52,Motorola,2022.0,244.71,6.6,169.0,5000.0,8.0,50.0,1080.0,2400.0,398.7584036265693,256.0,6.0,1.0,0.0,1.0,1.0,Qualcomm SM6225 Snapdragon 680 4G (6 nm),0.0
Motorola Moto G (2022),Motorola,2022.0,119.59080000000002,6.5,204.0,5000.0,9.4,50.0,720.0,1600.0,269.92876553183146,256.0,6.0,0.0,1.0,0.0,1.0,MediaTek MT6833 Dimensity 700 (7 nm),0.0
Motorola Moto G Stylus 5G (2022),Motorola,2022.0,147.19080000000002,6.8,215.0,5000.0,9.3,50.0,1080.0,2460.0,395.09317371596666,256.0,8.0,0.0,1.0,1.0,1.0,Qualcomm SM6375 Snapdragon 695 5G (6 nm),0.0
Motorola Edge 30,Motorola,2022.0,449.99,6.5,155.0,4020.0,6.8,50.0,1080.0,2400.0,404.89314829774725,256.0,8.0,1.0,1.0,1.0,0.0,Qualcomm SM7325-AE Snapdragon 778G+ 5G (6 nm),0.0
Motorola Moto E32,Motorola,2022.0,150.0,6.5,184.0,5000.0,8.5,16.0,720.0,1600.0,269.92876553183146,64.0,4.0,0.0,0.0,0.0,1.0,Unisoc T606 (12 nm),0.0
Motorola Moto G82,Motorola,2022.0,302.5,6.6,173.0,5000.0,8.0,50.0,1080.0,2400.0,398.7584036265693,128.0,8.0,1.0,1.0,1.0,1.0,Qualcomm SM6375 Snapdragon 695 5G (6 nm),0.0
Motorola Moto G71s,Motorola,2022.0,240.0,6.6,173.0,5000.0,8.0,50.0,1080.0,2440.0,404.2928504280708,128.0,8.0,1.0,1.0,0.0,1.0,Qualcomm SM6375 Snapdragon 695 5G (6 nm),0.0
Motorola Moto E32s,Motorola,2022.0,117.69,6.5,185.0,5000.0,8.5,16.0,720.0,1600.0,269.92876553183146,64.0,4.0,0.0,0.0,0.0,1.0,Mediatek MT6765V/CB Helio G37 (12 nm),0.0
Motorola Moto G42,Motorola,2022.0,161.0,6.4,175.0,5000.0,8.0,50.0,1080.0,2400.0,411.2196037398995,128.0,4.0,1.0,0.0,1.0,1.0,Qualcomm SM6225 Snapdragon 680 4G (6 nm),0.0
Motorola Moto G62 5G,Motorola,2022.0,192.93,6.5,184.0,5000.0,8.6,50.0,1080.0,2400.0,404.89314829774725,128.0,4.0,0.0,1.0,1.0,1.0,Qualcomm SM4350-AC Snapdragon 480+ 5G (8 nm),0.0
Motorola Moto G32,Motorola,2022.0,216.75,6.5,184.0,5000.0,8.5,50.0,1080.0,2400.0,404.89314829774725,128.0,6.0,0.0,0.0,1.0,1.0,Qualcomm SM6225 Snapdragon 680 4G (6 nm),0.0
Motorola Razr 2022,Motorola,2022.0,1140.89,6.7,200.0,3500.0,7.6,50.0,1080.0,2400.0,392.8067856619936,512.0,12.0,1.0,1.0,1.0,0.0,Qualcomm SM8475 Snapdragon 8+ Gen 1 (4 nm),0.0
Motorola Moto S30 Pro,Motorola,2022.0,330.0,6.55,172.0,4400.0,7.5,50.0,1080.0,2400.0,401.8023609061614,512.0,12.0,1.0,1.0,1.0,0.0,Qualcomm SM8350 Snapdragon 888+ 5G (5 nm),0.0
Motorola Moto X30 Pro,Motorola,2022.0,550.0,6.7,198.5,4610.0,8.4,200.0,1080.0,2400.0,392.8067856619936,512.0,12.0,1.0,1.0,1.0,0.0,Qualcomm SM8475 Snapdragon 8+ Gen 1 (4 nm),0.0
Motorola Edge (2022),Motorola,2022.0,322.0,6.6,170.0,5000.0,8.0,50.0,1080.0,2400.0,398.7584036265693,256.0,8.0,1.0,1.0,1.0,0.0,MediaTek Dimensity 1050 (6 nm),0.0
Motorola Moto E22s,Motorola,2022.0,110.0,6.5,185.0,5000.0,8.5,16.0,720.0,1600.0,269.92876553183146,64.0,4.0,0.0,0.0,0.0,1.0,Mediatek MT6765V/CB Helio G37 (12 nm),0.0
Motorola Edge 30 Neo,Motorola,2022.0,339.84,6.28,155.0,4020.0,7.8,64.0,1080.0,2400.0,419.0773031744199,256.0,8.0,1.0,1.0,1.0,0.0,Qualcomm SM6375 Snapdragon 695 5G (6 nm),0.0
Motorola Edge 30 Fusion,Motorola,2022.0,599.94,6.55,168.0,4400.0,7.5,50.0,1080.0,2400.0,401.8023609061614,512.0,12.0,1.0,1.0,1.0,0.0,Qualcomm SM8350 Snapdragon 888+ 5G (5 nm),0.0
Motorola Edge 30 Ultra,Motorola,2022.0,930.97,6.67,198.5,4610.0,8.4,200.0,1080.0,2400.0,394.57353282389164,512.0,12.0,1.0,1.0,1.0,0.0,Qualcomm SM8475 Snapdragon 8+ Gen 1 (4 nm),0.0
Motorola Moto E22,Motorola,2022.0,118.99,6.5,169.0,4020.0,8.0,16.0,720.0,1600.0,269.92876553183146,64.0,4.0,0.0,0.0,1.0,1.0,Mediatek MT6765V/CB Helio G37 (12 nm),0.0
Motorola Moto E22i,Motorola,2022.0,95.99,6.5,169.0,4020.0,8.0,16.0,720.0,1600.0,269.92876553183146,64.0,2.0,0.0,0.0,0.0,1.0,Mediatek MT6765V/CB Helio G37 (12 nm),0.0
Motorola Moto G72,Motorola,2022.0,229.99,6.6,166.0,5000.0,7.9,108.0,1080.0,2400.0,398.7584036265693,128.0,8.0,1.0,0.0,1.0,1.0,MediaTek MT8781 Helio G99 (6nm),0.0
Motorola Moto E32 (India),Motorola,2022.0,130.0,6.5,185.0,5000.0,8.5,50.0,720.0,1600.0,269.92876553183146,64.0,4.0,0.0,0.0,0.0,1.0,Mediatek MT6765V/CB Helio G37 (12 nm),0.0
Motorola Moto G Play (2023),Motorola,2022.0,160.0,6.5,203.0,5000.0,9.4,16.0,720.0,1600.0,269.92876553183146,32.0,3.0,0.0,0.0,0.0,1.0,Mediatek MT6765 Helio G37 (12 nm),0.0
Motorola Moto G53,Motorola,2022.0,120.0,6.5,183.0,5000.0,8.2,50.0,720.0,1600.0,269.92876553183146,128.0,8.0,0.0,1.0,1.0,1.0,Qualcomm,0.0
Motorola Moto X40,Motorola,2022.0,460.0,6.7,199.0,4600.0,8.6,50.0,1080.0,2400.0,392.8067856619936,512.0,12.0,1.0,1.0,1.0,0.0,Qualcomm SM8550 Snapdragon 8 Gen 2 (4 nm),0.0
Microsoft Lumia 435,Microsoft,2015.0,70.0,4.0,134.1,1560.0,11.7,2.0,480.0,800.0,233.23807579381202,8.0,1.0,0.0,0.0,0.0,1.0,Qualcomm MSM8210 Snapdragon 200 (28 nm),0.0
Microsoft Lumia 435 Dual SIM,Microsoft,2015.0,70.0,4.0,134.1,1560.0,11.7,2.0,480.0,800.0,233.23807579381202,8.0,1.0,0.0,0.0,0.0,1.0,Qualcomm MSM8210 Snapdragon 200 (28 nm),0.0
Microsoft Lumia 532,Microsoft,2015.0,90.0,4.0,136.3,1560.0,11.6,5.0,480.0,800.0,233.23807579381202,8.0,1.0,0.0,0.0,0.0,1.0,Qualcomm MSM8212 Snapdragon 200 (28 nm),0.0
Microsoft Lumia 532 Dual SIM,Microsoft,2015.0,90.0,4.0,136.3,1560.0,11.6,5.0,480.0,800.0,233.23807579381202,8.0,1.0,0.0,0.0,0.0,1.0,Qualcomm MSM8212 Snapdragon 200 (28 nm),0.0
Microsoft Lumia 640 Dual SIM,Microsoft,2015.0,170.0,5.0,145.0,2500.0,8.8,8.0,720.0,1280.0,293.7209560109731,8.0,1.0,0.0,0.0,0.0,1.0,Qualcomm MSM8926 Snapdragon 400 (28 nm),0.0
Microsoft Lumia 640 LTE,Microsoft,2015.0,120.0,5.0,145.0,2500.0,8.8,8.0,720.0,1280.0,293.7209560109731,8.0,1.0,0.0,0.0,1.0,1.0,Qualcomm MSM8926 Snapdragon 400 (28 nm),0.0
Microsoft Lumia 640 LTE Dual SIM,Microsoft,2015.0,150.0,5.0,145.0,2500.0,8.8,8.0,720.0,1280.0,293.7209560109731,8.0,1.0,0.0,0.0,1.0,1.0,Qualcomm MSM8926 Snapdragon 400 (28 nm),0.0
Microsoft Lumia 640 XL,Microsoft,2015.0,170.0,5.7,171.0,3000.0,9.0,13.0,720.0,1280.0,257.6499614131343,8.0,1.0,0.0,0.0,1.0,1.0,Qualcomm MSM8226 Snapdragon 400 (28 nm),0.0
Microsoft Lumia 640 XL Dual SIM,Microsoft,2015.0,170.0,5.7,171.0,3000.0,9.0,13.0,720.0,1280.0,257.6499614131343,8.0,1.0,0.0,0.0,1.0,1.0,Qualcomm MSM8226 Snapdragon 400 (28 nm),0.0
Microsoft Lumia 640 XL LTE,Microsoft,2015.0,200.0,5.7,171.0,3000.0,9.0,13.0,720.0,1280.0,257.6499614131343,8.0,1.0,0.0,0.0,1.0,1.0,Qualcomm MSM8226 Snapdragon 400 (28 nm),0.0
Microsoft Lumia 640 XL LTE Dual SIM,Microsoft,2015.0,200.0,5.7,171.0,3000.0,9.0,13.0,720.0,1280.0,257.6499614131343,8.0,1.0,0.0,0.0,1.0,1.0,Qualcomm MSM8226 Snapdragon 400 (28 nm),0.0
Microsoft Lumia 430 Dual SIM,Microsoft,2015.0,70.0,4.0,127.9,1500.0,10.6,2.0,480.0,800.0,233.23807579381202,8.0,1.0,0.0,0.0,0.0,1.0,Qualcomm MSM8210 Snapdragon 200 (28 nm),0.0
Microsoft Lumia 540 Dual SIM,Microsoft,2015.0,100.0,5.0,152.0,2200.0,8.6,8.0,720.0,1280.0,293.7209560109731,8.0,1.0,0.0,0.0,0.0,1.0,Qualcomm Snapdragon 200 (28 nm),0.0
Microsoft Lumia 950,Microsoft,2015.0,280.0,5.2,150.0,3000.0,8.2,20.0,1440.0,2560.0,564.8479923287945,32.0,3.0,1.0,0.0,1.0,1.0,Qualcomm MSM8992 Snapdragon 808 (20 nm),0.0
Microsoft Lumia 950 Dual SIM,Microsoft,2015.0,280.0,5.2,150.0,3000.0,8.2,20.0,1440.0,2560.0,564.8479923287945,32.0,3.0,1.0,0.0,1.0,1.0,Qualcomm MSM8992 Snapdragon 808 (20 nm),0.0
Microsoft Lumia 950 XL,Microsoft,2015.0,350.0,5.7,165.0,3340.0,8.1,20.0,1440.0,2560.0,515.2999228262686,32.0,3.0,1.0,0.0,1.0,1.0,Qualcomm MSM8994 Snapdragon 810 (20 nm),0.0
Microsoft Lumia 950 XL Dual SIM,Microsoft,2015.0,350.0,5.7,165.0,3340.0,8.1,20.0,1440.0,2560.0,515.2999228262686,32.0,3.0,1.0,0.0,1.0,1.0,Qualcomm MSM8994 Snapdragon 810 (20 nm),0.0
Microsoft Lumia 650,Microsoft,2016.0,150.0,5.0,122.0,2000.0,6.9,8.0,720.0,1280.0,293.7209560109731,16.0,1.0,1.0,0.0,1.0,1.0,Qualcomm MSM8909v2 Snapdragon 212 (28 nm),0.0
Microsoft Surface Duo,Microsoft,2020.0,243.8,8.1,250.0,3577.0,4.8,11.0,1800.0,2700.0,400.61680838488775,256.0,6.0,1.0,0.0,0.0,0.0,Qualcomm SM8150 Snapdragon 855 (7 nm),0.0
Microsoft Surface Duo 2,Microsoft,2021.0,1499.0,8.3,284.0,4449.0,5.5,12.0,1892.0,2688.0,396.0358071877206,512.0,8.0,1.0,1.0,1.0,0.0,Qualcomm SM8350 Snapdragon 888 5G (5 nm),0.0
Micromax Canvas Tab P470,Micromax,2015.0,90.0,7.0,306.0,3200.0,10.4,5.0,600.0,1024.0,169.54777786686512,8.0,1.0,0.0,0.0,0.0,1.0,Mediatek MT8312 (28 nm),0.0
Micromax Canvas Tab P666,Micromax,2015.0,150.0,8.0,310.5,4400.0,7.9,5.0,800.0,1280.0,188.67962264113208,8.0,1.0,0.0,0.0,0.0,1.0,Intel Atom,0.0
Micromax Canvas Fire 4 A107,Micromax,2015.0,100.0,4.5,138.0,2000.0,8.8,8.0,480.0,854.0,217.70021294442822,8.0,1.0,0.0,0.0,0.0,1.0,Mediatek MT6582M (28 nm),0.0
Micromax Canvas Juice 2 AQ5001,Micromax,2015.0,130.0,5.0,170.0,3000.0,9.7,8.0,720.0,1280.0,293.7209560109731,8.0,2.0,0.0,0.0,0.0,1.0,Mediatek MT6582M (28 nm),0.0
Micromax Canvas Spark Q380,Micromax,2015.0,70.0,4.7,134.0,2000.0,,8.0,540.0,960.0,234.35182660449982,8.0,1.0,0.0,0.0,0.0,1.0,Mediatek MT6582M (28 nm),0.0
Micromax Canvas Nitro 2 E311,Micromax,2015.0,150.0,5.0,143.0,2400.0,7.5,13.0,720.0,1280.0,293.7209560109731,16.0,2.0,0.0,0.0,0.0,1.0,Mediatek MT6592 (28 nm),0.0
Micromax Canvas A1 AQ4502,Micromax,2015.0,90.0,4.5,136.0,1700.0,9.0,5.0,480.0,854.0,217.70021294442822,8.0,1.0,0.0,0.0,0.0,1.0,Mediatek MT6582 (28 nm),0.0
Micromax Canvas Sliver 5 Q450,Micromax,2015.0,250.0,4.8,97.0,2000.0,,8.0,720.0,1280.0,305.959329178097,16.0,2.0,1.0,0.0,0.0,1.0,Qualcomm MSM8916 Snapdragon 410 (28 nm),0.0
Micromax Canvas Selfie Lens Q345,Micromax,2015.0,120.0,5.0,144.0,2800.0,8.1,8.0,720.0,1280.0,293.7209560109731,8.0,1.0,0.0,0.0,0.0,1.0,Mediatek MT6582 (28 nm),0.0
Micromax Canvas Xpress 2 E313,Micromax,2015.0,90.0,5.0,135.0,2500.0,9.3,13.0,720.0,1280.0,293.7209560109731,8.0,1.0,0.0,0.0,0.0,1.0,Mediatek MT6592M (28 nm),0.0
Micromax Canvas 5 E481,Micromax,2015.0,170.0,5.2,143.0,2900.0,8.3,13.0,1080.0,1920.0,423.6359942465958,16.0,3.0,0.0,0.0,0.0,1.0,Mediatek MT6753 (28 nm),0.0
Micromax Canvas Xpress 4G Q413,Micromax,2015.0,60.0,5.0,155.0,2000.0,8.7,8.0,720.0,1280.0,293.7209560109731,16.0,2.0,0.0,0.0,0.0,1.0,Mediatek MT6735P (28 nm),0.0
Micromax Canvas Mega 4G Q417,Micromax,2015.0,150.0,5.5,145.0,2500.0,8.1,13.0,720.0,1280.0,267.0190509190665,16.0,3.0,0.0,0.0,0.0,1.0,Mediatek MT6735 (28 nm),0.0
Micromax Canvas Pulse 4G E451,Micromax,2015.0,130.0,5.0,128.0,2100.0,8.8,13.0,720.0,1280.0,293.7209560109731,16.0,3.0,0.0,0.0,0.0,1.0,,0.0
Micromax Canvas 6,Micromax,2016.0,90.0,5.5,162.0,3000.0,9.0,13.0,1080.0,1920.0,400.52857637859967,32.0,3.0,0.0,0.0,0.0,1.0,Mediatek MT6795 Helio X10 (28 nm),0.0
Micromax Canvas Spark 3 Q385,Micromax,2016.0,70.0,5.5,175.0,2500.0,9.1,8.0,720.0,1280.0,267.0190509190665,8.0,1.0,0.0,0.0,0.0,1.0,Spreadtrum SC7731,0.0
Micromax Canvas 5 Lite Q462,Micromax,2016.0,80.0,5.0,151.0,2000.0,8.9,8.0,720.0,1280.0,293.7209560109731,16.0,2.0,0.0,0.0,0.0,1.0,Mediatek MT6735P (28 nm),0.0
Micromax Canvas Spark 4G Q4201,Micromax,2016.0,70.0,5.0,165.0,2000.0,10.6,5.0,480.0,854.0,195.93019164998537,8.0,1.0,0.0,0.0,0.0,1.0,Spreadtrum,0.0
Micromax Vdeo 2,Micromax,2016.0,70.0,4.5,156.0,1800.0,9.7,5.0,480.0,854.0,217.70021294442822,8.0,1.0,0.0,0.0,0.0,1.0,Spreadtrum,0.0
Micromax Spark Vdeo Q415,Micromax,2017.0,60.0,4.5,140.0,1800.0,10.0,5.0,480.0,854.0,217.70021294442822,8.0,1.0,0.0,0.0,0.0,1.0,Spreadtrum SC9832A,0.0
Micromax Dual 5,Micromax,2017.0,360.0,5.5,164.0,3200.0,,13.0,1080.0,1920.0,400.52857637859967,128.0,4.0,1.0,0.0,0.0,1.0,Qualcomm MSM8976 Snapdragon 652 (28 nm),0.0
Micromax Bharat 2 Q402,Micromax,2017.0,50.0,4.0,120.0,1300.0,10.3,2.0,480.0,800.0,233.23807579381202,4.0,0.5,0.0,0.0,0.0,1.0,Spreadtrum SC9832,0.0
Micromax Canvas Evok Note E453,Micromax,2017.0,140.0,5.5,162.0,4000.0,8.5,13.0,1080.0,1920.0,400.52857637859967,32.0,3.0,0.0,0.0,0.0,1.0,Mediatek MT6753 (28 nm),0.0
Micromax Bharat 2+,Micromax,2017.0,50.0,4.0,120.0,1600.0,10.8,5.0,480.0,800.0,233.23807579381202,8.0,1.0,0.0,0.0,0.0,1.0,,0.0
Micromax In 1b,Micromax,2020.0,80.0,6.52,188.0,5000.0,8.9,13.0,720.0,1600.0,269.1007631835743,64.0,4.0,0.0,0.0,0.0,1.0,MediaTek MT6765G Helio G35 (12 nm),0.0
Micromax In note 1,Micromax,2020.0,130.0,6.67,196.0,5000.0,9.0,48.0,1080.0,2400.0,394.57353282389164,128.0,4.0,0.0,0.0,0.0,1.0,MediaTek MT6769Z Helio G85 (12nm),0.0
Micromax In 1,Micromax,2021.0,120.0,6.67,195.0,5000.0,9.0,48.0,1080.0,2400.0,394.57353282389164,128.0,6.0,0.0,0.0,0.0,1.0,Mediatek MT6769V/CU Helio G80 (12 nm),0.0
Micromax In 2b,Micromax,2021.0,90.0,6.52,190.0,5000.0,8.6,13.0,720.0,1600.0,269.1007631835743,64.0,6.0,0.0,0.0,0.0,1.0,Unisoc T610 (12 nm),0.0
Micromax In note 2,Micromax,2022.0,150.0,6.43,205.0,5000.0,8.3,48.0,1080.0,2400.0,409.3010052776606,64.0,4.0,1.0,0.0,0.0,1.0,Mediatek Helio G95 (12 nm),0.0
Meizu M1,Meizu,2015.0,100.0,5.0,128.0,2500.0,8.9,13.0,768.0,1280.0,298.5447370160794,8.0,1.0,0.0,0.0,0.0,1.0,Mediatek MT6732 (28 nm),0.0
Meizu M2 Note,Meizu,2015.0,200.0,5.5,149.0,3100.0,8.7,13.0,1080.0,1920.0,400.52857637859967,32.0,2.0,0.0,0.0,0.0,1.0,Mediatek MT6753 (28 nm),0.0
Meizu MX5,Meizu,2015.0,210.0,5.5,149.0,3150.0,7.6,20.7,1080.0,1920.0,400.52857637859967,64.0,3.0,1.0,0.0,0.0,1.0,Mediatek MT6795 Helio X10 (28 nm),0.0
Meizu M2,Meizu,2015.0,130.0,5.0,131.0,2500.0,8.7,13.0,720.0,1280.0,293.7209560109731,16.0,2.0,0.0,0.0,0.0,1.0,Mediatek MT6735 (28 nm),0.0
Meizu PRO 5,Meizu,2015.0,390.0,5.7,168.0,3050.0,7.5,21.0,1080.0,1920.0,386.47494211970144,64.0,4.0,1.0,0.0,1.0,1.0,Exynos 7420 Octa (14 nm),0.0
Meizu M1 Metal,Meizu,2015.0,170.0,5.5,162.0,3140.0,8.2,13.0,1080.0,1920.0,400.52857637859967,32.0,2.0,0.0,0.0,0.0,1.0,Mediatek MT6795 Helio X10 (28 nm),0.0
Meizu M3 Note,Meizu,2016.0,180.0,5.5,163.0,4100.0,8.2,13.0,1080.0,1920.0,400.52857637859967,32.0,3.0,0.0,0.0,0.0,1.0,Mediatek MT6755 Helio P10 (28 nm),0.0
Meizu Pro 6,Meizu,2016.0,410.0,5.2,160.0,2560.0,7.3,21.0,1080.0,1920.0,423.6359942465958,64.0,4.0,1.0,0.0,1.0,1.0,Mediatek MT6797T Helio X25 (20 nm),0.0
Meizu M3,Meizu,2016.0,130.0,5.0,132.0,2870.0,8.3,13.0,720.0,1280.0,293.7209560109731,32.0,3.0,0.0,0.0,0.0,1.0,Mediatek MT6750 (28 nm),0.0
Meizu M3s,Meizu,2016.0,120.0,5.0,138.0,3020.0,8.3,13.0,720.0,1280.0,293.7209560109731,32.0,3.0,0.0,0.0,0.0,1.0,Mediatek MT6750 (28 nm),0.0
Meizu MX6,Meizu,2016.0,300.0,5.5,155.0,3060.0,7.3,12.0,1080.0,1920.0,400.52857637859967,32.0,4.0,0.0,0.0,0.0,1.0,Mediatek MT6797 Helio X20 (20 nm),0.0
Meizu M3e,Meizu,2016.0,220.0,5.5,172.0,3100.0,7.9,13.0,1080.0,1920.0,400.52857637859967,32.0,3.0,0.0,0.0,0.0,1.0,Mediatek MT6755 Helio P10 (28 nm),0.0
Meizu M3 Max,Meizu,2016.0,270.0,6.0,189.0,4100.0,7.9,13.0,1080.0,1920.0,367.1511950137164,64.0,3.0,0.0,0.0,0.0,1.0,Mediatek MT6755 Helio P10 (28 nm),0.0
Meizu M5,Meizu,2016.0,120.0,5.2,138.0,3070.0,8.2,13.0,720.0,1280.0,282.42399616439724,32.0,3.0,0.0,0.0,0.0,1.0,Mediatek MT6750 (28 nm),0.0
Meizu Pro 6s,Meizu,2016.0,430.0,5.2,163.0,3060.0,7.3,12.0,1080.0,1920.0,423.6359942465958,64.0,4.0,1.0,0.0,1.0,1.0,Mediatek MT6797T Helio X25 (20 nm),0.0
Meizu U20,Meizu,2016.0,190.0,5.5,158.0,3260.0,7.7,13.0,1080.0,1920.0,400.52857637859967,32.0,3.0,0.0,0.0,0.0,1.0,Mediatek MT6755 Helio P10 (28 nm),0.0
Meizu U10,Meizu,2016.0,160.0,5.0,139.0,2760.0,7.9,13.0,720.0,1280.0,293.7209560109731,32.0,3.0,0.0,0.0,0.0,1.0,Mediatek MT6750 (28 nm),0.0
Meizu MX5e,Meizu,2016.0,190.0,5.5,149.0,3150.0,7.6,16.0,1080.0,1920.0,400.52857637859967,32.0,3.0,1.0,0.0,0.0,1.0,Mediatek MT6795 Helio X10 (28 nm),0.0
Meizu Pro 6 Plus,Meizu,2016.0,550.0,5.7,158.0,3400.0,7.3,12.0,1440.0,2560.0,515.2999228262686,128.0,4.0,1.0,0.0,1.0,1.0,Exynos 8890 Octa (14 nm),0.0
Meizu M5 Note,Meizu,2016.0,190.0,5.5,175.0,4000.0,8.2,13.0,1080.0,1920.0,400.52857637859967,64.0,4.0,0.0,0.0,0.0,1.0,Mediatek MT6755 Helio P10 (28 nm),0.0
Meizu M5s,Meizu,2017.0,130.0,5.2,143.0,3000.0,8.4,13.0,720.0,1280.0,282.42399616439724,32.0,3.0,0.0,0.0,0.0,1.0,Mediatek MT6753 (28 nm),0.0
Meizu E2,Meizu,2017.0,210.0,5.5,155.0,3400.0,7.5,13.0,1080.0,1920.0,400.52857637859967,64.0,4.0,0.0,0.0,0.0,1.0,Mediatek MT6757 Helio P20 (16 nm),0.0
Meizu M5c,Meizu,2017.0,140.0,5.0,135.0,3000.0,8.3,8.0,720.0,1280.0,293.7209560109731,16.0,2.0,0.0,0.0,0.0,1.0,Mediatek MT6737 (28 nm),0.0
Meizu Pro 7,Meizu,2017.0,400.0,5.2,163.0,3000.0,7.3,12.0,1080.0,1920.0,423.6359942465958,128.0,4.0,1.0,0.0,0.0,1.0,"Mediatek MT6757T Helio P25 (16 nm) - standard edition
Mediatek MT6799 Helio X30 (10 nm) - high edition",0.0
Meizu Pro 7 Plus,Meizu,2017.0,500.0,5.7,170.0,3500.0,7.3,12.0,1440.0,2560.0,515.2999228262686,128.0,6.0,1.0,0.0,0.0,1.0,Mediatek MT6799 Helio X30 (10 nm),0.0
Meizu M6 Note,Meizu,2017.0,170.0,5.5,173.0,4000.0,8.4,12.0,1080.0,1920.0,400.52857637859967,64.0,4.0,0.0,0.0,0.0,1.0,Qualcomm MSM8953 Snapdragon 625 (14 nm),0.0
Meizu M6,Meizu,2017.0,130.0,5.2,143.0,3070.0,8.3,13.0,720.0,1280.0,282.42399616439724,32.0,3.0,0.0,0.0,0.0,1.0,Mediatek MT6750 (28 nm),0.0
Meizu M6s,Meizu,2018.0,150.0,5.7,160.0,3000.0,8.0,16.0,720.0,1440.0,282.45069189471025,64.0,3.0,0.0,0.0,0.0,1.0,Exynos 7872 (14 nm),0.0
Meizu E3,Meizu,2018.0,280.0,5.99,160.0,3360.0,7.6,12.0,1080.0,2160.0,403.16417624370166,128.0,6.0,0.0,0.0,0.0,1.0,Qualcomm SDM636 Snapdragon 636 (14 nm),0.0
Meizu 15 Lite,Meizu,2018.0,240.0,5.46,145.0,3000.0,7.5,12.0,1080.0,1920.0,403.4628516634246,64.0,4.0,0.0,0.0,0.0,1.0,Qualcomm MSM8953-Pro Snapdragon 626 (14 nm),0.0
Meizu 15,Meizu,2018.0,400.0,5.46,152.0,3000.0,7.3,12.0,1080.0,1920.0,403.4628516634246,128.0,4.0,1.0,0.0,0.0,1.0,Qualcomm SDM660 Snapdragon 660 (14 nm),0.0
Meizu 15 Plus,Meizu,2018.0,480.0,5.95,177.0,3500.0,7.3,12.0,1440.0,2560.0,493.6486655646607,128.0,6.0,1.0,0.0,0.0,1.0,Exynos 8895 (10 nm),0.0
Meizu M8c,Meizu,2018.0,140.0,5.45,140.0,3070.0,8.5,13.0,720.0,1440.0,295.40714565134834,32.0,2.0,0.0,0.0,0.0,1.0,Qualcomm MSM8917 Snapdragon 425 (28 nm),0.0
Meizu M6T,Meizu,2018.0,130.0,5.7,145.0,3300.0,8.4,13.0,720.0,1440.0,282.45069189471025,64.0,4.0,0.0,0.0,0.0,1.0,Mediatek MT6750 (28 nm),0.0
Meizu 16 Plus,Meizu,2018.0,480.0,6.5,182.0,3570.0,7.3,12.0,1080.0,2160.0,371.531294723042,256.0,8.0,1.0,0.0,0.0,1.0,Qualcomm SDM845 Snapdragon 845 (10 nm),0.0
Meizu 16,Meizu,2018.0,410.0,6.0,152.0,3010.0,7.3,12.0,1080.0,2160.0,402.49223594996215,128.0,8.0,1.0,0.0,0.0,1.0,Qualcomm SDM845 Snapdragon 845 (10 nm),0.0
Meizu 16X,Meizu,2018.0,300.0,6.0,154.0,3100.0,7.5,12.0,1080.0,2160.0,402.49223594996215,128.0,6.0,1.0,0.0,0.0,1.0,Qualcomm SDM710 Snapdragon 710 (10 nm),0.0
Meizu V8,Meizu,2018.0,100.0,5.7,145.0,3200.0,8.4,13.0,720.0,1440.0,282.45069189471025,32.0,3.0,0.0,0.0,0.0,1.0,Mediatek MT6739 (28 nm),0.0
Meizu V8 Pro,Meizu,2018.0,150.0,5.7,159.0,3100.0,8.1,12.0,720.0,1440.0,282.45069189471025,64.0,4.0,0.0,0.0,0.0,1.0,Mediatek MT6762 Helio P22 (12 nm),0.0
Meizu X8,Meizu,2018.0,200.0,6.2,160.0,3210.0,7.8,12.0,1080.0,2220.0,398.18788280208355,128.0,6.0,0.0,0.0,0.0,1.0,Qualcomm SDM710 Snapdragon 710 (10 nm),0.0
Meizu Note 8,Meizu,2018.0,200.0,6.0,168.0,3600.0,7.9,12.0,1080.0,2160.0,402.49223594996215,64.0,4.0,0.0,0.0,0.0,1.0,Qualcomm SDM632 Snapdragon 632 (14 nm),0.0
Meizu C9,Meizu,2018.0,90.0,5.45,150.0,3000.0,9.7,13.0,720.0,1440.0,295.40714565134834,16.0,2.0,0.0,0.0,0.0,1.0,Unisoc SC9832E,0.0
Meizu C9 Pro,Meizu,2018.0,110.0,5.45,150.0,3000.0,9.7,13.0,720.0,1440.0,295.40714565134834,32.0,3.0,0.0,0.0,0.0,1.0,Unisoc SC9832E,0.0
Meizu Note 9,Meizu,2019.0,200.0,6.2,170.0,4000.0,8.7,48.0,1080.0,2244.0,401.672362485396,128.0,6.0,0.0,0.0,0.0,1.0,Qualcomm SDM675 Snapdragon 675 (11 nm),0.0
Meizu 16s,Meizu,2019.0,420.0,6.2,165.0,3600.0,7.6,48.0,1080.0,2232.0,399.9292341148466,256.0,8.0,1.0,0.0,1.0,0.0,Qualcomm SM8150 Snapdragon 855 (7 nm),0.0
Meizu 16Xs,Meizu,2019.0,220.0,6.2,165.0,4000.0,8.3,48.0,1080.0,2232.0,399.9292341148466,128.0,6.0,1.0,0.0,0.0,1.0,Qualcomm SDM675 Snapdragon 675 (11 nm),0.0
Meizu 16s Pro,Meizu,2019.0,340.0,6.2,166.0,3600.0,7.7,48.0,1080.0,2232.0,399.9292341148466,256.0,8.0,1.0,0.0,1.0,0.0,Qualcomm SM8150 Snapdragon 855+ (7 nm),0.0
Meizu M10,Meizu,2019.0,180.0,6.5,184.0,4000.0,8.5,13.0,720.0,1600.0,269.92876553183146,32.0,3.0,0.0,0.0,0.0,1.0,Mediatek MT6757T Helio P25 (16 nm),0.0
Meizu 16T,Meizu,2019.0,250.0,6.5,183.0,4500.0,8.3,12.0,1080.0,2232.0,381.4709617710845,256.0,8.0,1.0,0.0,0.0,1.0,Qualcomm SM8150 Snapdragon 855 (7 nm),0.0
Meizu 17,Meizu,2020.0,530.0,6.6,199.0,4500.0,8.5,64.0,1080.0,2340.0,390.48602899844605,256.0,8.0,1.0,1.0,1.0,0.0,Qualcomm SM8250 Snapdragon 865 5G (7 nm+),0.0
Meizu 17 Pro,Meizu,2020.0,560.0,6.6,219.0,4500.0,8.5,64.0,1080.0,2340.0,390.48602899844605,256.0,12.0,1.0,1.0,1.0,0.0,Qualcomm SM8250 Snapdragon 865 5G (7 nm+),0.0
Meizu 18,Meizu,2021.0,560.0,6.2,162.0,4000.0,8.2,64.0,1440.0,3200.0,565.9796696635176,256.0,12.0,1.0,1.0,1.0,0.0,Qualcomm SM8350 Snapdragon 888 5G (5 nm),0.0
Meizu 18 Pro,Meizu,2021.0,640.0,6.7,189.0,4500.0,8.1,50.0,1440.0,3200.0,523.742380882658,256.0,12.0,1.0,1.0,1.0,0.0,Qualcomm SM8350 Snapdragon 888 5G (5 nm),0.0
Meizu 18x,Meizu,2021.0,340.0,6.67,189.0,4300.0,8.0,64.0,1080.0,2400.0,394.57353282389164,256.0,12.0,1.0,1.0,0.0,0.0,Qualcomm SM8250-AC Snapdragon 870 5G (7 nm),0.0
Meizu 18s,Meizu,2021.0,490.0,6.2,162.0,4000.0,8.2,64.0,1440.0,3200.0,565.9796696635176,256.0,12.0,1.0,1.0,1.0,0.0,Qualcomm SM8350 Snapdragon 888+ 5G (5 nm),0.0
Meizu 18s Pro,Meizu,2021.0,610.0,6.7,189.0,4500.0,8.1,50.0,1440.0,3200.0,523.742380882658,256.0,12.0,1.0,1.0,1.0,0.0,Qualcomm SM8350 Snapdragon 888+ 5G (5 nm),0.0
LG G Flex2,LG,2015.0,270.0,5.5,152.0,3000.0,9.4,13.0,1080.0,1920.0,400.52857637859967,32.0,3.0,1.0,0.0,1.0,1.0,Qualcomm MSM8994 Snapdragon 810 (20 nm),0.0
LG Joy,LG,2015.0,90.0,4.0,128.0,1900.0,11.9,5.0,480.0,800.0,233.23807579381202,4.0,0.5,0.0,0.0,0.0,1.0,Qualcomm MSM8210 Snapdragon 200 (28 nm),0.0
LG Leon,LG,2015.0,120.0,4.5,140.0,1900.0,10.9,5.0,480.0,854.0,217.70021294442822,8.0,1.0,0.0,0.0,0.0,1.0,Qualcomm MSM8916 Snapdragon 410 (28 nm),0.0
LG Spirit,LG,2015.0,120.0,4.7,124.4,2100.0,10.0,8.0,720.0,1280.0,312.4691021393331,8.0,1.0,0.0,0.0,1.0,1.0,"Qualcomm MSM8916 Snapdragon 410 (28 nm) - H440N, H445
Mediatek MT6582 - H420",0.0
LG Magna,LG,2015.0,140.0,5.0,137.0,2540.0,10.1,8.0,720.0,1280.0,293.7209560109731,8.0,1.0,0.0,0.0,0.0,1.0,Mediatek MT6582 - H502 model,0.0
LG AKA,LG,2015.0,220.0,5.0,135.0,2610.0,10.0,8.0,720.0,1280.0,293.7209560109731,16.0,1.5,0.0,0.0,1.0,1.0,Qualcomm Snapdragon 400 (28 nm),0.0
LG G4 Stylus,LG,2015.0,250.0,5.7,163.0,3000.0,9.6,13.0,720.0,1280.0,257.6499614131343,16.0,2.0,0.0,0.0,1.0,1.0,"Qualcomm MSM8916 Snapdragon 410 (28 nm) - H631, H635, H630D, MS631
Mediatek MT6592M - H540",0.0
LG G Stylo,LG,2015.0,180.0,5.7,165.9,3000.0,9.4,8.0,720.0,1280.0,257.6499614131343,16.0,2.0,0.0,0.0,1.0,1.0,Qualcomm MSM8916 Snapdragon 410 (28 nm),0.0
LG G4,LG,2015.0,300.0,5.5,155.0,3000.0,6.3,16.0,1440.0,2560.0,534.038101838133,32.0,3.0,0.0,0.0,1.0,1.0,Qualcomm MSM8992 Snapdragon 808 (20 nm),0.0
LG G4 Dual,LG,2015.0,280.0,5.5,155.0,3000.0,9.8,16.0,1440.0,2560.0,534.038101838133,32.0,3.0,0.0,0.0,1.0,1.0,Qualcomm MSM8992 Snapdragon 808 (20 nm),0.0
LG G4c,LG,2015.0,150.0,5.0,136.0,2540.0,10.2,8.0,720.0,1280.0,293.7209560109731,8.0,1.0,0.0,0.0,1.0,1.0,Qualcomm MSM8916 Snapdragon 410 (28 nm),0.0
LG G4 Beat,LG,2015.0,160.0,5.2,139.0,2300.0,9.9,8.0,1080.0,1920.0,423.6359942465958,8.0,1.5,0.0,0.0,1.0,1.0,Qualcomm MSM8939 Snapdragon 615 (28 nm),0.0
LG Bello II,LG,2015.0,130.0,5.0,155.0,2540.0,9.6,8.0,480.0,854.0,195.93019164998537,8.0,1.0,0.0,0.0,0.0,1.0,,0.0
LG Tribute 2,LG,2015.0,90.0,4.5,138.9,1900.0,10.9,5.0,480.0,854.0,217.70021294442822,8.0,1.0,0.0,0.0,0.0,1.0,Qualcomm MSM8916 Snapdragon 410 (28 nm),0.0
LG Wine Smart,LG,2015.0,150.0,3.2,143.0,1700.0,16.6,3.15,320.0,480.0,180.27756377319946,4.0,1.0,0.0,0.0,0.0,1.0,,0.0
LG G Pad II 8.0 LTE,LG,2015.0,300.0,8.0,347.0,4200.0,9.0,5.0,800.0,1280.0,188.67962264113208,32.0,1.5,0.0,0.0,0.0,1.0,Qualcomm MSM8926 Snapdragon 400 (28 nm),0.0
LG Zero,LG,2015.0,190.0,5.0,150.0,2050.0,7.4,13.0,720.0,1280.0,293.7209560109731,16.0,2.0,0.0,0.0,0.0,1.0,Qualcomm MSM8916 Snapdragon 410 (28 nm),0.0
LG Nexus 5X,LG,2015.0,270.0,5.2,136.0,2700.0,7.9,12.3,1080.0,1920.0,423.6359942465958,32.0,2.0,0.0,0.0,1.0,1.0,Qualcomm MSM8992 Snapdragon 808 (20 nm),0.0
LG V10,LG,2015.0,250.0,5.7,192.0,3000.0,8.6,16.0,1440.0,2560.0,515.2999228262686,64.0,4.0,0.0,0.0,1.0,1.0,Qualcomm MSM8992 Snapdragon 808 (20 nm),0.0
LG G Vista 2,LG,2015.0,190.0,5.7,169.8,3000.0,9.7,13.0,1080.0,1920.0,386.47494211970144,16.0,2.0,0.0,0.0,1.0,1.0,Qualcomm MSM8952 Snapdragon 617 (28 nm),0.0
LG Ray,LG,2015.0,190.0,5.5,158.0,3000.0,9.3,13.0,720.0,1280.0,267.0190509190665,16.0,1.0,0.0,0.0,0.0,1.0,Mediatek MT6592M (28 nm),0.0
LG K4,LG,2016.0,100.0,4.5,120.0,1940.0,8.9,5.0,480.0,854.0,217.70021294442822,8.0,1.0,0.0,0.0,0.0,1.0,"Mediatek MT6735M - K120E, K130E
Qualcomm MSM8909 Snapdragon 210 (28 nm) - K121",0.0
LG K7,LG,2016.0,110.0,5.0,161.0,2125.0,9.1,5.0,480.0,854.0,195.93019164998537,16.0,1.5,0.0,0.0,0.0,1.0,"Mediatek MT6580M (3G model)
Qualcomm MSM8909 Snapdragon 210 (28 nm) (LTE model)",0.0
LG K10,LG,2016.0,170.0,5.3,142.0,2300.0,8.8,13.0,720.0,1280.0,277.095241519786,16.0,2.0,0.0,0.0,1.0,1.0,"Qualcomm MSM8916 Snapdragon 410 (28 nm) - K420N
Mediatek MT6753 - K430DS, K430DSF, K430DSY",0.0
LG Stylus 2,LG,2016.0,170.0,5.7,142.0,3000.0,7.4,13.0,720.0,1280.0,257.6499614131343,16.0,2.0,0.0,0.0,1.0,1.0,Qualcomm MSM8916 Snapdragon 410 (28 nm),0.0
LG K8,LG,2016.0,120.0,5.0,157.0,2125.0,8.7,8.0,720.0,1280.0,293.7209560109731,16.0,1.5,0.0,0.0,1.0,1.0,Mediatek MT6735 (28 nm),0.0
LG X screen,LG,2016.0,130.0,4.93,120.0,2300.0,7.1,13.0,720.0,1280.0,297.89143611660563,16.0,2.0,0.0,0.0,1.0,1.0,Qualcomm MSM8916 Snapdragon 410 (28 nm),0.0
LG X cam,LG,2016.0,210.0,5.2,118.0,2520.0,6.9,13.0,1080.0,1920.0,423.6359942465958,16.0,2.0,0.0,0.0,1.0,1.0,Mediatek MT6753 (28 nm),0.0
LG G5,LG,2016.0,300.0,5.3,159.0,2800.0,7.7,16.0,1440.0,2560.0,554.190483039572,32.0,4.0,0.0,0.0,1.0,1.0,Qualcomm MSM8996 Snapdragon 820 (14 nm),0.0
LG G5 SE,LG,2016.0,350.0,5.3,156.0,2800.0,7.3,16.0,1440.0,2560.0,554.190483039572,32.0,3.0,0.0,0.0,1.0,1.0,Qualcomm MSM8976 Snapdragon 652 (28 nm),0.0
LG K3,LG,2016.0,100.0,4.5,127.0,1940.0,9.4,5.0,480.0,854.0,217.70021294442822,8.0,1.0,0.0,0.0,0.0,1.0,"Mediatek MT6737M - K100
Qualcomm MSM8909 Snapdragon 210 (28 nm) - LS450",0.0
LG K5,LG,2016.0,120.0,5.0,128.0,1900.0,8.9,5.0,480.0,854.0,195.93019164998537,8.0,1.0,0.0,0.0,0.0,1.0,Mediatek MT6582 (28 nm),0.0
LG Stylo 2,LG,2016.0,150.0,5.7,144.6,3000.0,7.4,13.0,720.0,1280.0,257.6499614131343,16.0,2.0,0.0,0.0,0.0,1.0,Qualcomm MSM8916 Snapdragon 410 (28 nm),0.0
LG Stylus 2 Plus,LG,2016.0,180.0,5.7,146.0,2900.0,7.4,13.0,1080.0,1920.0,386.47494211970144,32.0,3.0,0.0,0.0,1.0,1.0,Qualcomm MSM8937 Snapdragon 430 (28 nm),0.0
LG X style,LG,2016.0,70.0,5.0,121.0,2100.0,6.9,8.0,720.0,1280.0,293.7209560109731,16.0,1.5,0.0,0.0,0.0,1.0,Qualcomm MSM8909 Snapdragon 210 (28 nm),0.0
LG X power,LG,2016.0,130.0,5.3,139.0,4100.0,7.9,13.0,720.0,1280.0,277.095241519786,16.0,2.0,0.0,0.0,0.0,1.0,"Mediatek MT6735 (28 nm)
Mediatek MT6755M (28 nm) - LS755
Qualcomm MSM8909 Snapdragon 210 (28 nm) - US610, K450",0.0
LG G Pad X 8.0,LG,2016.0,220.0,8.0,309.0,4800.0,7.9,5.0,1200.0,1920.0,283.0194339616981,32.0,2.0,0.0,0.0,0.0,1.0,Qualcomm MSM8939 Snapdragon 615 (28 nm),0.0
LG X mach,LG,2016.0,240.0,5.5,150.0,3000.0,8.9,12.3,1440.0,2560.0,534.038101838133,32.0,3.0,0.0,0.0,1.0,1.0,Qualcomm MSM8992 Snapdragon 808 (20 nm),0.0
LG X max,LG,2016.0,200.0,5.5,133.0,2800.0,7.2,13.0,720.0,1280.0,267.0190509190665,16.0,1.5,0.0,0.0,0.0,1.0,Mediatek MT6735 (28 nm),0.0
LG X5,LG,2016.0,160.0,5.5,133.0,2800.0,7.2,13.0,720.0,1280.0,267.0190509190665,16.0,2.0,0.0,0.0,1.0,1.0,,0.0
LG X Skin,LG,2016.0,180.0,5.0,122.0,2100.0,6.9,8.0,720.0,1280.0,293.7209560109731,16.0,1.5,0.0,0.0,1.0,1.0,,0.0
LG V20,LG,2016.0,190.0,5.7,174.0,3200.0,7.6,16.0,1440.0,2560.0,515.2999228262686,64.0,4.0,0.0,0.0,1.0,1.0,Qualcomm MSM8996 Snapdragon 820 (14 nm),0.0
LG K3 (2017),LG,2016.0,90.0,4.5,132.0,2100.0,9.5,5.0,480.0,854.0,217.70021294442822,8.0,1.0,0.0,0.0,0.0,1.0,Qualcomm MSM8909 Snapdragon 210 (28 nm),0.0
LG K7 (2017),LG,2017.0,100.0,5.0,143.0,2500.0,8.1,8.0,480.0,854.0,195.93019164998537,16.0,2.0,0.0,0.0,0.0,1.0,Mediatek MT6737M (28 nm),0.0
LG K8 (2017),LG,2016.0,120.0,5.0,144.0,2500.0,8.0,13.0,720.0,1280.0,293.7209560109731,16.0,1.5,0.0,0.0,1.0,1.0,"Qualcomm MSM8917 Snapdragon 425 (28 nm)
Mediatek MT6737 (28 nm)",0.0
LG K10 (2017),LG,2016.0,130.0,5.3,144.0,2800.0,7.9,13.0,720.0,1280.0,277.095241519786,32.0,2.0,0.0,0.0,1.0,1.0,Mediatek MT6750 (28 nm),0.0
LG K20 plus,LG,2016.0,160.0,5.3,140.0,2700.0,7.9,13.0,720.0,1280.0,277.095241519786,32.0,2.0,0.0,0.0,0.0,1.0,Qualcomm MSM8917 Snapdragon 425 (28 nm),0.0
LG Harmony,LG,2017.0,90.0,5.3,141.8,2800.0,7.6,8.0,720.0,1280.0,277.095241519786,16.0,1.5,0.0,0.0,0.0,1.0,Qualcomm MSM8917 Snapdragon 425 (28 nm),0.0
LG Stylus 3,LG,2016.0,170.0,5.7,149.0,3200.0,7.4,13.0,720.0,1280.0,257.6499614131343,32.0,3.0,0.0,0.0,1.0,1.0,"Mediatek MT6750 - M400DK
Qualcomm MSM8940 Snapdragon 435 (28 nm) - LS777",0.0
LG Stylo 3 Plus,LG,2017.0,170.0,5.7,150.0,3080.0,7.4,13.0,1080.0,1920.0,386.47494211970144,32.0,2.0,0.0,0.0,1.0,1.0,Qualcomm MSM8940 Snapdragon 435 (28 nm),0.0
LG X power2,LG,2017.0,180.0,5.5,164.0,4500.0,8.4,13.0,720.0,1280.0,267.0190509190665,32.0,2.0,0.0,0.0,0.0,1.0,"Mediatek MT6750
Qualcomm MSM8917 Snapdragon 425 (28 nm) - M320G",0.0
LG G6,LG,2017.0,240.0,5.7,163.0,3300.0,7.9,13.0,1440.0,2880.0,564.9013837894205,128.0,4.0,0.0,0.0,1.0,1.0,Qualcomm MSM8996 Snapdragon 821 (14 nm),0.0
LG X venture,LG,2017.0,200.0,5.2,166.5,4100.0,9.3,16.0,1080.0,1920.0,423.6359942465958,32.0,2.0,0.0,0.0,1.0,1.0,Qualcomm MSM8940 Snapdragon 435 (28 nm),0.0
LG G Pad IV 8.0 FHD,LG,2017.0,300.0,8.0,290.0,3000.0,6.9,5.0,1200.0,1920.0,283.0194339616981,32.0,2.0,0.0,0.0,0.0,1.0,Qualcomm MSM8940 Snapdragon 435 (28 nm),0.0
LG Q6,LG,2017.0,110.0,5.5,149.0,3000.0,8.1,13.0,1080.0,2160.0,439.0824392181405,64.0,4.0,0.0,0.0,1.0,1.0,Qualcomm MSM8940 Snapdragon 435 (28 nm),0.0
LG Q8 (2017),LG,2017.0,200.0,5.2,146.0,3000.0,8.0,16.0,1440.0,2560.0,564.8479923287945,32.0,4.0,0.0,0.0,1.0,1.0,Qualcomm MSM8996 Snapdragon 820 (14 nm),0.0
LG V30,LG,2017.0,500.0,6.0,158.0,3300.0,7.3,16.0,1440.0,2880.0,536.6563145999495,128.0,4.0,1.0,0.0,1.0,1.0,Qualcomm MSM8998 Snapdragon 835 (10 nm),0.0
LG X4+,LG,2018.0,200.0,5.3,172.3,3000.0,8.6,13.0,720.0,1280.0,277.095241519786,32.0,2.0,0.0,0.0,1.0,1.0,Qualcomm MSM8917 Snapdragon 425 (28 nm),0.0
LG Aristo 2,LG,2018.0,70.0,5.0,139.0,2410.0,8.1,13.0,720.0,1280.0,293.7209560109731,16.0,2.0,0.0,0.0,0.0,1.0,Qualcomm MSM8917 Snapdragon 425 (28 nm),0.0
LG K10 (2018),LG,2018.0,150.0,5.3,162.0,3000.0,8.7,13.0,720.0,1280.0,277.095241519786,32.0,3.0,0.0,0.0,1.0,1.0,Mediatek MT6750 (28 nm),0.0
LG K30,LG,2018.0,160.0,5.3,168.1,2880.0,8.6,13.0,720.0,1280.0,277.095241519786,32.0,2.0,0.0,0.0,1.0,1.0,Qualcomm MSM8917 Snapdragon 425 (28 nm),0.0
LG X power 3,LG,2018.0,180.0,5.5,171.0,4500.0,8.9,13.0,720.0,1280.0,267.0190509190665,16.0,2.0,0.0,0.0,0.0,1.0,Qualcomm MSM8917 Snapdragon 425 (28 nm),0.0
LG Zone 4,LG,2018.0,100.0,5.0,140.3,2500.0,7.9,8.0,720.0,1280.0,293.7209560109731,16.0,2.0,0.0,0.0,0.0,1.0,Qualcomm MSM8917 Snapdragon 425 (28 nm),0.0
LG V30S ThinQ,LG,2018.0,300.0,6.0,158.0,3300.0,7.3,16.0,1440.0,2880.0,536.6563145999495,256.0,6.0,1.0,0.0,1.0,1.0,Qualcomm MSM8998 Snapdragon 835 (10 nm),0.0
LG G7 ThinQ,LG,2018.0,370.0,6.1,162.0,3000.0,7.9,16.0,1440.0,3120.0,563.3241074075942,128.0,6.0,0.0,0.0,1.0,1.0,Qualcomm SDM845 Snapdragon 845 (10 nm),0.0
LG Q7,LG,2018.0,150.0,5.5,145.0,3000.0,8.4,13.0,1080.0,2160.0,439.0824392181405,64.0,4.0,0.0,0.0,1.0,1.0,"Mediatek MT6750S (28 nm) - Q7, Q7α
Qualcomm SDM450 Snapdragon 450 (14 nm) - Q7+",0.0
LG V35 ThinQ,LG,2018.0,350.0,6.0,157.0,3300.0,7.3,16.0,1440.0,2880.0,536.6563145999495,128.0,6.0,1.0,0.0,1.0,1.0,Qualcomm SDM845 Snapdragon 845 (10 nm),0.0
LG Q Stylus,LG,2018.0,300.0,6.2,171.0,3300.0,8.1,13.0,1080.0,2160.0,389.5086154354472,64.0,4.0,0.0,0.0,1.0,1.0,Mediatek MT6750 - Q Stylus/Q Stylus α,0.0
LG Q Stylo 4,LG,2018.0,250.0,6.2,172.0,3300.0,8.1,13.0,1080.0,2160.0,389.5086154354472,32.0,2.0,0.0,0.0,1.0,1.0,Qualcomm SDM450 Snapdragon 450 (14 nm),0.0
LG K11 Plus,LG,2018.0,140.0,5.3,162.0,3000.0,8.7,13.0,720.0,1280.0,277.095241519786,32.0,3.0,0.0,0.0,1.0,1.0,Mediatek MT6750 (28 nm),0.0
LG Q8 (2018),LG,2018.0,300.0,6.2,172.0,3300.0,8.4,16.0,1080.0,2160.0,389.5086154354472,64.0,4.0,0.0,0.0,1.0,1.0,Qualcomm SDM450 Snapdragon 450 (14 nm),0.0
LG G7 One,LG,2018.0,350.0,6.1,156.0,3000.0,7.9,16.0,1440.0,3120.0,563.3241074075942,64.0,4.0,0.0,0.0,1.0,1.0,Qualcomm MSM8998 Snapdragon 835 (10 nm),0.0
LG G7 Fit,LG,2018.0,200.0,6.1,156.0,3000.0,8.0,16.0,1440.0,3120.0,563.3241074075942,64.0,4.0,0.0,0.0,1.0,1.0,Qualcomm MSM8996 Snapdragon 821 (14 nm),0.0
LG Candy,LG,2018.0,80.0,5.0,152.0,2500.0,8.2,8.0,720.0,1280.0,293.7209560109731,16.0,2.0,0.0,0.0,0.0,1.0,,0.0
LG Tribute Empire,LG,2019.0,70.0,5.0,140.1,2500.0,8.1,8.0,720.0,1280.0,293.7209560109731,16.0,2.0,0.0,0.0,0.0,1.0,Mediatek MT6750 (28 nm),0.0
LG V40 ThinQ,LG,2018.0,330.0,6.4,169.0,3300.0,7.6,12.0,1440.0,3120.0,536.9182898728632,128.0,6.0,1.0,0.0,1.0,1.0,Qualcomm SDM845 Snapdragon 845 (10 nm),0.0
LG Q9,LG,2019.0,400.0,6.1,159.0,3000.0,7.9,16.0,1440.0,3120.0,563.3241074075942,64.0,4.0,0.0,0.0,1.0,1.0,Qualcomm MSM8996 Snapdragon 821 (14 nm),0.0
LG K40,LG,2019.0,140.0,5.7,144.0,3000.0,8.3,16.0,720.0,1440.0,282.45069189471025,32.0,3.0,0.0,0.0,1.0,1.0,Mediatek MT6762 Helio P22 (12 nm),0.0
LG K50,LG,2019.0,180.0,6.26,170.0,3500.0,8.7,13.0,720.0,1520.0,268.6747097971711,32.0,3.0,0.0,0.0,1.0,1.0,Mediatek MT6762 Helio P22 (12 nm),0.0
LG Q60,LG,2019.0,230.0,6.26,172.0,3500.0,8.7,16.0,720.0,1520.0,268.6747097971711,64.0,3.0,0.0,0.0,1.0,1.0,Mediatek MT6762 Helio P22 (12 nm),0.0
LG G8 ThinQ,LG,2019.0,350.0,6.1,167.0,3500.0,8.4,12.0,1440.0,3120.0,563.3241074075942,128.0,6.0,1.0,0.0,1.0,1.0,Qualcomm SM8150 Snapdragon 855 (7 nm),0.0
LG G8S ThinQ,LG,2019.0,480.0,6.21,181.0,3550.0,8.0,12.0,1080.0,2248.0,401.6060445003491,128.0,6.0,1.0,0.0,1.0,1.0,Qualcomm SM8150 Snapdragon 855 (7 nm),0.0
LG V50 ThinQ 5G,LG,2019.0,550.0,6.4,183.0,4000.0,8.3,12.0,1440.0,3120.0,536.9182898728632,128.0,6.0,1.0,1.0,1.0,1.0,Qualcomm SM8150 Snapdragon 855 (7 nm),0.0
LG Stylo 5,LG,2019.0,200.0,6.2,179.0,3500.0,8.4,13.0,1080.0,2160.0,389.5086154354472,32.0,3.0,0.0,0.0,0.0,1.0,Qualcomm SDM450 Snapdragon 450 (14 nm),0.0
LG W10,LG,2019.0,110.0,6.19,164.0,4000.0,8.5,13.0,720.0,1512.0,270.54560296353355,32.0,3.0,0.0,0.0,0.0,1.0,Mediatek MT6762 Helio P22 (12 nm),0.0
LG W30,LG,2019.0,130.0,6.26,175.0,4000.0,8.2,12.0,720.0,1520.0,268.6747097971711,64.0,4.0,0.0,0.0,0.0,1.0,Mediatek MT6762 Helio P22 (12 nm),0.0
LG W30 Pro,LG,2019.0,190.0,6.22,172.0,4050.0,8.3,13.0,720.0,1520.0,270.4025214357381,64.0,4.0,0.0,0.0,0.0,1.0,Qualcomm SDM632 Snapdragon 632 (14 nm),0.0
LG K50S,LG,2019.0,200.0,6.5,194.0,4000.0,8.2,13.0,720.0,1520.0,258.75441282004476,32.0,3.0,0.0,0.0,1.0,1.0,Mediatek MT6762 Helio P22 (12 nm),0.0
LG K40S,LG,2019.0,160.0,6.1,186.0,3500.0,8.6,13.0,720.0,1520.0,275.7219153000477,32.0,3.0,0.0,0.0,1.0,1.0,Mediatek MT6762 Helio P22 (12 nm),0.0
LG K20 (2019),LG,2019.0,100.0,5.45,152.0,3000.0,8.3,8.0,480.0,960.0,196.9380971008989,16.0,1.0,0.0,0.0,0.0,1.0,Mediatek MT6739 (28 nm),0.0
LG K30 (2019),LG,2019.0,140.0,5.45,148.0,3000.0,8.5,8.0,720.0,1440.0,295.40714565134834,16.0,2.0,0.0,0.0,1.0,1.0,Qualcomm MSM8917 Snapdragon 425 (28 nm),0.0
LG Q70,LG,2019.0,320.0,6.4,198.0,4000.0,8.3,32.0,1080.0,2310.0,398.4375,64.0,4.0,0.0,0.0,1.0,1.0,Qualcomm SDM675 Snapdragon 675 (11 nm),0.0
LG G8X ThinQ,LG,2019.0,560.0,6.4,192.0,4000.0,8.4,12.0,1080.0,2340.0,402.68871740464743,128.0,6.0,1.0,0.0,1.0,1.0,Qualcomm SM8150 Snapdragon 855 (7 nm),0.0
LG V50S ThinQ 5G,LG,2019.0,1100.0,6.4,192.0,4000.0,8.4,12.0,1080.0,2340.0,402.68871740464743,256.0,8.0,1.0,1.0,1.0,1.0,Qualcomm SM8150 Snapdragon 855 (7 nm),0.0
LG K41S,LG,2020.0,220.0,6.55,191.7,4000.0,8.3,13.0,720.0,1600.0,267.8682406041076,32.0,3.0,0.0,0.0,1.0,1.0,Mediatek MT6762 Helio P22 (12 nm),0.0
LG K51S,LG,2020.0,200.0,6.55,194.5,4000.0,8.3,32.0,720.0,1600.0,267.8682406041076,64.0,3.0,0.0,0.0,1.0,1.0,Mediatek MT6765 Helio P35 (12nm),0.0
LG K61,LG,2020.0,300.0,6.53,191.0,4000.0,8.4,48.0,1080.0,2340.0,394.6719435512624,128.0,4.0,0.0,0.0,1.0,1.0,Mediatek MT6765 Helio P35 (12nm),0.0
LG W10 Alpha,LG,2020.0,130.0,5.71,170.0,3450.0,8.9,8.0,720.0,1512.0,293.2884907783315,32.0,3.0,0.0,0.0,0.0,1.0,Unisoc SC9863A (28nm),0.0
LG V60 ThinQ 5G,LG,2020.0,700.0,6.8,213.0,5000.0,8.9,64.0,1080.0,2460.0,395.09317371596666,256.0,8.0,1.0,1.0,1.0,1.0,Qualcomm SM8250 Snapdragon 865 5G (7 nm+),0.0
LG V60 ThinQ 5G UW,LG,2020.0,870.0,6.8,218.0,5000.0,8.9,64.0,1080.0,2460.0,395.09317371596666,128.0,8.0,1.0,1.0,1.0,1.0,Qualcomm SM8250 Snapdragon 865 5G (7 nm+),0.0
LG Velvet 5G,LG,2020.0,470.0,6.8,180.0,4300.0,7.9,48.0,1080.0,2460.0,395.09317371596666,128.0,8.0,1.0,1.0,1.0,1.0,Qualcomm SM7250 Snapdragon 765G 5G (7 nm),0.0
LG Velvet,LG,2020.0,360.0,6.8,180.0,4300.0,7.9,48.0,1080.0,2460.0,395.09317371596666,128.0,6.0,1.0,0.0,1.0,1.0,Qualcomm SDM845 Snapdragon 845 (10 nm),0.0
LG Stylo 6,LG,2020.0,200.0,6.8,219.0,4000.0,8.6,13.0,1080.0,2460.0,395.09317371596666,64.0,3.0,0.0,0.0,0.0,1.0,Mediatek MT6765 Helio P35 (12nm),0.0
LG K31,LG,2020.0,130.0,5.7,146.0,3000.0,8.6,13.0,720.0,1520.0,295.07082163689313,32.0,2.0,0.0,0.0,0.0,1.0,Mediatek MT6762 Helio P22 (12 nm),0.0
LG Q31,LG,2020.0,150.0,5.7,145.0,3000.0,8.7,13.0,720.0,1520.0,295.07082163689313,32.0,3.0,0.0,0.0,0.0,1.0,Mediatek MT6762 Helio P22 (12 nm),0.0
LG Q92 5G,LG,2020.0,360.0,6.67,193.0,4000.0,8.5,48.0,1080.0,2400.0,394.57353282389164,128.0,6.0,0.0,1.0,1.0,1.0,Qualcomm SM7250 Snapdragon 765G 5G (7 nm),0.0
LG K22,LG,2020.0,140.0,6.2,169.5,3000.0,8.4,13.0,720.0,1520.0,271.27478763391787,64.0,3.0,0.0,0.0,0.0,1.0,Qualcomm QM215 Snapdragon 215 (28 nm),0.0
LG Wing 5G,LG,2020.0,850.0,6.8,260.0,4000.0,10.9,64.0,1080.0,2460.0,395.09317371596666,256.0,8.0,1.0,1.0,1.0,0.0,Qualcomm SM7250 Snapdragon 765G 5G (7 nm),0.0
LG K42,LG,2020.0,140.0,6.6,182.0,4000.0,8.4,13.0,720.0,1600.0,265.83893575104617,64.0,3.0,0.0,0.0,1.0,1.0,Mediatek MT6762 Helio P22 (12 nm),0.0
LG K52,LG,2020.0,220.0,6.6,188.0,4000.0,8.4,48.0,720.0,1600.0,265.83893575104617,64.0,4.0,0.0,0.0,1.0,1.0,Mediatek MT6765 Helio P35 (12nm),0.0
LG Q52,LG,2020.0,240.0,6.6,186.0,4000.0,8.4,48.0,720.0,1600.0,265.83893575104617,64.0,4.0,0.0,0.0,1.0,1.0,Mediatek MT6765 Helio P35 (12nm),0.0
LG K62,LG,2020.0,290.0,6.6,186.0,4000.0,8.4,48.0,720.0,1600.0,265.83893575104617,128.0,4.0,0.0,0.0,1.0,1.0,Mediatek MT6765 Helio P35 (12nm),0.0
LG K92 5G,LG,2020.0,340.0,6.7,202.4,4000.0,8.4,64.0,1080.0,2400.0,392.8067856619936,128.0,6.0,0.0,1.0,1.0,1.0,Qualcomm SM6350 Snapdragon 690 5G (8 nm),0.0
LG W31,LG,2020.0,130.0,6.52,173.6,4000.0,8.4,13.0,720.0,1600.0,269.1007631835743,128.0,4.0,0.0,0.0,0.0,1.0,Mediatek MT6762 Helio P22 (12 nm),0.0
LG W31+,LG,2020.0,140.0,6.52,173.6,4000.0,8.4,13.0,720.0,1600.0,269.1007631835743,128.0,4.0,0.0,0.0,0.0,1.0,Mediatek MT6762 Helio P22 (12 nm),0.0
LG W41,LG,2021.0,160.0,6.55,201.0,5000.0,9.3,48.0,900.0,1600.0,280.2680877967301,64.0,4.0,0.0,0.0,0.0,1.0,MediaTek MT6765G Helio G35 (12 nm),0.0
LG W41+,LG,2021.0,170.0,6.55,201.0,5000.0,9.3,48.0,900.0,1600.0,280.2680877967301,128.0,4.0,0.0,0.0,0.0,1.0,MediaTek MT6765G Helio G35 (12 nm),0.0
LG W41 Pro,LG,2021.0,180.0,6.55,201.0,5000.0,9.3,48.0,900.0,1600.0,280.2680877967301,128.0,6.0,0.0,0.0,0.0,1.0,MediaTek MT6765G Helio G35 (12 nm),0.0
Lenovo Vibe X2 Pro,Lenovo,2015.0,330.0,5.3,140.0,2410.0,7.0,13.0,1080.0,1920.0,415.6428622796789,32.0,2.0,0.0,0.0,0.0,1.0,Qualcomm MSM8939 Snapdragon 615 (28 nm),0.0
Lenovo P90,Lenovo,2015.0,450.0,5.5,156.0,4000.0,8.5,13.0,1080.0,1920.0,400.52857637859967,32.0,2.0,0.0,0.0,0.0,1.0,Intel Atom Z3560,0.0
Lenovo A6000,Lenovo,2015.0,100.0,5.0,128.0,2300.0,8.2,8.0,720.0,1280.0,293.7209560109731,8.0,1.0,0.0,0.0,0.0,1.0,Qualcomm MSM8916 Snapdragon 410 (28 nm),0.0
Lenovo P70,Lenovo,2015.0,240.0,5.0,149.0,4000.0,8.9,13.0,720.0,1280.0,293.7209560109731,16.0,2.0,0.0,0.0,0.0,1.0,Mediatek MT6752 (28 nm),0.0
Lenovo A5000,Lenovo,2015.0,150.0,5.0,160.0,4000.0,10.0,8.0,720.0,1280.0,293.7209560109731,8.0,1.0,0.0,0.0,0.0,1.0,Mediatek MT6582 (28 nm),0.0
Lenovo A7000,Lenovo,2015.0,150.0,5.5,140.0,2900.0,8.0,8.0,720.0,1280.0,267.0190509190665,8.0,2.0,0.0,0.0,0.0,1.0,Mediatek MT6752m,0.0
Lenovo A7000 Plus,Lenovo,2015.0,190.0,5.5,140.0,2900.0,8.0,13.0,1080.0,1920.0,400.52857637859967,16.0,2.0,0.0,0.0,0.0,1.0,Mediatek MT6752 (28 nm),0.0
Lenovo Vibe Shot,Lenovo,2015.0,300.0,5.0,145.0,3000.0,7.3,16.0,1080.0,1920.0,440.58143401645964,32.0,3.0,0.0,0.0,0.0,1.0,Qualcomm MSM8939 Snapdragon 615 (28 nm),0.0
Lenovo K3 Note,Lenovo,2015.0,150.0,5.5,150.0,3000.0,8.0,13.0,1080.0,1920.0,400.52857637859967,16.0,2.0,0.0,0.0,0.0,1.0,Mediatek MT6752 (28 nm),0.0
Lenovo A1900,Lenovo,2015.0,60.0,4.0,117.0,1500.0,9.5,2.0,480.0,800.0,233.23807579381202,4.0,0.5,0.0,0.0,0.0,1.0,Spreadtrum SC7730,0.0
Lenovo A6000 Plus,Lenovo,2015.0,110.0,5.0,128.0,2300.0,8.2,8.0,720.0,1280.0,293.7209560109731,16.0,2.0,0.0,0.0,0.0,1.0,Qualcomm MSM8916 Snapdragon 410 (28 nm),0.0
Lenovo S60,Lenovo,2015.0,280.0,5.0,128.0,2150.0,7.7,13.0,720.0,1280.0,293.7209560109731,8.0,2.0,0.0,0.0,0.0,1.0,Qualcomm MSM8916 Snapdragon 410 (28 nm),0.0
Lenovo K80,Lenovo,2015.0,280.0,5.5,158.0,4000.0,,13.0,1080.0,1920.0,400.52857637859967,64.0,4.0,0.0,0.0,1.0,1.0,Intel Atom Z3560,0.0
Lenovo A3900,Lenovo,2015.0,70.0,5.0,157.0,2300.0,9.0,5.0,480.0,854.0,195.93019164998537,4.0,0.5,0.0,0.0,0.0,1.0,Mediatek MT6752 (28 nm),0.0
Lenovo A616,Lenovo,2015.0,50.0,5.5,174.0,2250.0,9.2,5.0,480.0,854.0,178.11835604544126,4.0,0.5,0.0,0.0,0.0,1.0,Mediatek MT6732M (28 nm),0.0
Lenovo A2010,Lenovo,2015.0,70.0,4.5,137.0,2000.0,9.9,5.0,480.0,854.0,217.70021294442822,8.0,1.0,0.0,0.0,0.0,1.0,Mediatek MT6735M (28 nm),0.0
Lenovo ZUK Z1,Lenovo,2015.0,320.0,5.5,175.0,4100.0,8.9,13.0,1080.0,1920.0,400.52857637859967,64.0,3.0,0.0,0.0,0.0,1.0,Qualcomm MSM8974AC Snapdragon 801 (28 nm),0.0
Lenovo Vibe S1,Lenovo,2015.0,270.0,5.0,132.0,2420.0,7.8,13.0,1080.0,1920.0,440.58143401645964,32.0,3.0,0.0,0.0,0.0,1.0,Mediatek MT6752 (28 nm),0.0
Lenovo Vibe P1m,Lenovo,2015.0,110.0,5.0,148.0,4000.0,9.3,8.0,720.0,1280.0,293.7209560109731,16.0,2.0,0.0,0.0,0.0,1.0,Mediatek MT6735P (28 nm),0.0
Lenovo A6010,Lenovo,2015.0,150.0,5.0,128.0,2300.0,8.2,8.0,720.0,1280.0,293.7209560109731,8.0,1.0,0.0,0.0,0.0,1.0,Qualcomm MSM8916 Snapdragon 410 (28 nm),0.0
Lenovo A6010 Plus,Lenovo,2015.0,160.0,5.0,128.0,2300.0,8.2,13.0,720.0,1280.0,293.7209560109731,16.0,2.0,0.0,0.0,0.0,1.0,Qualcomm MSM8916 Snapdragon 410 (28 nm),0.0
Lenovo Vibe P1,Lenovo,2015.0,380.0,5.5,189.0,5000.0,9.9,13.0,1080.0,1920.0,400.52857637859967,32.0,2.0,0.0,0.0,1.0,1.0,Qualcomm MSM8939 Snapdragon 615 (28 nm),0.0
Lenovo Phab Plus,Lenovo,2015.0,250.0,6.8,229.0,3500.0,7.6,13.0,1080.0,1920.0,323.95693677680856,32.0,2.0,0.0,0.0,0.0,1.0,Qualcomm MSM8939 Snapdragon 615 (28 nm),0.0
Lenovo Phab,Lenovo,2015.0,180.0,6.98,250.0,4250.0,8.9,13.0,720.0,1280.0,210.40183095341914,16.0,1.0,0.0,0.0,0.0,1.0,Qualcomm MSM8916 Snapdragon 410 (28 nm),0.0
Lenovo A1000,Lenovo,2015.0,60.0,4.0,132.0,2000.0,10.6,5.0,480.0,800.0,233.23807579381202,8.0,1.0,0.0,0.0,0.0,1.0,Spreadtrum SC7731,0.0
Lenovo A3690,Lenovo,2015.0,110.0,5.0,140.0,2300.0,8.8,8.0,720.0,1280.0,293.7209560109731,8.0,1.0,0.0,0.0,0.0,1.0,Mediatek MT6735P (28 nm),0.0
Lenovo Vibe X3,Lenovo,2015.0,300.0,5.5,175.0,3500.0,9.3,21.0,1080.0,1920.0,400.52857637859967,64.0,3.0,0.0,0.0,1.0,1.0,Qualcomm MSM8992 Snapdragon 808 (20 nm),0.0
Lenovo Vibe K4 Note,Lenovo,2016.0,190.0,5.5,158.0,3300.0,9.2,13.0,1080.0,1920.0,400.52857637859967,32.0,3.0,0.0,0.0,1.0,1.0,Mediatek MT6753 (28 nm),0.0
Lenovo Vibe S1 Lite,Lenovo,2016.0,210.0,5.0,129.0,2700.0,8.6,13.0,1080.0,1920.0,440.58143401645964,16.0,2.0,0.0,0.0,0.0,1.0,Mediatek MT6753 (28 nm),0.0
Lenovo Lemon 3,Lenovo,2016.0,110.0,5.0,142.0,2750.0,8.0,13.0,1080.0,1920.0,440.58143401645964,16.0,2.0,0.0,0.0,0.0,1.0,Qualcomm MSM8939v2 Snapdragon 616 (28 nm),0.0
Lenovo K5 Note,Lenovo,2016.0,190.0,5.5,165.0,3500.0,8.5,13.0,1080.0,1920.0,400.52857637859967,32.0,4.0,0.0,0.0,0.0,1.0,Mediatek MT6755 Helio P10 (28 nm),0.0
Lenovo Vibe P1 Turbo,Lenovo,2016.0,260.0,5.5,189.0,4900.0,9.9,13.0,1080.0,1920.0,400.52857637859967,32.0,3.0,0.0,0.0,1.0,1.0,Qualcomm MSM8939v2 Snapdragon 616 (28 nm),0.0
Lenovo A7000 Turbo,Lenovo,2016.0,180.0,5.5,150.0,2900.0,8.0,13.0,1080.0,1920.0,400.52857637859967,16.0,2.0,0.0,0.0,0.0,1.0,Mediatek MT6752 (28 nm),0.0
Lenovo Vibe K5,Lenovo,2016.0,120.0,5.0,142.0,2750.0,8.0,13.0,720.0,1280.0,293.7209560109731,16.0,2.0,0.0,0.0,0.0,1.0,Qualcomm MSM8929 Snapdragon 415 (28 nm),0.0
Lenovo Vibe K5 Plus,Lenovo,2016.0,140.0,5.0,142.0,2750.0,8.0,13.0,1080.0,1920.0,440.58143401645964,16.0,2.0,0.0,0.0,0.0,1.0,Qualcomm MSM8939v2 Snapdragon 616 (28 nm),0.0
Lenovo ZUK Z2 Pro,Lenovo,2016.0,350.0,5.2,145.0,3100.0,7.5,13.0,1080.0,1920.0,423.6359942465958,128.0,6.0,1.0,0.0,0.0,1.0,Qualcomm MSM8996 Snapdragon 820 (14 nm),0.0
Lenovo Vibe C,Lenovo,2016.0,90.0,5.0,166.0,2300.0,9.0,5.0,480.0,854.0,195.93019164998537,8.0,1.0,0.0,0.0,0.0,1.0,Qualcomm MSM8909 Snapdragon 210 (28 nm),0.0
Lenovo ZUK Z2,Lenovo,2016.0,220.0,5.0,149.0,3500.0,8.5,13.0,1080.0,1920.0,440.58143401645964,64.0,4.0,0.0,0.0,0.0,1.0,Qualcomm MSM8996 Snapdragon 820 (14 nm),0.0
Lenovo Phab2 Pro,Lenovo,2016.0,350.0,6.4,259.0,4050.0,10.7,16.0,1440.0,2560.0,458.93899376714546,64.0,4.0,0.0,0.0,0.0,1.0,Qualcomm MSM8976 Snapdragon 652 (28 nm),0.0
Lenovo Phab2,Lenovo,2016.0,230.0,6.4,225.0,4050.0,9.6,13.0,720.0,1280.0,229.46949688357273,32.0,3.0,0.0,0.0,0.0,1.0,Mediatek MT8735,0.0
Lenovo Phab2 Plus,Lenovo,2016.0,250.0,6.4,218.0,4050.0,9.6,13.0,1080.0,1920.0,344.20424532535907,32.0,3.0,0.0,0.0,0.0,1.0,Mediatek MT8783,0.0
Lenovo C2,Lenovo,2016.0,200.0,5.0,139.0,2750.0,8.6,8.0,720.0,1280.0,293.7209560109731,16.0,1.0,0.0,0.0,0.0,1.0,Mediatek MT6735P (28 nm),0.0
Lenovo C2 Power,Lenovo,2016.0,170.0,5.0,155.6,3500.0,,8.0,720.0,1280.0,293.7209560109731,16.0,2.0,0.0,0.0,0.0,1.0,Mediatek MT6735P (28 nm),0.0
Lenovo Vibe A,Lenovo,2016.0,50.0,4.0,132.0,1700.0,10.6,5.0,480.0,800.0,233.23807579381202,4.0,0.5,0.0,0.0,0.0,1.0,Spreadtrum SC7731G,0.0
Lenovo K6,Lenovo,2016.0,200.0,5.0,140.0,3000.0,8.2,13.0,1080.0,1920.0,440.58143401645964,32.0,2.0,0.0,0.0,0.0,1.0,Qualcomm MSM8937 Snapdragon 430 (28 nm),0.0
Lenovo K6 Power,Lenovo,2016.0,170.0,5.0,145.0,4000.0,9.3,13.0,1080.0,1920.0,440.58143401645964,32.0,3.0,0.0,0.0,0.0,1.0,Qualcomm MSM8937 Snapdragon 430 (28 nm),0.0
Lenovo K6 Note,Lenovo,2016.0,250.0,5.5,169.0,4000.0,8.4,16.0,1080.0,1920.0,400.52857637859967,32.0,4.0,0.0,0.0,0.0,1.0,Qualcomm MSM8937 Snapdragon 430 (28 nm),0.0
Lenovo P2,Lenovo,2016.0,240.0,5.5,177.0,5100.0,8.3,13.0,1080.0,1920.0,400.52857637859967,64.0,4.0,1.0,0.0,1.0,1.0,Qualcomm MSM8953 Snapdragon 625 (14 nm),0.0
Lenovo A Plus,Lenovo,2016.0,70.0,4.5,146.0,2000.0,9.9,5.0,480.0,854.0,217.70021294442822,8.0,1.0,0.0,0.0,0.0,1.0,Mediatek MT6580 (28 nm),0.0
Lenovo B,Lenovo,2016.0,80.0,4.5,144.0,2000.0,9.9,5.0,480.0,800.0,207.32273403894402,8.0,1.0,0.0,0.0,0.0,1.0,Mediatek MT6735 (28 nm),0.0
Lenovo A6600,Lenovo,2016.0,110.0,5.0,142.0,2300.0,8.8,8.0,720.0,1280.0,293.7209560109731,16.0,1.0,0.0,0.0,0.0,1.0,Mediatek MT6735P (28 nm),0.0
Lenovo A6600 Plus,Lenovo,2016.0,130.0,5.0,142.0,2300.0,8.8,8.0,720.0,1280.0,293.7209560109731,16.0,2.0,0.0,0.0,0.0,1.0,Mediatek MT6735P (28 nm),0.0
Lenovo ZUK Edge,Lenovo,2016.0,450.0,5.5,160.0,3100.0,7.7,13.0,1080.0,1920.0,400.52857637859967,64.0,6.0,0.0,0.0,0.0,1.0,Qualcomm MSM8996 Snapdragon 821 (14 nm),0.0
Lenovo K8 Note,Lenovo,2017.0,180.0,5.5,180.0,4000.0,8.5,13.0,1080.0,1920.0,400.52857637859967,64.0,4.0,0.0,0.0,0.0,1.0,Mediatek MT6797D Helio X23 (20 nm),0.0
Lenovo K8,Lenovo,2017.0,170.0,5.2,165.0,4000.0,8.6,13.0,720.0,1280.0,282.42399616439724,32.0,3.0,0.0,0.0,0.0,1.0,Mediatek MT6757 Helio P20 (16 nm),0.0
Lenovo K8 Plus,Lenovo,2017.0,200.0,5.2,165.0,4000.0,9.0,13.0,1080.0,1920.0,423.6359942465958,32.0,4.0,0.0,0.0,0.0,1.0,Mediatek MT6757 Helio P25 (16 nm),0.0
Lenovo K320t,Lenovo,2017.0,150.0,5.7,153.8,3000.0,8.5,8.0,720.0,1440.0,282.45069189471025,32.0,3.0,0.0,0.0,0.0,1.0,Spreadtrum,0.0
Lenovo S5,Lenovo,2018.0,150.0,5.7,155.0,3000.0,7.8,13.0,1080.0,2160.0,423.6760378420654,128.0,4.0,0.0,0.0,0.0,1.0,Qualcomm MSM8953 Snapdragon 625 (14 nm),0.0
Lenovo K5,Lenovo,2018.0,130.0,5.7,160.0,3000.0,7.8,13.0,720.0,1440.0,282.45069189471025,32.0,3.0,0.0,0.0,0.0,1.0,Mediatek MT6750V/CB,0.0
Lenovo K5 play,Lenovo,2018.0,110.0,5.7,155.0,3000.0,7.9,13.0,720.0,1440.0,282.45069189471025,32.0,3.0,0.0,0.0,0.0,1.0,Qualcomm MSM8937 Snapdragon 430 (28 nm),0.0
Lenovo A5,Lenovo,2018.0,120.0,5.45,160.0,4000.0,9.8,13.0,720.0,1440.0,295.40714565134834,32.0,3.0,0.0,0.0,0.0,1.0,Mediatek MT6739 (28 nm),0.0
Lenovo K5 Note (2018),Lenovo,2018.0,150.0,6.0,176.0,3760.0,8.5,16.0,720.0,1440.0,268.32815729997475,64.0,4.0,0.0,0.0,0.0,1.0,Qualcomm SDM450 Snapdragon 450 (14 nm),0.0
Lenovo Z5,Lenovo,2018.0,200.0,6.2,165.0,3300.0,7.9,16.0,1080.0,2246.0,401.96305502702575,128.0,6.0,0.0,0.0,0.0,1.0,Qualcomm SDM636 Snapdragon 636 (14 nm),0.0
Lenovo K9,Lenovo,2018.0,130.0,5.7,155.0,3000.0,8.0,13.0,720.0,1440.0,282.45069189471025,32.0,3.0,0.0,0.0,0.0,1.0,Mediatek MT6762 Helio P22 (12 nm),0.0
Lenovo K5 Pro,Lenovo,2018.0,150.0,5.99,165.0,4050.0,8.0,16.0,1080.0,2160.0,403.16417624370166,128.0,6.0,0.0,0.0,0.0,1.0,Qualcomm SDM636 Snapdragon 636 (14 nm),0.0
Lenovo S5 Pro,Lenovo,2018.0,200.0,6.2,170.0,3500.0,7.7,12.0,1080.0,2246.0,401.96305502702575,128.0,6.0,0.0,0.0,0.0,1.0,Qualcomm SDM636 Snapdragon 636 (14 nm),0.0
Lenovo Z5 Pro,Lenovo,2018.0,300.0,6.39,210.0,3350.0,9.3,16.0,1080.0,2340.0,403.31890319088325,128.0,6.0,1.0,0.0,1.0,0.0,Qualcomm SDM710 Snapdragon 710 (10 nm),0.0
Lenovo Z5 Pro GT,Lenovo,2018.0,400.0,6.39,210.0,3350.0,9.3,16.0,1080.0,2340.0,403.31890319088325,512.0,12.0,1.0,0.0,1.0,0.0,Qualcomm SM8150 Snapdragon 855 (7 nm),0.0
Lenovo Z5s,Lenovo,2018.0,220.0,6.3,172.0,3300.0,7.9,16.0,1080.0,2340.0,409.08060180789585,128.0,6.0,0.0,0.0,0.0,1.0,Qualcomm SDM710 Snapdragon 710 (10 nm),0.0
Lenovo S5 Pro GT,Lenovo,2018.0,200.0,6.2,170.0,3500.0,7.7,12.0,1080.0,2246.0,401.96305502702575,128.0,6.0,0.0,0.0,0.0,1.0,Qualcomm SDM660 Snapdragon 660 (14 nm),0.0
Lenovo K6 Enjoy,Lenovo,2019.0,190.0,6.22,161.0,3300.0,8.0,12.0,720.0,1520.0,270.4025214357381,128.0,4.0,0.0,0.0,0.0,1.0,Mediatek MT6762 Helio P22 (12 nm),0.0
Lenovo Z6 Pro,Lenovo,2019.0,430.0,6.39,185.0,4000.0,8.7,48.0,1080.0,2340.0,403.31890319088325,512.0,12.0,1.0,0.0,0.0,1.0,Qualcomm SM8150 Snapdragon 855 (7 nm),0.0
Lenovo Z6 Youth,Lenovo,2019.0,160.0,6.3,164.0,4050.0,7.9,16.0,1080.0,2340.0,409.08060180789585,128.0,6.0,0.0,0.0,1.0,1.0,Qualcomm SDM710 Snapdragon 710 (10 nm),0.0
Lenovo Z6 Pro 5G,Lenovo,2019.0,400.0,6.39,185.0,4000.0,8.7,48.0,1080.0,2340.0,403.31890319088325,512.0,12.0,1.0,1.0,1.0,1.0,Qualcomm SM8150 Snapdragon 855 (7 nm),0.0
Lenovo Z6,Lenovo,2019.0,250.0,6.39,159.0,4000.0,8.0,24.0,1080.0,2340.0,403.31890319088325,128.0,8.0,1.0,0.0,0.0,1.0,Qualcomm SDM730 Snapdragon 730 (8 nm),0.0
Lenovo A6 Note,Lenovo,2019.0,100.0,6.09,172.0,4000.0,9.2,13.0,720.0,1560.0,282.1245529709626,32.0,3.0,0.0,0.0,0.0,1.0,Mediatek MT6762 Helio P22 (12 nm),0.0
Lenovo K10 Note,Lenovo,2019.0,180.0,6.3,164.0,4050.0,7.9,16.0,1080.0,2340.0,409.08060180789585,128.0,6.0,0.0,0.0,0.0,1.0,Qualcomm SDM710 Snapdragon 710 (10 nm),0.0
Lenovo Legion Duel,Lenovo,2020.0,510.0,6.65,239.0,5000.0,9.9,64.0,1080.0,2340.0,387.55004381800654,512.0,16.0,1.0,1.0,1.0,0.0,Qualcomm SM8250 Snapdragon 865 5G+ (7 nm+),0.0
Lenovo A8 2020,Lenovo,2020.0,90.0,6.53,205.0,5000.0,9.3,13.0,720.0,1560.0,263.1146290341749,64.0,4.0,0.0,0.0,0.0,1.0,Mediatek MT6762 Helio P22 (12 nm),0.0
Lenovo K12 (China),Lenovo,2020.0,100.0,6.5,200.0,5000.0,9.2,48.0,720.0,1600.0,269.92876553183146,64.0,4.0,0.0,0.0,0.0,1.0,Qualcomm SM4250 Snapdragon 460 (11 nm),0.0
Lenovo K12 Pro,Lenovo,2020.0,130.0,6.8,221.0,6000.0,9.7,64.0,720.0,1640.0,263.39544914397777,128.0,4.0,0.0,0.0,1.0,1.0,Qualcomm SM6115 Snapdragon 662 (11 nm),0.0
Lenovo Legion Duel 2,Lenovo,2021.0,800.0,6.92,259.0,5500.0,9.9,64.0,1080.0,2460.0,388.2418470041291,512.0,16.0,1.0,1.0,1.0,0.0,Qualcomm SM8350 Snapdragon 888 5G (5 nm),0.0
Lenovo Legion 2 Pro,Lenovo,2021.0,880.0,6.92,259.0,5500.0,9.9,64.0,1080.0,2460.0,388.2418470041291,512.0,18.0,1.0,1.0,1.0,0.0,Qualcomm SM8350 Snapdragon 888 5G (5 nm),0.0
Lenovo K13 Note,Lenovo,2021.0,120.0,6.5,200.0,5000.0,9.1,48.0,720.0,1600.0,269.92876553183146,128.0,4.0,0.0,0.0,1.0,1.0,Qualcomm SM4250 Snapdragon 460 (11 nm),0.0
Lenovo K13,Lenovo,2021.0,90.0,6.52,200.0,5000.0,9.2,13.0,720.0,1600.0,269.1007631835743,32.0,2.0,0.0,0.0,0.0,1.0,Unisoc SC9863A (28nm),0.0
Lenovo K13 Pro,Lenovo,2021.0,150.0,6.51,200.0,5000.0,,64.0,720.0,1600.0,269.5141284111989,128.0,6.0,0.0,0.0,0.0,1.0,Qualcomm SM6115 Snapdragon 662 (11 nm),0.0
Lenovo K14 Plus,Lenovo,2022.0,200.0,6.5,198.0,5000.0,9.1,48.0,720.0,1600.0,269.92876553183146,64.0,4.0,0.0,0.0,0.0,1.0,Unisoc T700,0.0
Lenovo Legion Y90,Lenovo,2022.0,570.0,6.92,252.0,5600.0,10.1,64.0,1080.0,2460.0,388.2418470041291,640.0,18.0,1.0,1.0,1.0,0.0,Qualcomm SM8450 Snapdragon 8 Gen 1 (4 nm),0.0
Lenovo Legion Y70,Lenovo,2022.0,440.0,6.67,209.0,5100.0,8.0,50.0,1080.0,2400.0,394.57353282389164,512.0,16.0,1.0,1.0,1.0,0.0,Qualcomm SM8475 Snapdragon 8+ Gen 1 (4 nm),0.0
LeEco Le 1s,LeEco,2016.0,210.0,5.5,169.0,3000.0,7.6,13.0,1080.0,1920.0,400.52857637859967,32.0,3.0,0.0,0.0,0.0,1.0,Mediatek MT6795 Helio X10 (28 nm),0.0
LeEco Le Max,LeEco,2016.0,350.0,6.33,204.0,3400.0,9.0,21.0,1440.0,2560.0,464.0141485165452,128.0,4.0,0.0,0.0,1.0,1.0,Qualcomm MSM8994 Snapdragon 810 (20 nm),0.0
LeEco Le 2,LeEco,2016.0,190.0,5.5,153.0,3000.0,7.5,16.0,1080.0,1920.0,400.52857637859967,64.0,3.0,0.0,0.0,0.0,0.0,"Mediatek MT6797 Helio X20 (20 nm)
Qualcomm MSM8976 Snapdragon 652 (28 nm)",0.0
LeEco Le 2 Pro,LeEco,2016.0,260.0,5.5,153.0,3000.0,7.5,21.0,1080.0,1920.0,400.52857637859967,32.0,4.0,0.0,0.0,0.0,0.0,Mediatek MT6797T Helio X25 (20 nm),0.0
LeEco Le Max 2,LeEco,2016.0,350.0,5.7,185.0,3100.0,8.0,21.0,1440.0,2560.0,515.2999228262686,128.0,6.0,0.0,0.0,1.0,0.0,Qualcomm MSM8996 Snapdragon 820 (14 nm),0.0
LeEco Le Pro3,LeEco,2016.0,330.0,5.5,175.0,4070.0,7.5,16.0,1080.0,1920.0,400.52857637859967,128.0,6.0,0.0,0.0,1.0,0.0,Qualcomm MSM8996 Snapdragon 821 (14 nm),0.0
LeEco Le S3,LeEco,2016.0,200.0,5.5,153.0,3000.0,7.5,16.0,1080.0,1920.0,400.52857637859967,32.0,3.0,0.0,0.0,0.0,0.0,Qualcomm MSM8976 Snapdragon 652 (28 nm),0.0
LeEco Le Pro3 Elite,LeEco,2017.0,280.0,5.5,175.0,4070.0,7.5,16.0,1080.0,1920.0,400.52857637859967,128.0,6.0,0.0,0.0,0.0,0.0,Qualcomm MSM8996 Snapdragon 820 (14 nm),0.0
LeEco Le Pro 3 AI Edition,LeEco,2017.0,280.0,5.5,168.0,4000.0,7.5,13.0,1080.0,1920.0,400.52857637859967,64.0,4.0,0.0,0.0,1.0,0.0,"Mediatek MT6797D Helio X23 (20 nm) - Standard
Mediatek MT6797X Helio X27 (20 nm) - Eco Edition",0.0
Lava Iris X8,Lava,2015.0,130.0,5.0,160.0,2500.0,8.6,8.0,720.0,1280.0,293.7209560109731,16.0,2.0,0.0,0.0,0.0,1.0,,0.0
Lava Iris X1 Grand,Lava,2015.0,110.0,5.0,152.0,2200.0,9.2,8.0,480.0,854.0,195.93019164998537,8.0,1.0,0.0,0.0,0.0,1.0,Mediatek MT6582M (28 nm),0.0
Lava Pixel V1,Lava,2015.0,160.0,5.5,135.0,2560.0,8.5,8.0,720.0,1280.0,267.0190509190665,32.0,2.0,0.0,0.0,0.0,1.0,,0.0
Lava Pixel V2,Lava,2015.0,120.0,5.0,128.0,2500.0,7.6,13.0,720.0,1280.0,293.7209560109731,16.0,2.0,0.0,0.0,0.0,1.0,Mediatek MT6735 (28 nm),0.0
Lava X10,Lava,2015.0,150.0,5.0,133.0,2900.0,7.9,13.0,720.0,1280.0,293.7209560109731,16.0,3.0,0.0,0.0,0.0,1.0,Mediatek MT6735 (28 nm),0.0
Lava X3 (2016),Lava,2016.0,100.0,5.0,142.0,2500.0,8.5,8.0,720.0,1280.0,293.7209560109731,8.0,2.0,0.0,0.0,0.0,1.0,,0.0
Lava V5,Lava,2016.0,150.0,5.5,153.2,3000.0,8.3,13.0,720.0,1280.0,267.0190509190665,16.0,3.0,0.0,0.0,0.0,1.0,Mediatek MT6735 (28 nm),0.0
Lava Z10,Lava,2017.0,160.0,5.0,148.0,2620.0,8.4,8.0,720.0,1280.0,293.7209560109731,16.0,3.0,0.0,0.0,0.0,1.0,Mediatek MT6737 (28 nm),0.0
Lava Z25,Lava,2017.0,250.0,5.5,163.0,3020.0,8.5,13.0,720.0,1280.0,267.0190509190665,32.0,4.0,0.0,0.0,0.0,1.0,Mediatek MT6750 (28 nm),0.0
Lava Z71,Lava,2020.0,80.0,5.71,150.0,3200.0,9.0,13.0,720.0,1520.0,294.55406012789683,32.0,2.0,0.0,0.0,0.0,1.0,Mediatek MT6762 Helio P22 (12 nm),0.0
Lava Z61 Pro,Lava,2020.0,70.0,5.45,160.0,3100.0,9.2,8.0,720.0,1440.0,295.40714565134834,16.0,2.0,0.0,0.0,0.0,1.0,,0.0
Lava Z1,Lava,2021.0,60.0,5.0,175.0,3100.0,10.3,5.0,480.0,854.0,195.93019164998537,16.0,2.0,0.0,0.0,0.0,1.0,Mediatek MT6761 Helio A20 (12 nm),0.0
Lava Z2,Lava,2021.0,80.0,6.51,190.0,5000.0,9.0,13.0,720.0,1600.0,269.5141284111989,32.0,2.0,0.0,0.0,0.0,1.0,MediaTek MT6765G Helio G35 (12 nm),0.0
Lava Z4,Lava,2021.0,100.0,6.51,190.0,5000.0,9.0,13.0,720.0,1600.0,269.5141284111989,64.0,4.0,0.0,0.0,0.0,1.0,MediaTek MT6765G Helio G35 (12 nm),0.0
Lava Z6,Lava,2021.0,110.0,6.51,190.0,5000.0,9.0,13.0,720.0,1600.0,269.5141284111989,64.0,6.0,0.0,0.0,0.0,1.0,MediaTek MT6765G Helio G35 (12 nm),0.0
Lava Z2 Max,Lava,2021.0,90.0,7.0,216.0,6000.0,9.1,13.0,720.0,1640.0,255.86986488272126,32.0,2.0,0.0,0.0,0.0,1.0,,0.0
Lava Z2s,Lava,2021.0,80.0,6.51,190.0,5000.0,9.0,8.0,720.0,1600.0,269.5141284111989,32.0,2.0,0.0,0.0,0.0,1.0,MediaTek MT6765G Helio G35 (12 nm),0.0
Lava Blaze Pro,Lava,2022.0,130.0,6.52,187.0,5000.0,8.9,50.0,720.0,1600.0,269.1007631835743,64.0,4.0,0.0,0.0,0.0,1.0,Mediatek MT6765V/CB Helio G37 (12 nm),0.0
Lava Yuva Pro,Lava,2022.0,100.0,6.52,191.0,5000.0,8.9,13.0,720.0,1600.0,269.1007631835743,32.0,3.0,0.0,0.0,0.0,1.0,,0.0
Lava Blaze Nxt,Lava,2022.0,110.0,6.52,203.5,5000.0,8.9,13.0,720.0,1600.0,269.1007631835743,64.0,4.0,0.0,0.0,0.0,1.0,Mediatek MT6765 Helio G37 (12 nm),0.0
Lava X3,Lava,2022.0,80.0,6.52,210.0,4000.0,9.2,8.0,720.0,1600.0,269.1007631835743,32.0,3.0,0.0,0.0,0.0,1.0,Mediatek MT6761 Helio A22 (12 nm),0.0
Kyocera DuraForce Pro 2,Kyocera,2018.0,400.0,5.0,243.0,3240.0,13.5,13.0,1080.0,1920.0,440.58143401645964,64.0,4.0,0.0,0.0,1.0,1.0,Qualcomm SDM630 Snapdragon 630 (14 nm),0.0
Karbonn Titanium Mach Two S360,Karbonn,2015.0,140.0,5.0,112.0,1900.0,6.3,8.0,720.0,1280.0,293.7209560109731,8.0,1.0,0.0,0.0,0.0,1.0,,0.0
Jolla Jolla C,Jolla,2016.0,170.0,5.0,150.0,2500.0,9.6,8.0,720.0,1280.0,293.7209560109731,16.0,2.0,0.0,0.0,0.0,1.0,Qualcomm MSM8909v2 Snapdragon 212 (28 nm),0.0
Infinix Note 5,Infinix,2018.0,90.0,6.0,173.0,4500.0,8.4,12.0,1080.0,2160.0,402.49223594996215,64.0,4.0,0.0,0.0,0.0,1.0,Mediatek MT6763 Helio P23 (16 nm),0.0
Infinix Hot 7,Infinix,2019.0,100.0,6.2,166.0,4000.0,8.0,13.0,720.0,1440.0,259.67241029029816,64.0,4.0,0.0,0.0,0.0,1.0,Mediatek MT6580 (28 nm),0.0
Infinix Hot 7 Pro,Infinix,2019.0,130.0,6.2,165.0,4000.0,8.0,13.0,720.0,1520.0,271.27478763391787,64.0,6.0,0.0,0.0,0.0,1.0,"Mediatek MT6757T Helio P25 (16 nm) - 32+2 GB
Mediatek MT6762 Helio P22 (12 nm) - 32/64+3/6 GB",0.0
Infinix Note 6,Infinix,2019.0,180.0,6.01,173.0,4000.0,7.7,16.0,1080.0,2160.0,401.82253173041147,64.0,4.0,1.0,0.0,0.0,1.0,Mediatek MT6765 Helio P35 (12nm),0.0
Infinix S5,Infinix,2019.0,120.0,6.6,178.0,4000.0,7.9,16.0,720.0,1600.0,265.83893575104617,128.0,6.0,0.0,0.0,0.0,1.0,Mediatek MT6762 Helio P22 (12 nm),0.0
Infinix S5 lite,Infinix,2019.0,100.0,6.6,178.0,4000.0,7.9,16.0,720.0,1600.0,265.83893575104617,64.0,4.0,0.0,0.0,0.0,1.0,Mediatek MT6762 Helio P22 (12 nm),0.0
Infinix S5 Pro,Infinix,2020.0,120.0,6.53,195.0,4000.0,9.0,48.0,1080.0,2340.0,394.6719435512624,128.0,6.0,0.0,0.0,0.0,1.0,Mediatek MT6765 Helio P35 (12nm),0.0
Infinix Hot 9,Infinix,2020.0,90.0,6.6,185.0,5000.0,8.8,13.0,720.0,1600.0,265.83893575104617,128.0,4.0,0.0,0.0,0.0,1.0,MediaTek Helio A25 (12 nm),0.0
Infinix Note 7 Lite,Infinix,2020.0,130.0,6.6,185.0,5000.0,8.8,48.0,720.0,1600.0,265.83893575104617,128.0,4.0,0.0,0.0,0.0,1.0,Mediatek Helio,0.0
Infinix Hot 9 Play,Infinix,2020.0,100.0,6.82,209.0,6000.0,8.9,13.0,720.0,1640.0,262.6230284720013,64.0,4.0,0.0,0.0,0.0,1.0,"Mediatek MT6761 Helio A22 (12 nm) - 32/2GB
MediaTek Helio A25 (12 nm) - 32/3GB, 64/3-4GB",0.0
Infinix Zero 8,Infinix,2020.0,210.0,6.85,205.0,4500.0,9.1,64.0,1080.0,2460.0,392.20928193701803,128.0,8.0,0.0,0.0,0.0,1.0,Mediatek MT6785 Helio G90T (12 nm),0.0
Infinix Zero 8i,Infinix,2020.0,170.0,6.85,210.5,4500.0,9.1,48.0,1080.0,2460.0,392.20928193701803,128.0,8.0,0.0,0.0,0.0,1.0,Mediatek MT6785 Helio G90T (12 nm),0.0
Infinix Smart HD 2021,Infinix,2020.0,70.0,6.1,195.0,5000.0,9.8,8.0,720.0,1560.0,281.6620537037971,32.0,2.0,0.0,0.0,0.0,1.0,Mediatek MT6761D Helio A20 (12 nm),0.0
Infinix Smart 5 (India),Infinix,2021.0,80.0,6.82,207.0,6000.0,8.9,13.0,720.0,1640.0,262.6230284720013,32.0,2.0,0.0,0.0,0.0,1.0,MediaTek MT6762G Helio G25 (12 nm),0.0
Infinix Zero X,Infinix,2021.0,320.0,6.67,193.0,4500.0,7.8,64.0,1080.0,2400.0,394.57353282389164,128.0,8.0,1.0,0.0,0.0,1.0,Mediatek Helio G95 (12 nm),0.0
Infinix Hot 12i,Infinix,2022.0,140.0,6.6,190.0,5000.0,8.8,13.0,720.0,1612.0,267.49801540590414,64.0,4.0,0.0,0.0,0.0,1.0,Mediatek MT6761 Helio A22 (12 nm),0.0
Infinix Hot 11 2022,Infinix,2022.0,110.0,6.7,199.6,5000.0,9.1,13.0,1080.0,2400.0,392.8067856619936,64.0,4.0,0.0,0.0,0.0,1.0,Unisoc T610 (12 nm),0.0
Infinix Hot 12,Infinix,2022.0,150.0,6.82,195.0,5000.0,8.3,13.0,720.0,1612.0,258.869047167004,128.0,6.0,0.0,0.0,0.0,1.0,MediaTek MT6769Z Helio G85 (12nm),0.0
Infinix Note 12,Infinix,2022.0,190.0,6.7,184.5,5000.0,7.9,50.0,1080.0,2400.0,392.8067856619936,128.0,6.0,1.0,0.0,1.0,1.0,MediaTek Helio G88 (12nm),0.0
Infinix Note 12i,Infinix,2022.0,170.0,6.82,198.0,5000.0,8.3,50.0,720.0,1640.0,262.6230284720013,128.0,4.0,0.0,0.0,0.0,1.0,MediaTek MT6769Z Helio G85 (12nm),0.0
Infinix Note 12 VIP,Infinix,2022.0,290.0,6.7,199.0,4500.0,7.9,108.0,1080.0,2400.0,392.8067856619936,256.0,8.0,1.0,0.0,1.0,1.0,Mediatek MT6781 Helio G96 (12 nm),0.0
Infinix Note 12 Pro 5G,Infinix,2022.0,220.0,6.7,188.0,5000.0,8.0,108.0,1080.0,2400.0,392.8067856619936,256.0,8.0,1.0,1.0,0.0,1.0,MediaTek MT6833P Dimensity 810 (6 nm),0.0
Infinix Smart 6 Plus (India),Infinix,2022.0,100.0,6.82,202.0,5000.0,8.7,8.0,720.0,1600.0,257.2634862106898,64.0,3.0,0.0,0.0,0.0,1.0,MediaTek MT6762G Helio G25 (12 nm),0.0
Infinix Hot 12 Pro,Infinix,2022.0,180.0,6.6,191.0,5000.0,8.4,50.0,720.0,1612.0,267.49801540590414,128.0,8.0,0.0,0.0,1.0,1.0,Unisoc Tiger T616 (12 nm),0.0
Infinix Note 12i 2022,Infinix,2022.0,150.0,6.7,188.0,5000.0,7.8,50.0,1080.0,2400.0,392.8067856619936,128.0,6.0,1.0,0.0,0.0,1.0,MediaTek MT6769Z Helio G85 (12nm),0.0
Infinix Zero 20,Infinix,2022.0,320.0,6.7,196.0,4500.0,8.0,108.0,1080.0,2400.0,392.8067856619936,256.0,8.0,1.0,0.0,1.0,1.0,MediaTek MT8781 Helio G99 (6nm),0.0
Infinix Hot 20i,Infinix,2022.0,120.0,6.6,195.0,5000.0,8.8,13.0,720.0,1612.0,267.49801540590414,128.0,6.0,0.0,0.0,0.0,1.0,MediaTek MT6762G Helio G25 (12 nm) / Mediatek MT6761 Helio A22 (12 nm),0.0
Infinix Hot 20 5G,Infinix,2022.0,240.0,6.58,204.0,5000.0,8.9,50.0,1080.0,2408.0,401.07946472241093,128.0,4.0,0.0,1.0,1.0,1.0,MediaTek MT6833P Dimensity 810 (6 nm),0.0
Infinix Zero Ultra,Infinix,2022.0,500.0,6.8,213.0,4500.0,8.8,200.0,1080.0,2400.0,387.03021528461136,256.0,8.0,1.0,1.0,0.0,0.0,MediaTek Dimensity 920 (6 nm),0.0
Infinix Note 12 (2023),Infinix,2022.0,220.0,6.7,195.0,5000.0,7.8,50.0,1080.0,2400.0,392.8067856619936,256.0,8.0,1.0,0.0,1.0,1.0,MediaTek MT8781 Helio G99 (6nm),0.0
Infinix Hot 20,Infinix,2022.0,190.0,6.82,198.0,5000.0,8.3,50.0,720.0,1640.0,262.6230284720013,128.0,8.0,0.0,0.0,1.0,1.0,MediaTek MT6769Z Helio G85 (12nm),0.0
Infinix Hot 20 Play,Infinix,2022.0,130.0,6.82,209.6,6000.0,8.9,13.0,720.0,1640.0,262.6230284720013,128.0,4.0,0.0,0.0,0.0,1.0,Mediatek MT6765 Helio G37 (12 nm),0.0
Infinix Zero 2023,Infinix,2022.0,240.0,6.78,201.0,5000.0,8.9,50.0,1080.0,2460.0,396.2586403050993,256.0,8.0,0.0,1.0,0.0,1.0,"MediaTek Dimensity 1080
MediaTek Dimensity 920 (6 nm) - X6815D",0.0
Huawei Y360,Huawei,2015.0,90.0,4.0,118.0,1730.0,10.9,5.0,480.0,854.0,244.91273956248173,4.0,0.5,0.0,0.0,0.0,1.0,Mediatek MT6582 (28 nm),0.0
Huawei Y635,Huawei,2015.0,140.0,5.0,178.0,2000.0,10.2,5.0,480.0,854.0,195.93019164998537,4.0,1.0,0.0,0.0,0.0,1.0,,0.0
Huawei SnapTo,Huawei,2015.0,170.0,5.0,150.0,2200.0,8.4,5.0,720.0,1280.0,293.7209560109731,8.0,1.0,0.0,0.0,0.0,1.0,Qualcomm MSM8926 Snapdragon 400 (28 nm),0.0
Huawei P8,Huawei,2015.0,230.0,5.2,144.0,2680.0,6.4,13.0,1080.0,1920.0,423.6359942465958,64.0,3.0,0.0,0.0,1.0,1.0,Kirin 930 (28 nm)/ Kirin 935 (28 nm),0.0
Huawei P8max,Huawei,2015.0,400.0,6.8,228.0,4360.0,6.8,13.0,1080.0,1920.0,323.95693677680856,64.0,3.0,0.0,0.0,0.0,1.0,Kirin 935 (28 nm),0.0
Huawei P8lite,Huawei,2015.0,170.0,5.0,131.0,2200.0,7.7,13.0,720.0,1280.0,293.7209560109731,16.0,2.0,0.0,0.0,1.0,1.0,Kirin 620 (28 nm),0.0
Huawei P8lite ALE-L04,Huawei,2015.0,180.0,5.0,131.0,2200.0,7.7,13.0,720.0,1280.0,293.7209560109731,16.0,2.0,0.0,0.0,0.0,1.0,Qualcomm MSM8939 Snapdragon 615 (28 nm),0.0
Huawei Y625,Huawei,2015.0,130.0,5.0,160.0,2000.0,9.6,8.0,480.0,854.0,195.93019164998537,4.0,1.0,0.0,0.0,0.0,1.0,Qualcomm MSM8212 Snapdragon 200 (28 nm),0.0
Huawei Y560,Huawei,2015.0,110.0,4.5,141.5,2000.0,10.0,5.0,480.0,854.0,217.70021294442822,8.0,1.0,0.0,0.0,0.0,1.0,Qualcomm MSM8909 Snapdragon 210 (28 nm),0.0
Huawei Y6,Huawei,2015.0,90.0,5.0,125.0,2200.0,8.5,8.0,720.0,1280.0,293.7209560109731,8.0,2.0,0.0,0.0,0.0,1.0,Qualcomm MSM8909 Snapdragon 210 (28 nm),0.0
Huawei Mate S,Huawei,2015.0,350.0,5.5,156.0,2700.0,7.2,13.0,1080.0,1920.0,400.52857637859967,128.0,3.0,1.0,0.0,1.0,1.0,Kirin 935 (28 nm),0.0
Huawei Nexus 6P,Huawei,2015.0,300.0,5.7,178.0,3450.0,7.3,12.3,1440.0,2560.0,515.2999228262686,128.0,3.0,1.0,0.0,1.0,1.0,Qualcomm MSM8994 Snapdragon 810 (20 nm),0.0
Huawei Y6 Pro,Huawei,2015.0,190.0,5.0,160.0,4000.0,9.7,13.0,720.0,1280.0,293.7209560109731,16.0,2.0,0.0,0.0,0.0,1.0,Mediatek MT6735P (28 nm),0.0
Huawei G7 Plus,Huawei,2015.0,200.0,5.5,167.0,3000.0,7.5,13.0,1080.0,1920.0,400.52857637859967,32.0,3.0,0.0,0.0,0.0,1.0,Qualcomm MSM8939 Snapdragon 615 (28 nm),0.0
Huawei Mate 8,Huawei,2015.0,300.0,6.0,185.0,4000.0,7.9,16.0,1080.0,1920.0,367.1511950137164,128.0,4.0,0.0,0.0,1.0,1.0,Kirin 950 (16 nm),0.0
Huawei Enjoy 5s,Huawei,2015.0,200.0,5.0,135.0,2200.0,7.6,13.0,720.0,1280.0,293.7209560109731,16.0,2.0,0.0,0.0,0.0,1.0,Mediatek MT6753T,0.0
Huawei P9,Huawei,2016.0,340.0,5.2,144.0,3000.0,7.0,12.0,1080.0,1920.0,423.6359942465958,64.0,4.0,0.0,0.0,1.0,1.0,Kirin 955 (16 nm),0.0
Huawei P9 Plus,Huawei,2016.0,430.0,5.5,162.0,3400.0,7.0,12.0,1080.0,1920.0,400.52857637859967,64.0,4.0,1.0,0.0,1.0,1.0,Kirin 955 (16 nm),0.0
Huawei P9 lite,Huawei,2016.0,210.0,5.2,147.0,3000.0,7.5,13.0,1080.0,1920.0,423.6359942465958,16.0,3.0,0.0,0.0,1.0,1.0,Kirin 650 (16 nm),0.0
Huawei Y5II,Huawei,2016.0,110.0,5.0,135.0,2200.0,8.9,8.0,720.0,1280.0,293.7209560109731,8.0,1.0,0.0,0.0,0.0,1.0,"Mediatek MT6735P (28 nm) - 4G model
Mediatek MT6582 - 3G model",0.0
Huawei Y3II,Huawei,2016.0,80.0,4.5,150.0,2100.0,9.9,5.0,480.0,854.0,217.70021294442822,8.0,1.0,0.0,0.0,0.0,1.0,"Mediatek MT6735M - 4G model
Mediatek MT6582M - 3G model",0.0
Huawei G9 Plus,Huawei,2016.0,280.0,5.5,160.0,3340.0,7.3,16.0,1080.0,1920.0,400.52857637859967,64.0,4.0,0.0,0.0,0.0,1.0,Qualcomm MSM8953 Snapdragon 625 (14 nm),0.0
Huawei nova,Huawei,2016.0,200.0,5.0,146.0,3020.0,7.1,12.0,1080.0,1920.0,440.58143401645964,32.0,3.0,0.0,0.0,0.0,1.0,Qualcomm MSM8953 Snapdragon 625 (14 nm),0.0
Huawei nova plus,Huawei,2016.0,250.0,5.5,160.0,3340.0,7.3,16.0,1080.0,1920.0,400.52857637859967,32.0,3.0,0.0,0.0,1.0,1.0,Qualcomm MSM8953 Snapdragon 625 (14 nm),0.0
Huawei Enjoy 6,Huawei,2016.0,200.0,5.0,145.0,4100.0,7.9,13.0,720.0,1280.0,293.7209560109731,16.0,3.0,1.0,0.0,0.0,1.0,Mediatek MT6750 (28 nm),0.0
Huawei Mate 9,Huawei,2016.0,320.0,5.9,190.0,4000.0,7.9,12.0,1080.0,1920.0,373.37409662411835,64.0,4.0,0.0,0.0,1.0,1.0,Kirin 960 (16 nm),0.0
Huawei Mate 9 Porsche Design,Huawei,2016.0,920.0,5.5,169.0,4000.0,7.5,12.0,1440.0,2560.0,534.038101838133,256.0,6.0,1.0,0.0,1.0,1.0,Kirin 960 (16 nm),0.0
Huawei Mate 9 Pro,Huawei,2016.0,400.0,5.5,169.0,4000.0,7.5,12.0,1440.0,2560.0,534.038101838133,128.0,6.0,1.0,0.0,1.0,1.0,Kirin 960 (16 nm),0.0
Huawei Enjoy 6s,Huawei,2016.0,250.0,5.0,138.0,3020.0,7.6,13.0,720.0,1280.0,293.7209560109731,32.0,3.0,1.0,0.0,0.0,1.0,Qualcomm MSM8940 Snapdragon 435 (28 nm),0.0
Huawei P8 Lite (2017),Huawei,2017.0,170.0,5.2,147.0,3000.0,7.6,12.0,1080.0,1920.0,423.6359942465958,64.0,4.0,0.0,0.0,1.0,1.0,Kirin 655 (16 nm),0.0
Huawei P10 Lite,Huawei,2017.0,230.0,5.2,146.0,3000.0,7.2,12.0,1080.0,1920.0,423.6359942465958,64.0,4.0,0.0,0.0,1.0,1.0,Kirin 658 (16 nm),0.0
Huawei P10,Huawei,2017.0,280.0,5.1,145.0,3200.0,7.0,12.0,1080.0,1920.0,431.94258236907814,64.0,4.0,0.0,0.0,1.0,1.0,Kirin 960 (16 nm),0.0
Huawei P10 Plus,Huawei,2017.0,240.0,5.5,165.0,3750.0,7.0,12.0,1440.0,2560.0,534.038101838133,128.0,6.0,0.0,0.0,1.0,1.0,Kirin 960 (16 nm),0.0
Huawei Y3 (2017),Huawei,2017.0,90.0,5.0,175.0,2200.0,9.5,8.0,480.0,854.0,195.93019164998537,32.0,1.0,0.0,0.0,0.0,1.0,"Mediatek MT6737М
Mediatek MT6580M - CRO-U00",0.0
Huawei Y5 (2017),Huawei,2017.0,120.0,5.0,150.0,3000.0,8.4,8.0,720.0,1280.0,293.7209560109731,16.0,2.0,0.0,0.0,0.0,1.0,Mediatek MT6737T (28 nm),0.0
Huawei Y6 (2017),Huawei,2017.0,140.0,5.0,150.0,3000.0,8.4,13.0,720.0,1280.0,293.7209560109731,16.0,2.0,0.0,0.0,1.0,1.0,Mediatek MT6737T (28 nm),0.0
Huawei Y7,Huawei,2017.0,160.0,5.5,165.0,4000.0,8.4,12.0,720.0,1280.0,267.0190509190665,16.0,2.0,0.0,0.0,0.0,1.0,Qualcomm MSM8940 Snapdragon 435 (28 nm),0.0
Huawei Y6II Compact,Huawei,2016.0,130.0,5.0,140.0,2200.0,8.9,13.0,720.0,1280.0,293.7209560109731,16.0,2.0,0.0,0.0,0.0,1.0,Mediatek MT6735 (28 nm),0.0
Huawei nova 2,Huawei,2017.0,250.0,5.0,143.0,2950.0,6.9,8.0,1080.0,1920.0,440.58143401645964,64.0,4.0,0.0,0.0,0.0,1.0,Kirin 659 (16 nm),0.0
Huawei nova 2 plus,Huawei,2017.0,300.0,5.5,169.0,3340.0,6.9,8.0,1080.0,1920.0,400.52857637859967,128.0,4.0,0.0,0.0,0.0,1.0,Kirin 659 (16 nm),0.0
Huawei Y7 Prime,Huawei,2017.0,180.0,5.5,165.0,4000.0,8.4,12.0,720.0,1280.0,267.0190509190665,32.0,3.0,0.0,0.0,0.0,1.0,Qualcomm MSM8940 Snapdragon 435 (28 nm),0.0
Huawei P9 lite mini,Huawei,2017.0,150.0,5.0,145.0,3020.0,8.1,13.0,720.0,1280.0,293.7209560109731,16.0,2.0,0.0,0.0,0.0,1.0,Qualcomm MSM8917 Snapdragon 425 (28 nm),0.0
Huawei Mate 10 Lite,Huawei,2017.0,190.0,5.9,164.0,3340.0,7.5,16.0,1080.0,2160.0,409.3141382541988,64.0,4.0,0.0,0.0,0.0,1.0,Kirin 659 (16 nm),0.0
Huawei Mate 10,Huawei,2017.0,230.0,5.9,186.0,4000.0,8.2,12.0,1440.0,2560.0,497.8321288321578,64.0,4.0,0.0,0.0,1.0,1.0,Kirin 970 (10 nm),0.0
Huawei Mate 10 Pro,Huawei,2017.0,450.0,6.0,178.0,4000.0,7.9,12.0,1080.0,2160.0,402.49223594996215,128.0,6.0,1.0,0.0,1.0,0.0,Kirin 970 (10 nm),0.0
Huawei Mate 10 Porsche Design,Huawei,2017.0,600.0,6.0,178.0,4000.0,7.9,12.0,1080.0,2160.0,402.49223594996215,256.0,6.0,1.0,0.0,1.0,0.0,Kirin 970 (10 nm),0.0
Huawei nova 2s,Huawei,2017.0,200.0,6.0,169.0,3340.0,7.5,16.0,1080.0,2160.0,402.49223594996215,128.0,6.0,0.0,0.0,1.0,1.0,Kirin 960 (16 nm),0.0
Huawei P smart,Huawei,2017.0,170.0,5.65,143.0,3000.0,7.5,13.0,1080.0,2160.0,427.42538330969427,64.0,4.0,0.0,0.0,1.0,1.0,Kirin 659 (16 nm),0.0
Huawei Y9 (2018),Huawei,2018.0,220.0,5.93,170.0,4000.0,7.9,16.0,1080.0,2160.0,407.243409055611,128.0,4.0,0.0,0.0,0.0,1.0,Kirin 659 (16 nm),0.0
Huawei Y7 (2018),Huawei,2018.0,150.0,5.99,155.0,3000.0,7.8,13.0,720.0,1440.0,268.7761174958011,16.0,2.0,0.0,0.0,1.0,1.0,Qualcomm MSM8937 Snapdragon 430 (28 nm),0.0
Huawei Y7 Prime (2018),Huawei,2018.0,170.0,5.99,155.0,3000.0,7.8,13.0,720.0,1440.0,268.7761174958011,64.0,4.0,0.0,0.0,1.0,1.0,Qualcomm MSM8937 Snapdragon 430 (28 nm),0.0
Huawei Y7 Pro (2018),Huawei,2018.0,150.0,5.99,155.0,3000.0,7.8,13.0,720.0,1440.0,268.7761174958011,32.0,3.0,0.0,0.0,0.0,1.0,Qualcomm MSM8937 Snapdragon 430 (28 nm),0.0
Huawei P20 lite,Huawei,2018.0,240.0,5.84,145.0,3000.0,7.4,16.0,1080.0,2280.0,431.99580907456107,128.0,4.0,0.0,0.0,1.0,1.0,Kirin 659 (16 nm),0.0
Huawei P20,Huawei,2018.0,330.0,5.8,165.0,3400.0,7.7,12.0,1080.0,2240.0,428.7525804791601,128.0,6.0,0.0,0.0,1.0,0.0,Kirin 970 (10 nm),0.0
Huawei P20 Pro,Huawei,2018.0,410.0,6.1,180.0,4000.0,7.8,40.0,1080.0,2240.0,407.66638799657846,256.0,8.0,1.0,0.0,1.0,0.0,Kirin 970 (10 nm),0.0
Huawei Mate RS Porsche Design,Huawei,2018.0,1300.0,6.0,183.0,4000.0,8.5,40.0,1440.0,2880.0,536.6563145999495,512.0,6.0,1.0,0.0,1.0,0.0,Kirin 970 (10 nm),0.0
Huawei Y6 (2018),Huawei,2018.0,150.0,5.7,150.0,3000.0,7.8,13.0,720.0,1440.0,282.45069189471025,16.0,3.0,0.0,0.0,1.0,1.0,Qualcomm MSM8917 Snapdragon 425 (28 nm),0.0
Huawei Y6 Prime (2018),Huawei,2018.0,140.0,5.7,150.0,3000.0,7.8,13.0,720.0,1440.0,282.45069189471025,32.0,3.0,0.0,0.0,1.0,1.0,Qualcomm MSM8917 Snapdragon 425 (28 nm),0.0
Huawei Y3 (2018),Huawei,2018.0,90.0,5.0,175.0,2280.0,9.5,8.0,480.0,854.0,195.93019164998537,8.0,1.0,0.0,0.0,0.0,1.0,Mediatek MT6737M (28 nm),0.0
Huawei Y5 Prime (2018),Huawei,2018.0,100.0,5.45,142.0,3020.0,8.3,13.0,720.0,1440.0,295.40714565134834,32.0,2.0,0.0,0.0,0.0,1.0,Mediatek MT6739 (28 nm),0.0
Huawei nova 3,Huawei,2018.0,350.0,6.3,166.0,3750.0,7.3,16.0,1080.0,2340.0,409.08060180789585,128.0,6.0,0.0,0.0,1.0,1.0,Kirin 970 (10 nm),0.0
Huawei nova 3i,Huawei,2018.0,220.0,6.3,169.0,3340.0,7.6,16.0,1080.0,2340.0,409.08060180789585,128.0,6.0,0.0,0.0,0.0,1.0,Kirin 710 (12 nm),0.0
Huawei P Smart+ 2019,Huawei,2018.0,260.0,6.21,160.0,3400.0,8.0,24.0,1080.0,2340.0,415.0093061819233,128.0,6.0,0.0,0.0,0.0,1.0,Kirin 710 (12 nm),0.0
Huawei Mate 20 lite,Huawei,2018.0,230.0,6.3,172.0,3750.0,7.6,20.0,1080.0,2340.0,409.08060180789585,64.0,6.0,0.0,0.0,1.0,1.0,Kirin 710 (12 nm),0.0
Huawei Y9 (2019),Huawei,2018.0,180.0,6.5,173.0,4000.0,8.1,13.0,1080.0,2340.0,396.4935063676529,128.0,6.0,0.0,0.0,0.0,1.0,Kirin 710 (12 nm),0.0
Huawei Mate 20,Huawei,2018.0,460.0,6.53,188.0,4000.0,8.3,12.0,1080.0,2244.0,381.3734528957818,128.0,6.0,0.0,0.0,1.0,1.0,Kirin 980 (7 nm),0.0
Huawei Mate 20 Pro,Huawei,2018.0,800.0,6.39,189.0,4200.0,8.6,40.0,1440.0,3120.0,537.7585375878442,256.0,8.0,1.0,0.0,1.0,0.0,Kirin 980 (7 nm),0.0
Huawei Mate 20 X,Huawei,2018.0,580.0,7.2,232.0,5000.0,8.2,40.0,1080.0,2244.0,345.88453436242435,256.0,8.0,1.0,0.0,1.0,1.0,Kirin 980 (7 nm),0.0
Huawei Mate 20 RS Porsche Design,Huawei,2018.0,1200.0,6.39,187.0,4200.0,9.7,40.0,1440.0,3120.0,537.7585375878442,512.0,8.0,1.0,0.0,1.0,0.0,Kirin 980 (7 nm),0.0
Huawei Enjoy 9,Huawei,2018.0,130.0,6.26,168.0,4000.0,8.1,13.0,720.0,1520.0,268.6747097971711,64.0,4.0,0.0,0.0,0.0,1.0,Qualcomm SDM450 Snapdragon 450 (14 nm),0.0
Huawei P smart 2019,Huawei,2018.0,200.0,6.21,160.0,3400.0,8.0,13.0,1080.0,2340.0,415.0093061819233,64.0,3.0,0.0,0.0,1.0,1.0,Kirin 710 (12 nm),0.0
Huawei nova 4,Huawei,2018.0,400.0,6.4,172.0,3750.0,7.8,48.0,1080.0,2310.0,398.4375,128.0,8.0,0.0,0.0,0.0,1.0,Kirin 970 (10 nm),0.0
Huawei Y5 lite (2018),Huawei,2018.0,100.0,5.45,142.0,3020.0,8.3,8.0,720.0,1440.0,295.40714565134834,16.0,1.0,0.0,0.0,0.0,1.0,Mediatek MT6739 (28 nm),0.0
Huawei Y7 Pro (2019),Huawei,2019.0,200.0,6.26,168.0,4000.0,8.1,13.0,720.0,1520.0,268.6747097971711,128.0,4.0,0.0,0.0,1.0,1.0,Qualcomm SDM450 Snapdragon 450 (14 nm),0.0
Huawei Y7 Prime (2019),Huawei,2019.0,200.0,6.26,168.0,4000.0,8.1,13.0,720.0,1520.0,268.6747097971711,64.0,3.0,0.0,0.0,0.0,1.0,Qualcomm SDM450 Snapdragon 450 (14 nm),0.0
Huawei Y7 (2019),Huawei,2019.0,180.0,6.26,168.0,4000.0,8.1,13.0,720.0,1520.0,268.6747097971711,64.0,4.0,0.0,0.0,0.0,1.0,Qualcomm SDM450 Snapdragon 450 (14 nm),0.0
Huawei Y6 (2019),Huawei,2019.0,130.0,6.09,150.0,3020.0,8.0,13.0,720.0,1560.0,282.1245529709626,32.0,2.0,0.0,0.0,0.0,1.0,Mediatek MT6761 Helio A22 (12 nm),0.0
Huawei Y6 Pro (2019),Huawei,2019.0,120.0,6.09,150.0,3020.0,8.0,13.0,720.0,1560.0,282.1245529709626,32.0,3.0,0.0,0.0,0.0,1.0,Mediatek MT6761 Helio A22 (12 nm),0.0
Huawei Y Max,Huawei,2018.0,280.0,7.12,210.0,5000.0,8.5,16.0,1080.0,2244.0,349.7708774451482,128.0,4.0,0.0,0.0,0.0,1.0,Qualcomm SDM660 Snapdragon 660 (14 nm),0.0
Huawei Enjoy 9s,Huawei,2019.0,200.0,6.21,160.0,3400.0,8.0,24.0,1080.0,2340.0,415.0093061819233,128.0,6.0,0.0,0.0,0.0,1.0,Kirin 710 (12 nm),0.0
Huawei Enjoy 9e,Huawei,2019.0,120.0,6.09,150.0,3020.0,8.0,13.0,720.0,1560.0,282.1245529709626,64.0,3.0,0.0,0.0,0.0,1.0,Mediatek MT6765 Helio P35 (12nm),0.0
Huawei Y5 (2019),Huawei,2019.0,130.0,5.71,146.0,3020.0,8.5,13.0,720.0,1520.0,294.55406012789683,32.0,2.0,0.0,0.0,1.0,1.0,Mediatek MT6761 Helio A22 (12 nm),0.0
Huawei nova 4e,Huawei,2019.0,270.0,6.15,159.0,3340.0,7.4,24.0,1080.0,2312.0,414.92876508844904,128.0,8.0,0.0,0.0,0.0,1.0,Kirin 710 (12 nm),0.0
Huawei P30 lite,Huawei,2019.0,420.0,6.15,159.0,3340.0,7.4,48.0,1080.0,2312.0,414.92876508844904,256.0,8.0,0.0,0.0,1.0,1.0,Kirin 710 (12 nm),0.0
Huawei P30,Huawei,2019.0,459.99,6.1,165.0,3650.0,7.6,40.0,1080.0,2340.0,422.4930805556957,256.0,8.0,1.0,0.0,1.0,1.0,Kirin 980 (7 nm),0.0
Huawei P30 Pro,Huawei,2019.0,670.0,6.47,192.0,4200.0,8.4,40.0,1080.0,2340.0,398.33196157492176,512.0,8.0,1.0,0.0,1.0,0.0,Kirin 980 (7 nm),0.0
Huawei Mate 20 X (5G),Huawei,2019.0,760.0,7.2,233.0,4200.0,8.4,40.0,1080.0,2244.0,345.88453436242435,256.0,8.0,1.0,1.0,1.0,0.0,Kirin 980 (7 nm),0.0
Huawei P Smart Z,Huawei,2019.0,280.0,6.59,196.8,4000.0,8.8,16.0,1080.0,2340.0,391.0785722897942,64.0,4.0,0.0,0.0,1.0,1.0,Kirin 710F (12 nm),0.0
Huawei P20 lite (2019),Huawei,2019.0,280.0,6.4,178.0,4000.0,8.3,16.0,1080.0,2310.0,398.4375,128.0,4.0,0.0,0.0,1.0,1.0,Kirin 710 (12 nm),0.0
Huawei Y9 Prime (2019),Huawei,2019.0,220.0,6.59,196.8,4000.0,8.9,16.0,1080.0,2340.0,391.0785722897942,128.0,4.0,0.0,0.0,0.0,1.0,Kirin 710F (12 nm),0.0
Huawei nova 5i,Huawei,2019.0,260.0,6.4,178.0,4000.0,8.3,24.0,1080.0,2310.0,398.4375,128.0,8.0,0.0,0.0,0.0,1.0,Kirin 710F (12 nm),0.0
Huawei nova 5,Huawei,2019.0,360.0,6.39,171.0,3500.0,7.3,48.0,1080.0,2340.0,403.31890319088325,128.0,8.0,1.0,0.0,0.0,0.0,Kirin 810 (7 nm),0.0
Huawei nova 5 Pro,Huawei,2019.0,390.0,6.39,171.0,3500.0,7.3,48.0,1080.0,2340.0,403.31890319088325,256.0,8.0,1.0,0.0,1.0,0.0,Kirin 980 (7 nm),0.0
Huawei nova 5T,Huawei,2019.0,340.0,6.26,174.0,3750.0,7.8,48.0,1080.0,2340.0,411.6945353657738,128.0,8.0,0.0,0.0,1.0,0.0,Kirin 980 (7 nm),0.0
Huawei Enjoy 10 Plus,Huawei,2019.0,190.0,6.59,163.5,4000.0,8.8,48.0,1080.0,2340.0,391.0785722897942,128.0,8.0,0.0,0.0,0.0,1.0,Kirin 710F (12 nm),0.0
Huawei nova 5i Pro,Huawei,2019.0,290.0,6.26,178.0,4000.0,8.3,48.0,1080.0,2340.0,411.6945353657738,256.0,8.0,0.0,0.0,0.0,1.0,Kirin 810 (7 nm),0.0
Huawei Mate 30,Huawei,2019.0,550.0,6.62,196.0,4200.0,8.4,40.0,1080.0,2340.0,389.3063128987528,128.0,8.0,1.0,0.0,1.0,1.0,Kirin 990 (7 nm+),0.0
Huawei Mate 30 5G,Huawei,2019.0,650.0,6.62,196.0,4200.0,8.4,40.0,1080.0,2340.0,389.3063128987528,256.0,8.0,1.0,1.0,1.0,1.0,Kirin 990 5G (7 nm+),0.0
Huawei Mate 30 Pro,Huawei,2019.0,1290.0,6.53,198.0,4500.0,8.8,40.0,1176.0,2400.0,409.2855520929662,256.0,8.0,1.0,0.0,1.0,0.0,Kirin 990 (7 nm),0.0
Huawei Mate 30 Pro 5G,Huawei,2019.0,1440.0,6.53,198.0,4500.0,8.8,40.0,1176.0,2400.0,409.2855520929662,512.0,8.0,1.0,1.0,1.0,0.0,Kirin 990 5G (7 nm+),0.0
Huawei Mate 30 RS Porsche Design,Huawei,2019.0,1700.0,6.53,198.0,4500.0,9.3,40.0,1176.0,2400.0,409.2855520929662,512.0,12.0,1.0,1.0,1.0,0.0,Kirin 990 5G (7 nm+),0.0
Huawei Enjoy 10,Huawei,2019.0,150.0,6.39,176.0,4000.0,8.1,48.0,720.0,1560.0,268.8792687939221,128.0,6.0,0.0,0.0,0.0,1.0,Kirin 710F (12 nm),0.0
Huawei Enjoy 10s,Huawei,2019.0,200.0,6.3,163.0,4000.0,7.8,48.0,1080.0,2400.0,417.7468990373583,128.0,8.0,1.0,0.0,0.0,1.0,Kirin 710F (12 nm),0.0
Huawei nova 5z,Huawei,2019.0,200.0,6.26,178.0,4000.0,8.3,48.0,1080.0,2340.0,411.6945353657738,128.0,6.0,0.0,0.0,0.0,1.0,Kirin 810 (7 nm),0.0
Huawei Y9s,Huawei,2019.0,220.0,6.59,206.0,4000.0,8.8,48.0,1080.0,2340.0,391.0785722897942,128.0,6.0,0.0,0.0,0.0,1.0,Kirin 710F (12 nm),0.0
Huawei Mate X,Huawei,2019.0,2150.0,8.0,295.0,4500.0,5.4,40.0,2200.0,2480.0,414.3971524998694,512.0,8.0,1.0,1.0,1.0,0.0,Kirin 980 (7 nm),0.0
Huawei nova 6 SE,Huawei,2019.0,280.0,6.4,183.0,4200.0,8.7,48.0,1080.0,2310.0,398.4375,128.0,8.0,0.0,0.0,0.0,1.0,Kirin 810 (7 nm),0.0
Huawei P smart Pro 2019,Huawei,2019.0,290.0,6.59,206.0,4000.0,8.8,48.0,1080.0,2340.0,391.0785722897942,128.0,6.0,0.0,0.0,0.0,1.0,Kirin 710F (12 nm),0.0
Huawei Y6s (2019),Huawei,2020.0,160.0,6.09,150.0,3020.0,8.0,13.0,720.0,1560.0,282.1245529709626,64.0,3.0,0.0,0.0,0.0,1.0,Mediatek MT6765 Helio P35 (12nm),0.0
Huawei nova 7i,Huawei,2020.0,240.0,6.4,183.0,4200.0,8.7,48.0,1080.0,2310.0,398.4375,128.0,8.0,0.0,0.0,0.0,1.0,Kirin 810 (7 nm),0.0
Huawei Y7p,Huawei,2020.0,140.0,6.39,176.0,4000.0,8.1,48.0,720.0,1560.0,268.8792687939221,64.0,4.0,0.0,0.0,0.0,1.0,Kirin 710F (12 nm),0.0
Huawei P30 lite New Edition,Huawei,2020.0,360.0,6.15,152.9,3340.0,7.4,48.0,1080.0,2312.0,414.92876508844904,256.0,6.0,0.0,0.0,1.0,1.0,Kirin 710 (12 nm),0.0
Huawei Mate Xs,Huawei,2020.0,1950.0,8.0,300.0,4500.0,5.4,40.0,2200.0,2480.0,414.3971524998694,512.0,8.0,1.0,1.0,1.0,0.0,Kirin 990 5G (7 nm+),0.0
Huawei P40 lite,Huawei,2020.0,239.0,6.4,183.0,4200.0,8.7,48.0,1080.0,2310.0,398.4375,128.0,8.0,0.0,0.0,1.0,1.0,Kirin 810 (7 nm),0.0
Huawei P40 lite E,Huawei,2020.0,150.0,6.39,176.0,4000.0,8.1,48.0,720.0,1560.0,268.8792687939221,64.0,4.0,0.0,0.0,0.0,1.0,Kirin 710F (12 nm),0.0
Huawei P40,Huawei,2020.0,520.0,6.1,175.0,3800.0,8.5,50.0,1080.0,2340.0,422.4930805556957,256.0,8.0,1.0,1.0,1.0,0.0,Kirin 990 5G (7 nm+),0.0
Huawei P40 Pro,Huawei,2020.0,716.28,6.58,209.0,4200.0,9.0,50.0,1200.0,2640.0,440.71900207639777,512.0,8.0,1.0,1.0,1.0,0.0,Kirin 990 5G (7 nm+),0.0
Huawei P40 Pro+,Huawei,2020.0,1000.0,6.58,226.0,4200.0,9.0,50.0,1200.0,2640.0,440.71900207639777,512.0,8.0,1.0,1.0,1.0,0.0,Kirin 990 5G (7 nm+),0.0
Huawei Enjoy 10e,Huawei,2020.0,120.0,6.3,185.0,5000.0,9.0,13.0,720.0,1600.0,278.49793269157215,128.0,4.0,0.0,0.0,0.0,1.0,Mediatek MT6765 Helio P35 (12nm),0.0
Huawei nova 7 SE,Huawei,2020.0,320.0,6.5,189.0,4000.0,8.6,64.0,1080.0,2400.0,404.89314829774725,256.0,8.0,0.0,1.0,0.0,1.0,Kirin 820 5G (7nm),0.0
Huawei nova 7 5G,Huawei,2020.0,390.0,6.53,180.0,4000.0,8.0,64.0,1080.0,2400.0,403.03299600847737,256.0,8.0,1.0,1.0,1.0,0.0,Kirin 985 5G (7 nm),0.0
Huawei nova 7 Pro 5G,Huawei,2020.0,480.0,6.57,178.0,4000.0,8.0,64.0,1080.0,2340.0,392.2690702267494,256.0,8.0,1.0,1.0,1.0,0.0,Kirin 985 5G (7 nm),0.0
Huawei P smart 2020,Huawei,2020.0,200.0,6.21,160.0,3400.0,8.0,13.0,1080.0,2340.0,415.0093061819233,128.0,4.0,0.0,0.0,1.0,1.0,Kirin 710 (12 nm),0.0
Huawei Y5p,Huawei,2020.0,110.0,5.45,144.0,3020.0,8.4,8.0,720.0,1440.0,295.40714565134834,32.0,2.0,0.0,0.0,0.0,1.0,Mediatek MT6762R Helio P22 (12 nm),0.0
Huawei Y6p,Huawei,2020.0,160.0,6.3,185.0,5000.0,9.0,13.0,720.0,1600.0,278.49793269157215,64.0,4.0,0.0,0.0,1.0,1.0,Mediatek MT6762R Helio P22 (12 nm),0.0
Huawei Y8s,Huawei,2020.0,140.0,6.5,180.0,4000.0,8.1,48.0,1080.0,2340.0,396.4935063676529,128.0,4.0,0.0,0.0,0.0,1.0,Kirin 710 (12 nm),0.0
Huawei P30 Pro New Edition,Huawei,2020.0,820.0,6.47,192.0,4200.0,8.4,40.0,1080.0,2340.0,398.33196157492176,256.0,8.0,1.0,0.0,1.0,0.0,Kirin 980 (7 nm),0.0
Huawei P40 lite 5G,Huawei,2020.0,334.99,6.5,189.0,4000.0,8.6,64.0,1080.0,2400.0,404.89314829774725,128.0,8.0,0.0,1.0,1.0,1.0,Kirin 820 5G (7nm),0.0
Huawei Y8p,Huawei,2020.0,240.0,6.3,163.0,4000.0,7.8,48.0,1080.0,2400.0,417.7468990373583,128.0,6.0,1.0,0.0,1.0,1.0,Kirin 710F (12 nm),0.0
Huawei P Smart S,Huawei,2020.0,260.0,6.3,163.0,4000.0,7.8,48.0,1080.0,2400.0,417.7468990373583,128.0,4.0,1.0,0.0,1.0,1.0,Kirin 710F (12 nm),0.0
Huawei Enjoy Z 5G,Huawei,2020.0,220.0,6.5,182.0,4000.0,8.4,48.0,1080.0,2400.0,404.89314829774725,128.0,8.0,0.0,1.0,0.0,1.0,MediaTek MT6873V Dimensity 800 (7 nm),0.0
Huawei Enjoy 20 Pro,Huawei,2020.0,250.0,6.5,192.0,4000.0,8.4,48.0,1080.0,2400.0,404.89314829774725,128.0,8.0,0.0,1.0,0.0,1.0,MediaTek MT6873V Dimensity 800 (7 nm),0.0
Huawei Enjoy 20 5G,Huawei,2020.0,210.0,6.6,188.0,5000.0,9.2,13.0,720.0,1600.0,265.83893575104617,128.0,6.0,0.0,1.0,0.0,1.0,MediaTek MT6853V Dimensity 720 (7 nm),0.0
Huawei Enjoy 20 Plus 5G,Huawei,2020.0,280.0,6.63,197.0,4200.0,9.0,48.0,1080.0,2400.0,396.95406695857577,128.0,8.0,0.0,1.0,0.0,1.0,MediaTek MT6853V Dimensity 720 (7 nm),0.0
Huawei Y9a,Huawei,2020.0,200.0,6.63,197.0,4200.0,9.0,64.0,1080.0,2400.0,396.95406695857577,128.0,8.0,0.0,0.0,0.0,1.0,Mediatek MT6769V/CU Helio G80 (12 nm),0.0
Huawei P smart 2021,Huawei,2020.0,230.0,6.67,206.0,5000.0,9.3,48.0,1080.0,2400.0,394.57353282389164,128.0,4.0,0.0,0.0,0.0,1.0,Kirin 710A (14 nm),0.0
Huawei Y7a,Huawei,2020.0,160.0,6.67,206.0,5000.0,9.3,48.0,1080.0,2400.0,394.57353282389164,128.0,4.0,0.0,0.0,0.0,1.0,Kirin 710A (14 nm),0.0
Huawei nova 7 SE 5G Youth,Huawei,2020.0,290.0,6.5,189.0,4000.0,8.6,64.0,1080.0,2400.0,404.89314829774725,128.0,8.0,0.0,1.0,0.0,1.0,MediaTek MT6853 Dimensity 800U (7 nm),0.0
Huawei Mate 30E Pro 5G,Huawei,2020.0,680.0,6.53,198.0,4500.0,8.8,40.0,1176.0,2400.0,409.2855520929662,256.0,8.0,1.0,1.0,1.0,0.0,Kirin 990E 5G (7 nm+),0.0
Huawei Mate 40,Huawei,2020.0,630.0,6.5,188.0,4200.0,8.8,50.0,1080.0,2376.0,401.52891235329656,256.0,8.0,1.0,1.0,1.0,1.0,Kirin 9000E 5G (5 nm),0.0
Huawei Mate 40 Pro,Huawei,2020.0,790.0,6.76,212.0,4400.0,9.1,50.0,1344.0,2772.0,455.7154286848961,512.0,8.0,1.0,1.0,1.0,0.0,Kirin 9000 5G (5 nm),0.0
Huawei Mate 40 Pro+,Huawei,2020.0,1400.0,6.76,230.0,4400.0,8.8,50.0,1344.0,2772.0,455.7154286848961,256.0,12.0,1.0,1.0,1.0,0.0,Kirin 9000 5G (5 nm),0.0
Huawei Mate 40 RS Porsche Design,Huawei,2020.0,1400.0,6.76,234.0,4400.0,10.1,50.0,1344.0,2772.0,455.7154286848961,512.0,12.0,1.0,1.0,1.0,0.0,Kirin 9000 5G (5 nm),0.0
Huawei nova 8 SE,Huawei,2020.0,330.0,6.53,178.0,3800.0,7.5,64.0,1080.0,2400.0,403.03299600847737,128.0,8.0,1.0,1.0,0.0,0.0,"MediaTek MT6853 Dimensity 720 (7 nm) - standard model
MediaTek MT6853 Dimensity 800U (7 nm) - premium model",0.0
Huawei Enjoy 20 SE,Huawei,2020.0,160.0,6.67,206.0,5000.0,9.3,13.0,1080.0,2400.0,394.57353282389164,128.0,8.0,0.0,0.0,0.0,1.0,Kirin 710A (14 nm),0.0
Huawei nova 8 5G,Huawei,2020.0,410.0,6.57,169.0,3800.0,7.6,64.0,1080.0,2340.0,392.2690702267494,256.0,8.0,1.0,1.0,1.0,0.0,Kirin 985 5G (7 nm),0.0
Huawei Mate X2,Huawei,2021.0,2300.0,8.0,295.0,4500.0,8.2,50.0,2200.0,2480.0,414.3971524998694,512.0,12.0,1.0,1.0,1.0,0.0,Kirin 9000 5G (5 nm),0.0
Huawei P40 4G,Huawei,2021.0,500.0,6.1,175.0,3800.0,8.5,50.0,1080.0,2340.0,422.4930805556957,128.0,8.0,1.0,0.0,1.0,0.0,Kirin 990 (7 nm+),0.0
Huawei Mate 40E,Huawei,2021.0,600.0,6.5,188.0,4200.0,8.8,64.0,1080.0,2376.0,401.52891235329656,256.0,8.0,1.0,1.0,1.0,1.0,Kirin 990E 5G (7 nm+),0.0
Huawei Mate X2 4G,Huawei,2021.0,2290.0,8.0,295.0,4500.0,8.2,50.0,2200.0,2480.0,414.3971524998694,512.0,8.0,1.0,0.0,1.0,0.0,Kirin 9000 (5 nm),0.0
Huawei Mate 40E 4G,Huawei,2021.0,550.0,6.5,188.0,4200.0,8.8,64.0,1080.0,2376.0,401.52891235329656,256.0,8.0,1.0,0.0,1.0,1.0,Kirin 990E (7 nm+),0.0
Huawei Mate 40 Pro 4G,Huawei,2021.0,800.0,6.76,212.0,4400.0,9.1,50.0,1344.0,2772.0,455.7154286848961,512.0,8.0,1.0,0.0,1.0,0.0,Kirin 9000 (5 nm),0.0
Huawei nova 8i,Huawei,2021.0,227.27,6.67,190.0,4300.0,8.6,64.0,1080.0,2376.0,391.2950420234524,128.0,8.0,0.0,0.0,0.0,1.0,Qualcomm SM6115 Snapdragon 662 (11 nm),0.0
Huawei nova 8 SE Youth,Huawei,2021.0,250.0,6.6,179.0,4000.0,8.4,48.0,1080.0,2400.0,398.7584036265693,128.0,8.0,0.0,0.0,0.0,1.0,Kirin 710A (14 nm),0.0
Huawei P50,Huawei,2021.0,643.9908,6.5,181.0,4100.0,7.9,50.0,1224.0,2700.0,456.0747369461209,256.0,8.0,1.0,0.0,1.0,0.0,Qualcomm SM8350 Snapdragon 888 4G (5 nm),0.0
Huawei P50 Pro,Huawei,2021.0,799.0,6.6,195.0,4360.0,8.5,50.0,1228.0,2700.0,449.41508767337405,512.0,12.0,1.0,0.0,1.0,0.0,"Kirin 9000 (5 nm)
Qualcomm SM8350 Snapdragon 888 4G (5 nm)",0.0
Huawei nova 8,Huawei,2021.0,420.0,6.57,169.0,3800.0,7.6,64.0,1080.0,2340.0,392.2690702267494,256.0,8.0,1.0,0.0,1.0,0.0,Kirin 820E (7nm),0.0
Huawei nova 9,Huawei,2021.0,275.83,6.57,175.0,4300.0,7.8,50.0,1080.0,2340.0,392.2690702267494,256.0,8.0,1.0,0.0,1.0,0.0,Qualcomm SM7325 Snapdragon 778G 4G (6 nm),0.0
Huawei nova 9 Pro,Huawei,2021.0,460.0,6.72,186.0,4000.0,8.0,50.0,1236.0,2676.0,438.6391874134069,256.0,8.0,1.0,0.0,1.0,0.0,Qualcomm SM7325 Snapdragon 778G 4G (6 nm),0.0
Huawei Enjoy 20e,Huawei,2021.0,130.0,6.3,185.0,5000.0,9.0,13.0,720.0,1600.0,278.49793269157215,128.0,6.0,0.0,0.0,0.0,1.0,"Mediatek MT6765 Helio P35 (12nm)
Kirin 710A (14 nm) - 128GB 6GB RAM only",0.0
Huawei nova Y60,Huawei,2021.0,150.0,6.6,185.0,5000.0,9.2,13.0,720.0,1600.0,265.83893575104617,64.0,4.0,0.0,0.0,0.0,1.0,Mediatek MT6765 Helio P35 (12nm),0.0
Huawei nova 8 SE 4G,Huawei,2021.0,290.0,6.5,180.0,3800.0,7.5,64.0,1080.0,2400.0,404.89314829774725,128.0,8.0,1.0,0.0,0.0,0.0,Kirin 710A (14 nm),0.0
Huawei P50 Pocket,Huawei,2021.0,969.0,6.9,190.0,4000.0,7.2,40.0,1188.0,2790.0,439.4781232256628,512.0,12.0,1.0,0.0,1.0,0.0,Qualcomm SM8350 Snapdragon 888 4G (5 nm),0.0
Huawei nova 9 SE,Huawei,2022.0,227.99,6.78,191.0,4000.0,7.9,108.0,1080.0,2388.0,386.5585593082292,256.0,8.0,0.0,0.0,1.0,0.0,Qualcomm SM6225 Snapdragon 680 4G (6 nm),0.0
Huawei P50E,Huawei,2022.0,580.0,6.5,181.0,4100.0,7.9,50.0,1224.0,2700.0,456.0747369461209,256.0,8.0,1.0,0.0,1.0,0.0,Qualcomm SM7325 Snapdragon 778G 4G (6 nm),0.0
Huawei nova Y70 Plus,Huawei,2022.0,189.89,6.75,199.0,6000.0,9.0,48.0,720.0,1600.0,259.93140384546734,128.0,4.0,0.0,0.0,0.0,1.0,Unspecified,0.0
Huawei nova 9 SE 5G,Huawei,2022.0,370.0,6.78,191.0,4000.0,7.9,108.0,1080.0,2388.0,386.5585593082292,256.0,8.0,0.0,1.0,0.0,0.0,Qualcomm SM6375 Snapdragon 695 5G (6 nm) - unconfirmed,0.0
Huawei Mate Xs 2,Huawei,2022.0,1734.98,7.8,255.0,4600.0,5.4,50.0,2200.0,2480.0,425.02272051268653,512.0,12.0,1.0,0.0,1.0,0.0,Qualcomm SM8350 Snapdragon 888 4G (5 nm),0.0
Huawei nova Y90,Huawei,2022.0,224.89,6.7,195.0,5000.0,8.4,50.0,1080.0,2388.0,391.1741838969842,128.0,8.0,0.0,0.0,1.0,1.0,Qualcomm SM6225 Snapdragon 680 4G (6 nm),0.0
Huawei nova 10,Huawei,2022.0,500.0,6.67,168.0,4000.0,6.9,50.0,1080.0,2400.0,394.57353282389164,256.0,8.0,1.0,0.0,1.0,0.0,Qualcomm SM7325 Snapdragon 778G 4G (6 nm),0.0
Huawei nova 10 Pro,Huawei,2022.0,730.0,6.78,191.0,4500.0,7.9,50.0,1200.0,2652.0,429.330334341274,256.0,8.0,1.0,0.0,1.0,0.0,Qualcomm SM7325 Snapdragon 778G 4G (6 nm),0.0
Huawei Mate 50,Huawei,2022.0,720.0,6.7,202.0,4460.0,8.0,50.0,1224.0,2700.0,442.46056569399786,512.0,8.0,1.0,0.0,1.0,0.0,Qualcomm SM8475 Snapdragon 8+ Gen 1 4G (4 nm),0.0
Huawei Mate 50E,Huawei,2022.0,580.0,6.7,201.0,4460.0,8.0,50.0,1224.0,2700.0,442.46056569399786,256.0,8.0,1.0,0.0,1.0,0.0,Qualcomm SM7325 Snapdragon 778G 5G (6 nm),0.0
Huawei Mate 50 Pro,Huawei,2022.0,1161.89,6.74,205.0,4700.0,8.5,50.0,1212.0,2616.0,427.7631018421589,512.0,8.0,1.0,0.0,1.0,0.0,Qualcomm SM8475 Snapdragon 8+ Gen 1 4G (4 nm),0.0
Huawei Mate 50 RS Porsche Design,Huawei,2022.0,1880.0,6.74,232.0,4700.0,9.9,50.0,1212.0,2616.0,427.7631018421589,512.0,12.0,1.0,0.0,1.0,0.0,Qualcomm SM8475 Snapdragon 8+ Gen 1 4G (4 nm),0.0
Huawei nova 10 SE,Huawei,2022.0,300.0,6.67,184.0,4500.0,7.4,108.0,1080.0,2400.0,394.57353282389164,256.0,8.0,1.0,0.0,1.0,0.0,Qualcomm Snapdragon 680G 4G (6 nm),0.0
Huawei nova Y61,Huawei,2022.0,190.0,6.52,188.0,5000.0,8.9,50.0,720.0,1600.0,269.1007631835743,64.0,6.0,0.0,0.0,1.0,1.0,,0.0
Huawei Pocket S,Huawei,2022.0,830.0,6.9,190.0,4000.0,7.2,40.0,1188.0,2790.0,439.4781232256628,512.0,8.0,1.0,0.0,1.0,0.0,Qualcomm SM7325 Snapdragon 778G 4G (6 nm),0.0
Huawei Enjoy 50z,Huawei,2022.0,150.0,6.52,188.0,5000.0,8.9,50.0,720.0,1600.0,269.1007631835743,256.0,6.0,0.0,0.0,0.0,1.0,,0.0
HTC Desire 320,HTC,2015.0,80.0,4.5,145.0,2100.0,10.5,5.0,480.0,854.0,217.70021294442822,8.0,1.0,0.0,0.0,0.0,1.0,,0.0
HTC Desire 826 dual sim,HTC,2015.0,200.0,5.5,183.0,2600.0,8.0,13.0,1080.0,1920.0,400.52857637859967,16.0,2.0,0.0,0.0,0.0,1.0,Qualcomm MSM8939 Snapdragon 615 (28 nm),0.0
HTC Desire 526G+ dual sim,HTC,2015.0,160.0,4.7,154.0,2000.0,9.9,8.0,540.0,960.0,234.35182660449982,16.0,1.0,0.0,0.0,0.0,1.0,,0.0
HTC Desire 626G+,HTC,2015.0,250.0,5.0,138.0,2000.0,8.2,13.0,720.0,1280.0,293.7209560109731,8.0,1.0,0.0,0.0,0.0,1.0,Mediatek MT6592 (28 nm),0.0
HTC Desire 820s dual sim,HTC,2015.0,370.0,5.5,155.0,2600.0,7.7,13.0,720.0,1280.0,267.0190509190665,16.0,2.0,0.0,0.0,0.0,1.0,Mediatek MT6752 (28 nm),0.0
HTC One M9,HTC,2015.0,360.0,5.0,157.0,2840.0,9.6,20.0,1080.0,1920.0,440.58143401645964,32.0,3.0,0.0,0.0,1.0,1.0,Qualcomm MSM8994 Snapdragon 810 (20 nm),0.0
HTC One E9,HTC,2015.0,320.0,5.5,147.0,2800.0,7.5,13.0,1080.0,1920.0,400.52857637859967,16.0,2.0,0.0,0.0,1.0,1.0,Mediatek MT6795M Helio X10 (28 nm),0.0
HTC One E9+,HTC,2015.0,320.0,5.5,150.0,2800.0,7.5,20.0,1440.0,2560.0,534.038101838133,32.0,3.0,0.0,0.0,1.0,1.0,Mediatek MT6795M Helio X10 (28 nm),0.0
HTC One M8s,HTC,2015.0,330.0,5.0,160.0,2840.0,9.6,13.0,1080.0,1920.0,440.58143401645964,32.0,2.0,0.0,0.0,1.0,1.0,Qualcomm MSM8939 Snapdragon 615 (28 nm),0.0
HTC One M9+,HTC,2015.0,300.0,5.2,168.0,2840.0,9.6,20.0,1440.0,2560.0,564.8479923287945,32.0,3.0,0.0,0.0,1.0,1.0,Mediatek MT6795T Helio X10 (28 nm),0.0
HTC Desire 326G dual sim,HTC,2015.0,130.0,4.5,146.0,2000.0,9.7,8.0,480.0,854.0,217.70021294442822,8.0,1.0,0.0,0.0,0.0,1.0,Spreadtrum SC7731G,0.0
HTC Desire 820G+ dual sim,HTC,2015.0,180.0,5.5,154.5,2600.0,7.7,13.0,720.0,1280.0,267.0190509190665,16.0,1.0,0.0,0.0,0.0,1.0,Mediatek MT6592 (28 nm),0.0
HTC One ME,HTC,2015.0,340.0,5.2,155.0,2840.0,9.8,20.0,1440.0,2560.0,564.8479923287945,32.0,3.0,0.0,0.0,1.0,1.0,Mediatek MT6795 Helio X10 (28 nm),0.0
HTC Desire 526,HTC,2015.0,110.0,4.7,156.0,2000.0,9.9,8.0,540.0,960.0,234.35182660449982,8.0,1.5,0.0,0.0,0.0,1.0,Qualcomm MSM8909 Snapdragon 210 (28 nm),0.0
HTC Desire 626s,HTC,2015.0,190.0,5.0,138.9,2000.0,8.1,8.0,720.0,1280.0,293.7209560109731,8.0,1.5,0.0,0.0,0.0,1.0,Qualcomm MSM8909 Snapdragon 210 (28 nm),0.0
HTC One A9,HTC,2015.0,300.0,5.0,143.0,2150.0,7.3,13.0,1080.0,1920.0,440.58143401645964,32.0,3.0,1.0,0.0,1.0,1.0,Qualcomm MSM8952 Snapdragon 617 (28 nm),0.0
HTC One M9+ Supreme Camera,HTC,2015.0,480.0,5.2,168.0,2840.0,9.6,21.0,1440.0,2560.0,564.8479923287945,32.0,3.0,0.0,0.0,1.0,1.0,Mediatek MT6795T Helio X10 (28 nm),0.0
HTC Butterfly 3,HTC,2015.0,300.0,5.2,161.0,2700.0,10.0,20.2,1440.0,2560.0,564.8479923287945,32.0,3.0,0.0,0.0,1.0,1.0,Qualcomm MSM8994 Snapdragon 810 (20 nm),0.0
HTC One E9s dual sim,HTC,2015.0,310.0,5.5,165.0,2600.0,7.6,13.0,720.0,1280.0,267.0190509190665,16.0,2.0,0.0,0.0,0.0,1.0,Mediatek MT6752M,0.0
HTC Desire 728 dual sim,HTC,2015.0,240.0,5.5,153.0,2800.0,7.9,13.0,720.0,1280.0,267.0190509190665,16.0,2.0,0.0,0.0,0.0,1.0,Mediatek MT6753 (28 nm),0.0
HTC Desire 828 dual sim,HTC,2015.0,130.0,5.5,148.0,2800.0,7.9,13.0,1080.0,1920.0,400.52857637859967,32.0,3.0,0.0,0.0,0.0,1.0,Mediatek MT6753 (28 nm),0.0
HTC One M9s,HTC,2015.0,270.0,5.0,158.0,2840.0,9.6,13.0,1080.0,1920.0,440.58143401645964,16.0,2.0,0.0,0.0,1.0,1.0,Mediatek MT6795 Helio X10 (28 nm),0.0
HTC One X9,HTC,2015.0,300.0,5.5,170.0,3000.0,8.0,13.0,1080.0,1920.0,400.52857637859967,32.0,3.0,0.0,0.0,1.0,1.0,Mediatek MT6795 Helio X10 (28 nm),0.0
HTC Desire 625,HTC,2016.0,70.0,5.0,140.1,2000.0,8.4,5.0,720.0,1280.0,293.7209560109731,8.0,1.5,0.0,0.0,0.0,1.0,Qualcomm MSM8909 Snapdragon 210 (28 nm),0.0
HTC Desire 530,HTC,2016.0,170.0,5.0,140.0,2200.0,8.3,8.0,720.0,1280.0,293.7209560109731,16.0,1.5,0.0,0.0,1.0,1.0,Qualcomm MSM8909 Snapdragon 210 (28 nm),0.0
HTC Desire 630,HTC,2016.0,190.0,5.0,140.0,2200.0,8.3,13.0,720.0,1280.0,293.7209560109731,16.0,2.0,0.0,0.0,0.0,1.0,Qualcomm Snapdragon 400 (28 nm),0.0
HTC Desire 825,HTC,2016.0,240.0,5.5,155.0,2700.0,7.4,13.0,720.0,1280.0,267.0190509190665,16.0,2.0,0.0,0.0,0.0,1.0,Qualcomm Snapdragon 400 (28 nm),0.0
HTC 10,HTC,2016.0,300.0,5.2,161.0,3000.0,9.0,12.0,1440.0,2560.0,564.8479923287945,64.0,4.0,0.0,0.0,1.0,1.0,Qualcomm MSM8996 Snapdragon 820 (14 nm),0.0
HTC 10 Lifestyle,HTC,2016.0,250.0,5.2,161.0,3000.0,9.0,12.0,1440.0,2560.0,564.8479923287945,64.0,3.0,0.0,0.0,1.0,1.0,Qualcomm MSM8976 Snapdragon 652 (28 nm),0.0
HTC One S9,HTC,2016.0,210.0,5.0,158.0,2840.0,10.1,13.0,1080.0,1920.0,440.58143401645964,16.0,2.0,0.0,0.0,1.0,1.0,Mediatek MT6795 Helio X10 (28 nm),0.0
HTC Desire 830,HTC,2016.0,200.0,5.5,156.0,2800.0,7.8,13.0,1080.0,1920.0,400.52857637859967,32.0,3.0,0.0,0.0,1.0,1.0,Mediatek MT6795 Helio X10 (28 nm),0.0
HTC One M9 Prime Camera,HTC,2016.0,250.0,5.0,158.0,2840.0,9.6,13.0,1080.0,1920.0,440.58143401645964,16.0,2.0,0.0,0.0,1.0,1.0,Mediatek MT6795T Helio X10 (28 nm),0.0
HTC Desire 628,HTC,2016.0,200.0,5.0,142.0,2200.0,8.1,13.0,720.0,1280.0,293.7209560109731,32.0,3.0,0.0,0.0,0.0,1.0,Mediatek MT6753 (28 nm),0.0
HTC Desire 728 Ultra,HTC,2016.0,220.0,5.5,153.0,2800.0,7.9,13.0,720.0,1280.0,267.0190509190665,32.0,3.0,0.0,0.0,0.0,1.0,Mediatek MT6753 (28 nm),0.0
HTC Desire 10 Lifestyle,HTC,2016.0,200.0,5.5,155.0,2700.0,7.7,13.0,720.0,1280.0,267.0190509190665,32.0,3.0,0.0,0.0,0.0,1.0,Qualcomm MSM8928 Snapdragon 400 (28 nm),0.0
HTC One A9s,HTC,2016.0,150.0,5.0,149.8,2300.0,8.0,13.0,720.0,1280.0,293.7209560109731,32.0,3.0,0.0,0.0,1.0,1.0,Mediatek MT6755 Helio P10 (28 nm),0.0
HTC Desire 10 Compact,HTC,2017.0,150.0,5.0,148.0,3300.0,7.5,13.0,720.0,1280.0,293.7209560109731,32.0,3.0,0.0,0.0,0.0,1.0,Mediatek MT6737T (28 nm),0.0
HTC Desire 10 Pro,HTC,2016.0,260.0,5.5,165.0,3000.0,7.9,20.0,1080.0,1920.0,400.52857637859967,64.0,4.0,0.0,0.0,1.0,1.0,Mediatek MT6755 Helio P10 (28 nm),0.0
HTC Desire 650,HTC,2016.0,170.0,5.0,140.0,2200.0,8.4,13.0,720.0,1280.0,293.7209560109731,16.0,2.0,0.0,0.0,1.0,1.0,Qualcomm MSM8928 Snapdragon 400 (28 nm),0.0
HTC 10 evo,HTC,2016.0,230.0,5.5,174.0,3200.0,8.1,16.0,1440.0,2560.0,534.038101838133,64.0,3.0,0.0,0.0,1.0,0.0,Qualcomm MSM8994 Snapdragon 810 (20 nm),0.0
HTC U Play,HTC,2017.0,150.0,5.2,145.0,2500.0,8.0,16.0,1080.0,1920.0,423.6359942465958,64.0,4.0,0.0,0.0,1.0,0.0,Mediatek MT6755 Helio P10 (28 nm),0.0
HTC U Ultra,HTC,2017.0,250.0,5.7,170.0,3000.0,8.0,12.0,1440.0,2560.0,515.2999228262686,128.0,4.0,0.0,0.0,1.0,0.0,Qualcomm MSM8996 Snapdragon 821 (14 nm),0.0
HTC One X10,HTC,2017.0,200.0,5.5,175.0,4000.0,8.2,16.0,1080.0,1920.0,400.52857637859967,32.0,3.0,0.0,0.0,0.0,1.0,Mediatek MT6755 Helio P10 (28 nm),0.0
HTC U11,HTC,2017.0,300.0,5.5,169.0,3000.0,7.9,12.0,1440.0,2560.0,534.038101838133,128.0,6.0,0.0,0.0,1.0,0.0,Qualcomm MSM8998 Snapdragon 835 (10 nm),0.0
HTC U11 Life,HTC,2017.0,210.0,5.2,142.0,2600.0,8.1,16.0,1080.0,1920.0,423.6359942465958,64.0,4.0,0.0,0.0,1.0,0.0,Qualcomm SDM630 Snapdragon 630 (14 nm),0.0
HTC U11+,HTC,2017.0,450.0,6.0,188.0,3930.0,8.5,12.0,1440.0,2880.0,536.6563145999495,128.0,6.0,0.0,0.0,1.0,0.0,Qualcomm MSM8998 Snapdragon 835 (10 nm),0.0
HTC U11 Eyes,HTC,2018.0,300.0,6.0,185.0,3930.0,8.5,12.0,1080.0,2160.0,402.49223594996215,64.0,4.0,0.0,0.0,1.0,0.0,Qualcomm MSM8976 Snapdragon 652 (28 nm),0.0
HTC Desire 12,HTC,2018.0,130.0,5.5,137.0,2730.0,8.2,13.0,720.0,1440.0,292.721626145427,32.0,3.0,0.0,0.0,0.0,1.0,Mediatek MT6739 (28 nm),0.0
HTC Desire 12+,HTC,2018.0,170.0,6.0,157.5,2965.0,8.4,13.0,720.0,1440.0,268.32815729997475,32.0,3.0,0.0,0.0,0.0,1.0,Qualcomm SDM450 Snapdragon 450 (14 nm),0.0
HTC U12+,HTC,2018.0,450.0,6.0,188.0,3500.0,8.7,12.0,1440.0,2880.0,536.6563145999495,128.0,6.0,0.0,0.0,1.0,0.0,Qualcomm SDM845 Snapdragon 845 (10 nm),0.0
HTC U12 life,HTC,2018.0,230.0,6.0,175.0,3600.0,8.3,16.0,1080.0,2160.0,402.49223594996215,128.0,6.0,0.0,0.0,1.0,1.0,Qualcomm SDM636 Snapdragon 636 (14 nm),0.0
HTC Desire 12s,HTC,2018.0,200.0,5.7,150.0,3075.0,8.3,13.0,720.0,1440.0,282.45069189471025,64.0,4.0,0.0,0.0,1.0,1.0,Qualcomm MSM8940 Snapdragon 435 (28 nm),0.0
HTC Desire 19+,HTC,2019.0,280.0,6.2,170.0,3850.0,8.5,13.0,720.0,1520.0,271.27478763391787,128.0,6.0,0.0,0.0,1.0,1.0,Mediatek MT6765 Helio P35 (12nm),0.0
HTC U19e,HTC,2019.0,420.0,6.0,180.0,3930.0,8.0,12.0,1080.0,2160.0,402.49223594996215,128.0,6.0,1.0,0.0,1.0,0.0,Qualcomm SDM710 Snapdragon 710 (10 nm),0.0
HTC Wildfire X,HTC,2019.0,150.0,6.2,160.0,3300.0,8.0,12.0,720.0,1520.0,271.27478763391787,128.0,4.0,0.0,0.0,0.0,1.0,Mediatek MT6762 Helio P22 (12 nm),0.0
HTC Exodus 1s,HTC,2019.0,220.0,5.7,150.0,3075.0,8.3,13.0,720.0,1440.0,282.45069189471025,64.0,4.0,0.0,0.0,0.0,1.0,Qualcomm SDM435 Snapdragon 435 (28 nm),0.0
HTC Desire 19s,HTC,2019.0,180.0,6.2,170.0,3850.0,8.5,13.0,720.0,1520.0,271.27478763391787,32.0,3.0,0.0,0.0,1.0,1.0,Mediatek MT6762 Helio P22 (12 nm),0.0
HTC Desire 20 Pro,HTC,2020.0,660.0,6.5,201.0,5000.0,9.4,48.0,1080.0,2340.0,396.4935063676529,128.0,6.0,0.0,0.0,1.0,1.0,Qualcomm SM6125 Snapdragon 665 (11 nm),0.0
HTC Wildfire E,HTC,2019.0,120.0,5.45,160.0,3000.0,8.9,13.0,720.0,1440.0,295.40714565134834,32.0,2.0,0.0,0.0,0.0,1.0,Unisoc SC9863A (28nm),0.0
HTC Wildfire E1,HTC,2019.0,90.0,6.09,165.0,3000.0,8.9,13.0,720.0,1560.0,282.1245529709626,32.0,3.0,0.0,0.0,0.0,1.0,Mediatek MT6763 Helio P23 (16 nm),0.0
HTC Wildfire E1 plus,HTC,2019.0,120.0,6.09,165.0,3000.0,8.9,16.0,720.0,1560.0,282.1245529709626,32.0,3.0,0.0,0.0,0.0,1.0,Mediatek MT6763 Helio P23 (16 nm),0.0
HTC Wildfire E2,HTC,2020.0,100.0,6.22,173.5,4000.0,9.0,16.0,720.0,1560.0,276.22805909857914,64.0,4.0,0.0,0.0,0.0,1.0,Mediatek MT6762D Helio P22 (12 nm),0.0
HTC Wildfire E1 lite,HTC,2020.0,80.0,5.45,160.0,3000.0,8.9,8.0,720.0,1440.0,295.40714565134834,16.0,2.0,0.0,0.0,0.0,1.0,Mediatek MT6761D Helio A20 (12 nm),0.0
HTC Desire 20+,HTC,2020.0,250.0,6.5,203.0,5000.0,9.0,48.0,720.0,1600.0,269.92876553183146,128.0,6.0,0.0,0.0,1.0,1.0,Qualcomm SM7125 Snapdragon 720G (8 nm),0.0
HTC Desire 21 Pro 5G,HTC,2021.0,350.0,6.7,205.0,5000.0,9.4,48.0,1080.0,2400.0,392.8067856619936,128.0,8.0,0.0,1.0,1.0,0.0,Qualcomm SM6350 Snapdragon 690 5G (8 nm),0.0
HTC Wildfire E3,HTC,2021.0,130.0,6.52,186.0,4000.0,9.0,13.0,720.0,1560.0,263.5181790787059,128.0,4.0,0.0,0.0,0.0,1.0,Mediatek MT6762 Helio P22 (12 nm),0.0
HTC Desire 22 Pro,HTC,2022.0,460.0,6.6,205.5,4520.0,9.4,64.0,1080.0,2412.0,400.4171378669008,128.0,8.0,0.0,1.0,1.0,1.0,Qualcomm SM6375 Snapdragon 695 5G (6 nm),0.0
HTC Wildfire E plus,HTC,2022.0,130.0,6.52,190.0,5150.0,8.8,13.0,720.0,1600.0,269.1007631835743,32.0,2.0,0.0,0.0,0.0,1.0,Mediatek MT6739 (28 nm),0.0
HP Pro Slate 8,HP,2015.0,390.0,7.86,350.0,5900.0,8.0,8.0,1536.0,2048.0,325.6997455470738,32.0,2.0,0.0,0.0,1.0,1.0,Qualcomm Snapdragon 800 (28 nm),0.0
HP Elite x3,HP,2016.0,700.0,5.96,195.0,4150.0,7.8,16.0,1440.0,2560.0,492.82039599156565,64.0,4.0,1.0,0.0,1.0,1.0,Qualcomm MSM8996 Snapdragon 820 (14 nm),0.0
Honor 4C,Honor,2015.0,170.0,5.0,162.0,2550.0,8.8,13.0,720.0,1280.0,293.7209560109731,8.0,2.0,0.0,0.0,0.0,1.0,Kirin 620 (28 nm),0.0
Honor 7,Honor,2015.0,220.0,5.2,157.0,3100.0,8.5,20.0,1080.0,1920.0,423.6359942465958,64.0,3.0,0.0,0.0,0.0,1.0,Kirin 935 (28 nm),0.0
Honor 7i,Honor,2015.0,250.0,5.2,160.0,3100.0,7.8,13.0,1080.0,1920.0,423.6359942465958,32.0,3.0,0.0,0.0,1.0,1.0,Qualcomm MSM8939v2 Snapdragon 616 (28 nm),0.0
Honor 5X,Honor,2015.0,180.0,5.5,158.0,3000.0,8.2,13.0,1080.0,1920.0,400.52857637859967,16.0,3.0,0.0,0.0,0.0,1.0,Qualcomm MSM8939v2 Snapdragon 616 (28 nm),0.0
Honor Holly 2 Plus,Honor,2016.0,140.0,5.0,160.0,4000.0,9.7,13.0,720.0,1280.0,293.7209560109731,16.0,2.0,0.0,0.0,0.0,1.0,Mediatek MT6735P (28 nm),0.0
Honor 5c,Honor,2016.0,170.0,5.2,156.0,3000.0,8.3,13.0,1080.0,1920.0,423.6359942465958,16.0,2.0,0.0,0.0,0.0,1.0,Kirin 650 (16 nm),0.0
Honor 5A,Honor,2016.0,120.0,5.0,140.0,2200.0,9.0,13.0,720.0,1280.0,293.7209560109731,16.0,2.0,0.0,0.0,0.0,1.0,Mediatek MT6735P (28 nm),0.0
Honor 8,Honor,2016.0,200.0,5.2,153.0,3000.0,7.5,12.0,1080.0,1920.0,423.6359942465958,64.0,4.0,0.0,0.0,1.0,1.0,Kirin 950 (16 nm),0.0
Honor Note 8,Honor,2016.0,250.0,6.6,219.0,4500.0,7.2,13.0,1440.0,2560.0,445.0317515317775,128.0,4.0,1.0,0.0,0.0,1.0,Kirin 955 (16 nm),0.0
Honor Holly 3,Honor,2016.0,140.0,5.5,168.0,3100.0,8.5,13.0,720.0,1280.0,267.0190509190665,32.0,3.0,0.0,0.0,0.0,1.0,Kirin 620 (28 nm),0.0
Honor 6X,Honor,2016.0,180.0,5.5,162.0,3340.0,8.2,12.0,1080.0,1920.0,400.52857637859967,64.0,4.0,0.0,0.0,0.0,1.0,Kirin 655 (16 nm),0.0
Honor V8,Honor,2016.0,290.0,5.7,170.0,3500.0,7.8,12.0,1080.0,1920.0,386.47494211970144,64.0,4.0,0.0,0.0,1.0,1.0,"Kirin 950 (16 nm) (KNT-AL10, KNT-TL10)
Kirin 955 (16 nm) (KNT-AL20)",0.0
Honor Magic,Honor,2016.0,350.0,5.09,145.0,2900.0,7.8,12.0,1440.0,2560.0,577.0549234007331,64.0,4.0,1.0,0.0,1.0,1.0,Kirin 950 (16 nm),0.0
Honor 8 Pro,Honor,2017.0,310.0,5.7,184.0,4000.0,7.0,12.0,1440.0,2560.0,515.2999228262686,64.0,6.0,0.0,0.0,1.0,1.0,Kirin 960 (16 nm),0.0
Honor 6A (Pro),Honor,2017.0,130.0,5.0,143.0,3020.0,8.2,13.0,720.0,1280.0,293.7209560109731,32.0,3.0,0.0,0.0,0.0,1.0,Qualcomm MSM8937 Snapdragon 430 (28 nm),0.0
Honor 9,Honor,2017.0,220.0,5.15,155.0,3200.0,7.5,12.0,1080.0,1920.0,427.74896506452393,128.0,6.0,0.0,0.0,1.0,1.0,Kirin 960 (16 nm),0.0
Honor 6C Pro,Honor,2017.0,170.0,5.2,145.0,3000.0,7.7,13.0,720.0,1280.0,282.42399616439724,32.0,3.0,0.0,0.0,0.0,1.0,Mediatek MT6750 (28 nm),0.0
Honor 7X,Honor,2017.0,180.0,5.93,165.0,3340.0,7.6,16.0,1080.0,2160.0,407.243409055611,128.0,4.0,0.0,0.0,0.0,1.0,Kirin 659 (16 nm),0.0
Honor View 10,Honor,2017.0,320.0,5.99,172.0,3750.0,7.0,16.0,1080.0,2160.0,403.16417624370166,128.0,6.0,0.0,0.0,1.0,1.0,Kirin 970 (10 nm),0.0
Honor 9 Lite,Honor,2017.0,190.0,5.65,149.0,3000.0,7.6,13.0,1080.0,2160.0,427.42538330969427,64.0,4.0,0.0,0.0,1.0,1.0,Kirin 659 (16 nm),0.0
Honor 7C,Honor,2018.0,200.0,5.99,164.0,3000.0,7.8,13.0,720.0,1440.0,268.7761174958011,64.0,4.0,0.0,0.0,0.0,1.0,Qualcomm SDM450 Snapdragon 450 (14 nm),0.0
Honor 7A,Honor,2018.0,120.0,5.7,150.0,3000.0,7.8,13.0,720.0,1440.0,282.45069189471025,32.0,3.0,0.0,0.0,0.0,1.0,Qualcomm MSM8937 Snapdragon 430 (28 nm),0.0
Honor 10,Honor,2018.0,310.0,5.84,153.0,3400.0,7.7,16.0,1080.0,2280.0,431.99580907456107,128.0,8.0,0.0,0.0,1.0,1.0,Kirin 970 (10 nm),0.0
Honor 7S,Honor,2018.0,110.0,5.45,142.0,3020.0,8.3,13.0,720.0,1440.0,295.40714565134834,16.0,2.0,0.0,0.0,0.0,1.0,Mediatek MT6739 (28 nm),0.0
Honor Play,Honor,2018.0,250.0,6.3,176.0,3750.0,7.5,16.0,1080.0,2340.0,409.08060180789585,128.0,6.0,0.0,0.0,1.0,1.0,Kirin 970 (10 nm),0.0
Honor 9N (9i),Honor,2018.0,220.0,5.84,152.0,3000.0,7.7,13.0,1080.0,2280.0,431.99580907456107,128.0,4.0,0.0,0.0,0.0,1.0,Kirin 659 (16 nm),0.0
Honor Note 10,Honor,2018.0,400.0,6.95,230.0,5000.0,7.7,16.0,1080.0,2220.0,355.2179673917867,128.0,8.0,1.0,0.0,1.0,0.0,Kirin 970 (10 nm),0.0
Honor 8X Max,Honor,2018.0,250.0,7.12,210.0,5000.0,8.1,16.0,1080.0,2244.0,349.7708774451482,128.0,6.0,0.0,0.0,0.0,1.0,Qualcomm SDM660 Snapdragon 660 (14 nm),0.0
Honor 8X,Honor,2018.0,220.0,6.5,175.0,3750.0,7.8,20.0,1080.0,2340.0,396.4935063676529,128.0,6.0,0.0,0.0,1.0,1.0,Kirin 710 (12 nm),0.0
Honor 8C,Honor,2018.0,170.0,6.26,167.2,4000.0,8.0,13.0,720.0,1520.0,268.6747097971711,64.0,4.0,0.0,0.0,0.0,1.0,Qualcomm SDM632 Snapdragon 632 (14 nm),0.0
Honor 10 Lite,Honor,2018.0,180.0,6.21,162.0,3400.0,8.0,13.0,1080.0,2340.0,415.0093061819233,128.0,6.0,0.0,0.0,1.0,1.0,Kirin 710 (12 nm),0.0
Honor Play 8A,Honor,2019.0,100.0,6.09,150.0,3020.0,8.0,13.0,720.0,1560.0,282.1245529709626,64.0,3.0,0.0,0.0,0.0,1.0,Mediatek MT6765 Helio P35 (12nm),0.0
Honor Magic 2,Honor,2018.0,550.0,6.39,206.0,3500.0,8.3,16.0,1080.0,2340.0,403.31890319088325,256.0,8.0,1.0,0.0,1.0,0.0,Kirin 980 (7 nm),0.0
Honor Magic 2 3D,Honor,2019.0,600.0,6.39,206.0,3500.0,8.3,16.0,1080.0,2340.0,403.31890319088325,512.0,8.0,1.0,0.0,1.0,0.0,Kirin 980 (7 nm),0.0
Honor View 20,Honor,2018.0,330.0,6.4,180.0,4000.0,8.1,48.0,1080.0,2310.0,398.4375,256.0,8.0,0.0,0.0,1.0,1.0,Kirin 980 (7 nm),0.0
Honor Tab 5,Honor,2019.0,200.0,8.0,310.0,5100.0,8.2,8.0,1920.0,1200.0,283.0194339616981,128.0,4.0,0.0,0.0,0.0,1.0,Kirin 710 (12 nm),0.0
Honor 8A Pro,Honor,2019.0,200.0,6.09,150.0,3020.0,8.0,13.0,720.0,1560.0,282.1245529709626,64.0,3.0,0.0,0.0,0.0,1.0,Mediatek MT6765 Helio P35 (12nm),0.0
Honor 20i,Honor,2019.0,210.0,6.21,164.0,3400.0,8.0,24.0,1080.0,2340.0,415.0093061819233,256.0,6.0,0.0,0.0,0.0,1.0,Kirin 710 (12 nm),0.0
Honor 20 lite,Honor,2019.0,190.0,6.21,164.0,3400.0,8.0,24.0,1080.0,2340.0,415.0093061819233,128.0,8.0,0.0,0.0,1.0,1.0,Kirin 710 (12 nm),0.0
Honor 20,Honor,2019.0,400.0,6.26,174.0,3750.0,7.9,48.0,1080.0,2340.0,411.6945353657738,256.0,8.0,0.0,0.0,1.0,0.0,Kirin 980 (7 nm),0.0
Honor 20 Pro,Honor,2019.0,470.0,6.26,182.0,4000.0,8.4,48.0,1080.0,2340.0,411.6945353657738,256.0,8.0,0.0,0.0,1.0,0.0,Kirin 980 (7 nm),0.0
Honor 8S,Honor,2019.0,120.0,5.71,146.0,3020.0,8.5,13.0,720.0,1520.0,294.55406012789683,64.0,3.0,0.0,0.0,0.0,1.0,Mediatek MT6761 Helio A22 (12 nm),0.0
Honor 9X (China),Honor,2019.0,180.0,6.59,206.0,4000.0,8.8,48.0,1080.0,2340.0,391.0785722897942,128.0,8.0,0.0,0.0,0.0,1.0,Kirin 810 (7 nm),0.0
Honor 9X Pro,Honor,2019.0,230.0,6.59,202.0,4000.0,8.8,48.0,1080.0,2340.0,391.0785722897942,256.0,8.0,0.0,0.0,0.0,1.0,Kirin 810 (7 nm),0.0
Honor 20S,Honor,2019.0,250.0,6.26,172.0,3750.0,7.9,48.0,1080.0,2340.0,411.6945353657738,128.0,8.0,0.0,0.0,0.0,0.0,Kirin 810 (7 nm),0.0
Honor Play 3,Honor,2019.0,130.0,6.39,176.0,4000.0,8.1,48.0,720.0,1560.0,268.8792687939221,128.0,6.0,0.0,0.0,0.0,1.0,Kirin 710F (12 nm),0.0
Honor Play 3e,Honor,2019.0,90.0,5.71,146.0,3020.0,8.5,13.0,720.0,1520.0,294.55406012789683,64.0,3.0,0.0,0.0,0.0,1.0,Mediatek MT6762R Helio P22 (12 nm),0.0
Honor 20 lite (China),Honor,2019.0,220.0,6.3,171.5,4000.0,7.7,48.0,1080.0,2400.0,417.7468990373583,128.0,8.0,1.0,0.0,0.0,1.0,Kirin 710F (12 nm),0.0
Honor 9X,Honor,2019.0,240.0,6.59,196.8,4000.0,8.8,48.0,1080.0,2340.0,391.0785722897942,128.0,6.0,0.0,0.0,0.0,1.0,Kirin 710F (12 nm),0.0
Honor V30,Honor,2019.0,430.0,6.57,213.0,4200.0,8.9,40.0,1080.0,2400.0,400.5792182550011,128.0,8.0,0.0,1.0,1.0,0.0,Kirin 990 (7 nm),0.0
Honor V30 Pro,Honor,2019.0,500.0,6.57,206.0,4100.0,8.8,40.0,1080.0,2400.0,400.5792182550011,256.0,8.0,0.0,1.0,1.0,0.0,Kirin 990 5G (7 nm+),0.0
Honor Play 9A,Honor,2020.0,120.0,6.3,185.0,5000.0,9.0,13.0,720.0,1600.0,278.49793269157215,128.0,4.0,0.0,0.0,0.0,1.0,Mediatek MT6765 Helio P35 (12nm),0.0
Honor 30S,Honor,2020.0,310.0,6.5,190.0,4000.0,8.6,64.0,1080.0,2400.0,404.89314829774725,256.0,8.0,0.0,1.0,0.0,1.0,Kirin 820 5G (7nm),0.0
Honor 8A Prime,Honor,2020.0,110.0,6.09,150.0,3020.0,8.2,13.0,720.0,1560.0,282.1245529709626,64.0,3.0,0.0,0.0,1.0,1.0,Mediatek MT6765 Helio P35 (12nm),0.0
Honor 8A 2020,Honor,2020.0,150.0,6.09,150.0,3020.0,8.2,13.0,720.0,1560.0,282.1245529709626,64.0,3.0,0.0,0.0,1.0,1.0,Mediatek MT6765 Helio P35 (12nm),0.0
Honor Play 4T,Honor,2020.0,160.0,6.39,176.0,4000.0,8.1,48.0,720.0,1560.0,268.8792687939221,128.0,6.0,0.0,0.0,0.0,1.0,Kirin 710A (14 nm),0.0
Honor Play 4T Pro,Honor,2020.0,200.0,6.3,165.0,4000.0,7.8,48.0,1080.0,2400.0,417.7468990373583,128.0,8.0,1.0,0.0,0.0,1.0,Kirin 810 (7 nm),0.0
Honor 20e,Honor,2020.0,180.0,6.21,164.0,3400.0,8.0,24.0,1080.0,2340.0,415.0093061819233,64.0,4.0,0.0,0.0,1.0,1.0,Kirin 710F (12 nm),0.0
Honor 30,Honor,2020.0,1170.0,6.53,185.0,4000.0,8.1,40.0,1080.0,2400.0,403.03299600847737,256.0,8.0,1.0,1.0,1.0,0.0,Kirin 985 5G (7 nm),0.0
Honor 30 Pro,Honor,2020.0,670.0,6.57,186.0,4000.0,8.4,40.0,1080.0,2340.0,392.2690702267494,256.0,8.0,1.0,1.0,1.0,0.0,Kirin 990 5G (7 nm+),0.0
Honor 30 Pro+,Honor,2020.0,650.0,6.57,190.0,4000.0,8.4,50.0,1080.0,2340.0,392.2690702267494,256.0,12.0,1.0,1.0,1.0,0.0,Kirin 990 5G (7 nm+),0.0
Honor 9X Lite,Honor,2020.0,220.0,6.5,188.0,3750.0,7.8,48.0,1080.0,2340.0,396.4935063676529,128.0,4.0,0.0,0.0,1.0,1.0,Kirin 710F (12 nm),0.0
Honor 9S,Honor,2020.0,90.0,5.45,144.0,3020.0,8.4,8.0,720.0,1440.0,295.40714565134834,32.0,2.0,0.0,0.0,0.0,1.0,Mediatek MT6762R Helio P22 (12 nm),0.0
Honor 9C,Honor,2020.0,160.0,6.39,176.0,4000.0,8.1,48.0,720.0,1560.0,268.8792687939221,64.0,4.0,0.0,0.0,0.0,1.0,Kirin 710A (14 nm),0.0
Honor 9A,Honor,2020.0,150.0,6.3,185.0,5000.0,9.0,13.0,720.0,1600.0,278.49793269157215,64.0,3.0,0.0,0.0,1.0,1.0,Mediatek MT6762R Helio P22 (12 nm),0.0
Honor X10 5G,Honor,2020.0,250.0,6.63,203.0,4300.0,8.8,40.0,1080.0,2400.0,396.95406695857577,128.0,8.0,0.0,1.0,0.0,1.0,Kirin 820 5G (7nm),0.0
Honor Play4 Pro,Honor,2020.0,360.0,6.57,213.0,4200.0,8.9,40.0,1080.0,2400.0,400.5792182550011,128.0,8.0,0.0,1.0,1.0,0.0,Kirin 990 (7 nm),0.0
Honor Play4,Honor,2020.0,250.0,6.81,213.0,4300.0,8.9,64.0,1080.0,2400.0,386.46188897729184,128.0,8.0,0.0,1.0,0.0,1.0,MediaTek MT6873 Dimensity 800 (7 nm),0.0
Honor 8S 2020,Honor,2020.0,110.0,5.71,146.0,3020.0,8.5,13.0,720.0,1520.0,294.55406012789683,64.0,3.0,0.0,0.0,0.0,1.0,Mediatek MT6761 Helio A22 (12 nm),0.0
Honor 30 Youth,Honor,2020.0,220.0,6.5,192.0,4000.0,8.4,48.0,1080.0,2400.0,404.89314829774725,128.0,8.0,0.0,1.0,0.0,1.0,MediaTek MT6873V Dimensity 800 (7 nm),0.0
Honor X10 Max 5G,Honor,2020.0,240.0,7.09,232.0,5000.0,8.3,48.0,1080.0,2280.0,355.83293723489936,128.0,8.0,0.0,1.0,1.0,1.0,MediaTek MT6873 Dimensity 800 (7 nm),0.0
Honor 30i,Honor,2020.0,200.0,6.3,171.5,4000.0,7.7,48.0,1080.0,2400.0,417.7468990373583,128.0,4.0,1.0,0.0,1.0,1.0,Kirin 710F (12 nm),0.0
Honor 10X Lite,Honor,2020.0,230.0,6.67,206.0,5000.0,9.3,48.0,1080.0,2400.0,394.57353282389164,128.0,4.0,0.0,0.0,1.0,1.0,Kirin 710A (14 nm),0.0
Honor V40 5G,Honor,2021.0,460.0,6.72,189.0,4000.0,8.0,50.0,1236.0,2676.0,438.6391874134069,256.0,8.0,1.0,1.0,1.0,0.0,Mediatek MT6889Z Dimensity 1000+ (7nm),0.0
Honor V40 Lite,Honor,2021.0,390.0,6.57,169.0,3800.0,7.6,64.0,1080.0,2340.0,392.2690702267494,256.0,8.0,1.0,1.0,1.0,0.0,MediaTek MT6853 Dimensity 800U (7 nm),0.0
Honor Play 5T Youth,Honor,2021.0,170.0,6.6,191.0,5000.0,9.2,13.0,720.0,1600.0,265.83893575104617,128.0,8.0,0.0,0.0,0.0,1.0,Mediatek MT6765 Helio P35 (12nm),0.0
Honor Play 20,Honor,2021.0,110.0,6.52,198.0,5000.0,8.9,13.0,720.0,1600.0,269.1007631835743,128.0,8.0,0.0,0.0,0.0,1.0,Unisoc T610 (12 nm),0.0
Honor Tablet X7,Honor,2021.0,120.0,8.0,325.0,5100.0,8.5,5.0,800.0,1280.0,188.67962264113208,32.0,3.0,0.0,0.0,0.0,1.0,Mediatek MT8768T Helio P22T,0.0
Honor Play5 5G,Honor,2021.0,270.0,6.53,179.0,3800.0,7.5,64.0,1080.0,2400.0,403.03299600847737,256.0,8.0,1.0,1.0,1.0,0.0,MediaTek MT6853 Dimensity 800U (7 nm),0.0
Honor 50 SE,Honor,2021.0,310.0,6.78,191.0,4000.0,8.0,108.0,1080.0,2388.0,386.5585593082292,256.0,12.0,0.0,1.0,0.0,0.0,MediaTek MT6877 Dimensity 900 (6 nm),0.0
Honor 50,Honor,2021.0,449.99,6.57,175.0,4300.0,7.8,108.0,1080.0,2340.0,392.2690702267494,256.0,12.0,1.0,1.0,1.0,0.0,Qualcomm SM7325 Snapdragon 778G 5G (6 nm),0.0
Honor 50 Pro,Honor,2021.0,480.0,6.72,187.0,4000.0,8.0,108.0,1236.0,2676.0,438.6391874134069,256.0,12.0,1.0,1.0,1.0,0.0,Qualcomm SM7325 Snapdragon 778G 5G (6 nm),0.0
Honor X20 SE,Honor,2021.0,240.0,6.6,179.0,4000.0,8.4,64.0,1080.0,2400.0,398.7584036265693,128.0,8.0,0.0,1.0,0.0,1.0,MediaTek MT6833 Dimensity 700 (7 nm),0.0
Honor Play 5T Pro,Honor,2021.0,200.0,6.6,179.0,4000.0,8.4,64.0,1080.0,2400.0,398.7584036265693,128.0,8.0,0.0,0.0,0.0,1.0,Mediatek MT6769V/CU Helio G80 (12 nm),0.0
Honor Magic3,Honor,2021.0,670.0,6.76,203.0,4600.0,8.99,50.0,1344.0,2772.0,455.7154286848961,256.0,8.0,1.0,1.0,1.0,0.0,Qualcomm SM8350 Snapdragon 888 5G (5 nm),0.0
Honor Magic3 Pro,Honor,2021.0,800.0,6.76,212.0,4600.0,9.0,50.0,1344.0,2772.0,455.7154286848961,512.0,12.0,1.0,1.0,1.0,0.0,Qualcomm SM8350 Snapdragon 888+ 5G (5 nm),0.0
Honor Magic3 Pro+,Honor,2021.0,1070.0,6.76,236.0,4600.0,9.9,50.0,1344.0,2772.0,455.7154286848961,512.0,12.0,1.0,1.0,1.0,0.0,Qualcomm SM8350 Snapdragon 888+ 5G (5 nm),0.0
Honor X20,Honor,2021.0,250.0,6.67,192.0,4300.0,8.5,64.0,1080.0,2376.0,391.2950420234524,256.0,8.0,0.0,1.0,0.0,1.0,MediaTek MT6877 Dimensity 900 (6 nm),0.0
Honor Play5 Youth,Honor,2021.0,240.0,6.67,192.0,4300.0,8.5,64.0,1080.0,2376.0,391.2950420234524,256.0,8.0,0.0,1.0,0.0,1.0,MediaTek MT6877 Dimensity 900 (6 nm),0.0
Honor 50 Lite,Honor,2021.0,259.99,6.67,192.0,4300.0,8.5,64.0,1080.0,2376.0,391.2950420234524,128.0,8.0,0.0,0.0,1.0,1.0,,0.0
Honor X30i,Honor,2021.0,190.0,6.7,175.0,4000.0,7.5,48.0,1080.0,2388.0,391.1741838969842,256.0,8.0,0.0,1.0,0.0,1.0,MediaTek MT6833P Dimensity 810 (6 nm),0.0
Honor X30 Max,Honor,2021.0,320.0,7.09,228.0,5000.0,8.3,64.0,1080.0,2280.0,355.83293723489936,256.0,8.0,0.0,1.0,1.0,1.0,MediaTek MT6877 Dimensity 900 (6 nm),0.0
Honor 60,Honor,2021.0,423.1908,6.67,179.0,4800.0,8.0,108.0,1080.0,2400.0,394.57353282389164,256.0,12.0,1.0,1.0,1.0,0.0,Qualcomm SM7325 Snapdragon 778G 5G (6 nm),0.0
Honor 60 Pro,Honor,2021.0,441.5908,6.78,192.0,4800.0,8.2,108.0,1200.0,2652.0,429.330334341274,256.0,12.0,1.0,1.0,1.0,0.0,Qualcomm Snapdragon 778G+ 5G,0.0
Honor Play 30 Plus,Honor,2021.0,150.0,6.74,198.0,5000.0,8.6,13.0,720.0,1600.0,260.31705874731523,128.0,8.0,0.0,1.0,0.0,1.0,MediaTek MT6833 Dimensity 700 (7 nm),0.0
Honor X30,Honor,2021.0,210.0,6.81,189.0,4800.0,8.1,48.0,1080.0,2388.0,384.8556581659022,256.0,12.0,0.0,1.0,0.0,0.0,Qualcomm SM6375 Snapdragon 695 5G (6 nm),0.0
Honor Magic V,Honor,2022.0,1400.0,7.9,288.0,4750.0,6.7,50.0,1984.0,2272.0,381.8137841182131,512.0,12.0,1.0,1.0,1.0,0.0,Qualcomm SM8450 Snapdragon 8 Gen 1 (4 nm),0.0
Honor 60 SE,Honor,2022.0,300.0,6.67,175.0,4300.0,7.7,64.0,1080.0,2400.0,394.57353282389164,256.0,12.0,1.0,1.0,0.0,0.0,MediaTek MT6877 Dimensity 900 (6 nm),0.0
Honor Magic4,Honor,2022.0,900.0,6.81,199.0,4800.0,8.8,50.0,1224.0,2664.0,430.5044526132652,512.0,12.0,1.0,1.0,1.0,0.0,Qualcomm SM8450 Snapdragon 8 Gen 1 (4 nm),0.0
Honor Magic4 Pro,Honor,2022.0,827.9,6.81,209.0,4600.0,9.1,50.0,1312.0,2848.0,460.45131459416524,512.0,12.0,1.0,1.0,1.0,0.0,Qualcomm SM8450 Snapdragon 8 Gen 1 (4 nm),0.0
Honor X8,Honor,2022.0,209.99,6.7,177.0,4000.0,7.5,64.0,1080.0,2388.0,391.1741838969842,128.0,6.0,0.0,0.0,1.0,1.0,Qualcomm SM6225 Snapdragon 680 4G (6 nm),0.0
Honor Magic4 Ultimate,Honor,2022.0,1150.0,6.81,242.0,4600.0,11.4,50.0,1312.0,2848.0,460.45131459416524,512.0,12.0,1.0,1.0,1.0,0.0,Qualcomm SM8450 Snapdragon 8 Gen 1 (4 nm),0.0
Honor X9 5G,Honor,2022.0,240.0,6.81,189.0,4800.0,8.1,48.0,1080.0,2388.0,384.8556581659022,256.0,8.0,0.0,1.0,1.0,0.0,Qualcomm SM6375 Snapdragon 695 5G (6 nm),0.0
Honor X9,Honor,2022.0,230.0,6.81,189.0,4800.0,8.1,64.0,1080.0,2388.0,384.8556581659022,128.0,8.0,0.0,0.0,1.0,0.0,Qualcomm SM6225 Snapdragon 680 4G (6 nm),0.0
Honor X7,Honor,2022.0,200.0,6.74,198.0,5000.0,8.6,48.0,720.0,1600.0,260.31705874731523,128.0,6.0,0.0,0.0,1.0,1.0,Qualcomm SM6225 Snapdragon 680 4G (6 nm),0.0
Honor Magic4 Lite,Honor,2022.0,251.22,6.81,189.0,4800.0,8.0,48.0,1080.0,2388.0,384.8556581659022,128.0,8.0,0.0,1.0,1.0,0.0,Qualcomm SM6375 Snapdragon 695 5G (6 nm),0.0
Honor Play6T,Honor,2022.0,180.0,6.74,198.0,5000.0,8.6,13.0,720.0,1600.0,260.31705874731523,256.0,8.0,0.0,1.0,0.0,1.0,MediaTek MT6833 Dimensity 700 (7 nm),0.0
Honor Play6T Pro,Honor,2022.0,200.0,6.7,175.0,4000.0,7.5,48.0,1080.0,2388.0,391.1741838969842,256.0,8.0,0.0,1.0,0.0,1.0,MediaTek MT6833P Dimensity 810 (6 nm),0.0
Honor Play 30,Honor,2022.0,150.0,6.5,194.0,5000.0,8.7,13.0,720.0,1600.0,269.92876553183146,128.0,8.0,0.0,1.0,0.0,1.0,Qualcomm SM4350-AC Snapdragon 480+ 5G (8 nm),0.0
Honor 70,Honor,2022.0,469.0,6.67,178.0,4800.0,7.9,54.0,1080.0,2400.0,394.57353282389164,512.0,12.0,1.0,1.0,1.0,0.0,Qualcomm SM7325-AE Snapdragon 778G+ 5G (6 nm),0.0
Honor 70 Pro,Honor,2022.0,520.0,6.78,192.0,4500.0,8.2,54.0,1200.0,2652.0,429.330334341274,512.0,12.0,1.0,1.0,1.0,0.0,MediaTek Dimensity 8000,0.0
Honor 70 Pro+,Honor,2022.0,600.0,6.78,192.0,4500.0,8.2,54.0,1200.0,2652.0,429.330334341274,256.0,12.0,1.0,1.0,1.0,0.0,MediaTek Dimensity 9000 (4 nm),0.0
Honor X40i,Honor,2022.0,240.0,6.7,175.0,4000.0,7.4,50.0,1080.0,2388.0,391.1741838969842,256.0,12.0,0.0,1.0,0.0,1.0,MediaTek MT6833 Dimensity 700 (7 nm),0.0
Honor X8 5G,Honor,2022.0,331.33,6.5,194.0,5000.0,8.7,48.0,720.0,1600.0,269.92876553183146,128.0,6.0,0.0,1.0,1.0,1.0,Qualcomm SM4350-AC Snapdragon 480+ 5G (8 nm),0.0
Honor X40,Honor,2022.0,210.0,6.67,172.0,5100.0,7.9,50.0,1080.0,2400.0,394.57353282389164,256.0,12.0,1.0,1.0,0.0,0.0,Qualcomm SM6375 Snapdragon 695 5G (6 nm),0.0
Honor X6,Honor,2022.0,183.1,6.5,194.0,5000.0,8.7,50.0,720.0,1600.0,269.92876553183146,128.0,4.0,0.0,0.0,1.0,1.0,MediaTek MT6762G Helio G25 (12 nm),0.0
Honor Play6C,Honor,2022.0,150.0,6.5,194.0,5000.0,8.7,13.0,720.0,1600.0,269.92876553183146,128.0,8.0,0.0,0.0,0.0,1.0,Qualcomm SM4350-AC Snapdragon 480+ 5G (8 nm),0.0
Honor X40 GT,Honor,2022.0,300.0,6.81,199.5,4800.0,8.5,50.0,1080.0,2388.0,384.8556581659022,256.0,12.0,0.0,1.0,1.0,0.0,Qualcomm SM8350 Snapdragon 888 5G (5 nm),0.0
Honor Play 40 Plus,Honor,2022.0,170.0,6.74,196.0,6000.0,8.3,50.0,720.0,1600.0,260.31705874731523,256.0,8.0,0.0,1.0,0.0,1.0,MediaTek MT6833 Dimensity 700 (7 nm),0.0
Honor Magic Vs,Honor,2022.0,1020.0,7.9,261.0,5000.0,6.1,54.0,1984.0,2272.0,381.8137841182131,512.0,12.0,1.0,1.0,1.0,0.0,Qualcomm SM8475 Snapdragon 8+ Gen 1 (4 nm),0.0
Honor Magic Vs Ultimate,Honor,2022.0,1500.0,7.9,265.0,5000.0,6.1,54.0,1984.0,2272.0,381.8137841182131,512.0,16.0,1.0,1.0,1.0,0.0,Qualcomm SM8475 Snapdragon 8+ Gen 1 (4 nm),0.0
Honor 80 SE,Honor,2022.0,349.5908,6.67,175.0,4600.0,7.7,64.0,1080.0,2400.0,394.57353282389164,256.0,12.0,1.0,1.0,0.0,0.0,MediaTek MT6877 Dimensity 900 (6 nm),0.0
Honor 80,Honor,2022.0,370.0,6.67,180.0,4800.0,7.7,160.0,1080.0,2400.0,394.57353282389164,512.0,12.0,1.0,1.0,1.0,0.0,Qualcomm Snapdragon 782G (6 nm),0.0
Honor 80 Pro,Honor,2022.0,495.88,6.78,188.0,4800.0,7.8,160.0,1224.0,2700.0,437.2397920574905,512.0,12.0,1.0,1.0,1.0,0.0,Qualcomm SM8475 Snapdragon 8+ Gen 1 (4 nm),0.0
Honor 80 GT,Honor,2022.0,450.0,6.67,187.0,4800.0,7.9,54.0,1080.0,2400.0,394.57353282389164,256.0,16.0,1.0,1.0,1.0,0.0,Qualcomm SM8475 Snapdragon 8+ Gen 1 (4 nm),0.0
Haier L7,Haier,2017.0,120.0,5.5,160.0,3000.0,7.9,13.0,1080.0,1920.0,400.52857637859967,32.0,3.0,0.0,0.0,0.0,1.0,Qualcomm MSM8937 Snapdragon 430 (28 nm),0.0
Google Pixel,Google,2016.0,290.0,5.0,143.0,2770.0,8.5,12.3,1080.0,1920.0,440.58143401645964,128.0,4.0,1.0,0.0,1.0,1.0,Qualcomm MSM8996 Snapdragon 821 (14 nm),0.0
Google Pixel XL,Google,2016.0,400.0,5.5,168.0,3450.0,8.5,12.3,1440.0,2560.0,534.038101838133,128.0,4.0,1.0,0.0,1.0,1.0,Qualcomm MSM8996 Snapdragon 821 (14 nm),0.0
Google Pixel 2 XL,Google,2017.0,520.0,6.0,175.0,3520.0,7.9,12.2,1440.0,2880.0,536.6563145999495,128.0,4.0,1.0,0.0,1.0,0.0,Qualcomm MSM8998 Snapdragon 835 (10 nm),0.0
Google Pixel 2,Google,2017.0,610.0,5.0,143.0,2700.0,7.8,12.2,1080.0,1920.0,440.58143401645964,128.0,4.0,1.0,0.0,1.0,0.0,Qualcomm MSM8998 Snapdragon 835 (10 nm),0.0
Google Pixel 3,Google,2018.0,450.0,5.5,148.0,2915.0,7.9,12.2,1080.0,2160.0,439.0824392181405,128.0,4.0,1.0,0.0,1.0,0.0,Qualcomm SDM845 Snapdragon 845 (10 nm),0.0
Google Pixel 3 XL,Google,2018.0,260.0,6.3,184.0,3430.0,7.9,12.2,1440.0,2960.0,522.4899202905647,128.0,4.0,1.0,0.0,1.0,0.0,Qualcomm SDM845 Snapdragon 845 (10 nm),0.0
Google Pixel 3a,Google,2019.0,280.0,5.6,147.0,3000.0,8.2,12.2,1080.0,2220.0,440.85087024516395,64.0,4.0,1.0,0.0,1.0,1.0,Qualcomm SDM670 Snapdragon 670 (10 nm),0.0
Google Pixel 3a XL,Google,2019.0,267.07,6.0,167.0,3700.0,8.2,12.2,1080.0,2160.0,402.49223594996215,64.0,4.0,1.0,0.0,1.0,1.0,Qualcomm SDM670 Snapdragon 670 (10 nm),0.0
Google Pixel 4,Google,2019.0,269.0,5.7,162.0,2800.0,8.2,12.2,1080.0,2280.0,442.60623245533975,128.0,6.0,1.0,0.0,1.0,0.0,Qualcomm SM8150 Snapdragon 855 (7 nm),0.0
Google Pixel 4 XL,Google,2019.0,391.75,6.3,193.0,3700.0,8.2,12.2,1440.0,3040.0,533.9376772477115,128.0,6.0,1.0,0.0,1.0,0.0,Qualcomm SM8150 Snapdragon 855 (7 nm),0.0
Google Pixel 4a,Google,2020.0,350.0,5.81,143.0,3140.0,8.2,12.2,1080.0,2340.0,443.58137545434494,128.0,6.0,1.0,0.0,1.0,1.0,Qualcomm SDM730 Snapdragon 730G (8 nm),0.0
Google Pixel 4a 5G,Google,2020.0,351.35,6.2,168.0,3885.0,8.2,12.2,1080.0,2340.0,415.6786760306038,128.0,6.0,1.0,1.0,1.0,1.0,Qualcomm SM7250 Snapdragon 765G 5G (7 nm),0.0
Google Pixel 5,Google,2020.0,416.9,6.0,151.0,4080.0,8.0,12.2,1080.0,2340.0,429.5346318982906,128.0,8.0,1.0,1.0,1.0,0.0,Qualcomm SM7250 Snapdragon 765G 5G (7 nm),0.0
Google Pixel 5a 5G,Google,2021.0,307.28000000000003,6.34,183.0,4680.0,7.6,12.2,1080.0,2400.0,415.11127191409423,128.0,6.0,1.0,1.0,1.0,1.0,Qualcomm SM7250 Snapdragon 765G 5G (7 nm),0.0
Google Pixel 6,Google,2021.0,490.59,6.4,207.0,4614.0,8.9,50.0,1080.0,2400.0,411.2196037398995,256.0,8.0,1.0,1.0,1.0,0.0,Google Tensor (5 nm),0.0
Google Pixel 6 Pro,Google,2021.0,641.5,6.7,210.0,5003.0,8.9,50.0,1440.0,3120.0,512.8771724158693,512.0,12.0,1.0,1.0,1.0,0.0,Google Tensor (5 nm),0.0
Google Pixel 6a,Google,2022.0,299.0,6.1,178.0,4410.0,8.9,12.2,1080.0,2400.0,431.44351867792744,128.0,6.0,1.0,1.0,1.0,0.0,Google Tensor (5 nm),0.0
Google Pixel 7,Google,2022.0,600.64,6.3,197.0,4355.0,8.7,50.0,1080.0,2400.0,417.7468990373583,256.0,8.0,1.0,1.0,1.0,0.0,Google Tensor G2 (5 nm),0.0
Google Pixel 7 Pro,Google,2022.0,825.0,6.7,212.0,5000.0,8.9,50.0,1440.0,3120.0,512.8771724158693,512.0,12.0,1.0,1.0,1.0,0.0,Google Tensor G2 (5 nm),0.0
Gionee Pioneer P6,Gionee,2015.0,120.0,5.0,150.0,1950.0,8.6,5.0,480.0,854.0,195.93019164998537,8.0,1.0,0.0,0.0,0.0,1.0,,0.0
Gionee Elife S7,Gionee,2015.0,400.0,5.2,125.3,2700.0,5.5,13.0,1080.0,1920.0,423.6359942465958,16.0,2.0,1.0,0.0,0.0,1.0,Mediatek MT6752 (28 nm),0.0
Gionee Marathon M5,Gionee,2015.0,330.0,5.5,211.0,6020.0,8.6,13.0,720.0,1280.0,267.0190509190665,32.0,3.0,1.0,0.0,0.0,1.0,Mediatek MT6735 (28 nm),0.0
Gionee Marathon M4,Gionee,2015.0,220.0,5.0,176.0,5000.0,10.2,8.0,720.0,1280.0,293.7209560109731,16.0,2.0,1.0,0.0,0.0,1.0,,0.0
Gionee Elife E8,Gionee,2015.0,480.0,6.0,210.0,3500.0,9.6,24.0,1440.0,2560.0,489.5349266849552,64.0,3.0,1.0,0.0,1.0,1.0,Mediatek MT6795 Helio X10 (28 nm),0.0
Gionee F103,Gionee,2015.0,130.0,5.0,136.6,2400.0,8.0,8.0,720.0,1280.0,293.7209560109731,16.0,2.0,0.0,0.0,0.0,1.0,Mediatek MT6735 (28 nm),0.0
Gionee S6,Gionee,2015.0,290.0,5.5,147.0,3150.0,6.9,13.0,720.0,1280.0,267.0190509190665,32.0,3.0,1.0,0.0,0.0,1.0,Mediatek MT6753 (28 nm),0.0
Gionee Pioneer P5W,Gionee,2015.0,90.0,5.0,153.0,2000.0,8.9,5.0,720.0,1280.0,293.7209560109731,16.0,1.0,0.0,0.0,0.0,1.0,Mediatek MT6735 (28 nm),0.0
Gionee Marathon M5 lite,Gionee,2015.0,170.0,5.0,183.0,4000.0,8.5,8.0,720.0,1280.0,293.7209560109731,32.0,3.0,0.0,0.0,0.0,1.0,Mediatek MT6735 (28 nm),0.0
Gionee Marathon M5 Plus,Gionee,2015.0,420.0,6.0,208.0,5020.0,8.4,13.0,1080.0,1920.0,367.1511950137164,64.0,3.0,1.0,0.0,0.0,1.0,Mediatek MT6753 (28 nm),0.0
Gionee Marathon M5 enjoy,Gionee,2015.0,340.0,5.5,200.0,5000.0,9.0,8.0,720.0,1280.0,267.0190509190665,16.0,3.0,0.0,0.0,0.0,1.0,Mediatek MT6735 (28 nm),0.0
Gionee S8,Gionee,2016.0,450.0,5.5,147.2,3000.0,7.0,16.0,1080.0,1920.0,400.52857637859967,64.0,4.0,1.0,0.0,0.0,1.0,Mediatek MT6755 Helio P10 (28 nm),0.0
Gionee W909,Gionee,2016.0,550.0,4.2,207.7,2530.0,16.5,16.0,720.0,1280.0,349.667804774968,64.0,4.0,0.0,0.0,0.0,1.0,Mediatek MT6755 Helio P10 (28 nm),0.0
Gionee P5 Mini,Gionee,2016.0,90.0,4.5,153.0,1800.0,9.1,5.0,480.0,854.0,217.70021294442822,8.0,1.0,0.0,0.0,0.0,1.0,Mediatek MT6580M (28 nm),0.0
Gionee S6 Pro,Gionee,2016.0,390.0,5.5,170.0,3130.0,7.6,13.0,1080.0,1920.0,400.52857637859967,64.0,4.0,0.0,0.0,0.0,1.0,Mediatek MT6755 Helio P10 (28 nm),0.0
Gionee S6s,Gionee,2016.0,280.0,5.5,166.0,3150.0,8.3,13.0,1080.0,1920.0,400.52857637859967,32.0,3.0,0.0,0.0,0.0,1.0,Mediatek MT6753 (28 nm),0.0
Gionee P7 Max,Gionee,2016.0,190.0,5.5,183.0,3100.0,8.8,13.0,720.0,1280.0,267.0190509190665,32.0,3.0,0.0,0.0,0.0,1.0,Mediatek MT6595,0.0
Gionee P7,Gionee,2016.0,140.0,5.0,167.0,2300.0,,8.0,720.0,1280.0,293.7209560109731,16.0,2.0,0.0,0.0,0.0,1.0,,0.0
Gionee S9,Gionee,2016.0,370.0,5.5,168.2,3000.0,7.4,13.0,1080.0,1920.0,400.52857637859967,64.0,4.0,0.0,0.0,0.0,1.0,Mediatek MT6755 Helio P10 (28 nm),0.0
Gionee Steel 2,Gionee,2016.0,210.0,5.0,160.0,4000.0,8.6,8.0,720.0,1280.0,293.7209560109731,32.0,3.0,0.0,0.0,0.0,1.0,Mediatek MT6737 (28 nm),0.0
Gionee M2017,Gionee,2016.0,1150.0,5.7,238.0,7000.0,7.4,12.0,1440.0,2560.0,515.2999228262686,128.0,6.0,1.0,0.0,0.0,0.0,Qualcomm MSM8976 Pro Snapdragon 653 (28 nm),0.0
Gionee F5,Gionee,2017.0,250.0,5.3,162.0,4000.0,7.7,13.0,720.0,1280.0,277.095241519786,32.0,4.0,0.0,0.0,0.0,1.0,Mediatek MT6750 (28 nm),0.0
Gionee A1,Gionee,2017.0,280.0,5.5,182.0,4010.0,8.3,13.0,1080.0,1920.0,400.52857637859967,64.0,4.0,0.0,0.0,0.0,1.0,Mediatek MT6755 Helio P10 (28 nm),0.0
Gionee A1 Plus,Gionee,2017.0,370.0,6.0,226.0,4550.0,9.1,13.0,1080.0,1920.0,367.1511950137164,64.0,4.0,0.0,0.0,0.0,1.0,Mediatek MT6757T Helio P25 (16 nm),0.0
Gionee M6s Plus,Gionee,2017.0,460.0,6.0,215.0,6020.0,8.3,12.0,1080.0,1920.0,367.1511950137164,256.0,6.0,1.0,0.0,0.0,1.0,Qualcomm MSM8976 Pro Snapdragon 653 (28 nm),0.0
Gionee S10C,Gionee,2017.0,180.0,5.2,151.0,3100.0,7.9,13.0,720.0,1280.0,282.42399616439724,32.0,4.0,0.0,0.0,0.0,1.0,Qualcomm MSM8920 Snapdragon 427 (28 nm),0.0
Gionee S10B,Gionee,2017.0,220.0,5.5,176.0,3700.0,7.6,13.0,1080.0,1920.0,400.52857637859967,64.0,4.0,0.0,0.0,0.0,1.0,Mediatek MT6755 Helio P10 (28 nm),0.0
Gionee S10,Gionee,2017.0,340.0,5.5,178.0,3450.0,7.4,16.0,1080.0,1920.0,400.52857637859967,64.0,4.0,0.0,0.0,0.0,1.0,Mediatek MT6757T Helio P25 (16 nm),0.0
Gionee M7,Gionee,2017.0,360.0,6.01,180.0,4000.0,7.2,16.0,1080.0,2160.0,401.82253173041147,64.0,6.0,1.0,0.0,1.0,1.0,Mediatek Helio P30 (16 nm),0.0
Gionee M7 Power,Gionee,2017.0,260.0,6.0,199.0,5000.0,8.6,13.0,720.0,1440.0,268.32815729997475,64.0,4.0,0.0,0.0,0.0,1.0,Qualcomm MSM8940 Snapdragon 435 (28 nm),0.0
Gionee M7 Plus,Gionee,2017.0,670.0,6.43,241.0,5000.0,8.7,16.0,1080.0,2160.0,375.5759588957656,128.0,6.0,1.0,0.0,1.0,1.0,Qualcomm SDM660 Snapdragon 660 (14 nm),0.0
Gionee S11 lite,Gionee,2017.0,200.0,5.7,141.0,3030.0,7.9,13.0,720.0,1440.0,282.45069189471025,32.0,4.0,0.0,0.0,0.0,1.0,Qualcomm MSM8937 Snapdragon 430 (28 nm),0.0
Gionee S11,Gionee,2017.0,320.0,5.99,165.0,3410.0,7.8,16.0,1080.0,2160.0,403.16417624370166,64.0,4.0,0.0,0.0,0.0,1.0,Mediatek MT6763T Helio P23 (16 nm),0.0
Gionee S11S,Gionee,2017.0,500.0,6.01,177.0,3600.0,7.0,16.0,1080.0,2160.0,401.82253173041147,64.0,6.0,1.0,0.0,1.0,1.0,Mediatek Helio P30 (16 nm),0.0
Gionee F205,Gionee,2018.0,130.0,5.45,135.6,2670.0,8.0,8.0,720.0,1440.0,295.40714565134834,16.0,2.0,0.0,0.0,0.0,1.0,Mediatek MT6739 (28 nm),0.0
Gionee K6,Gionee,2020.0,100.0,6.2,192.0,4350.0,10.2,16.0,720.0,1560.0,277.1191173537358,128.0,8.0,0.0,0.0,0.0,1.0,Mediatek MT6771 Helio P60 (12 nm),0.0
Gionee K3 Pro,Gionee,2020.0,80.0,6.53,205.0,4000.0,9.7,16.0,720.0,1600.0,268.68866400565156,128.0,8.0,0.0,0.0,0.0,1.0,Mediatek MT6771 Helio P60 (12 nm),0.0
Gionee Max,Gionee,2020.0,70.0,6.1,185.0,5000.0,10.8,13.0,720.0,1560.0,281.6620537037971,32.0,2.0,0.0,0.0,0.0,1.0,Unisoc SC9863A (28nm),0.0
Gionee M30,Gionee,2020.0,170.0,6.0,305.0,10000.0,,16.0,720.0,1440.0,268.32815729997475,128.0,8.0,0.0,0.0,0.0,1.0,Mediatek MT6771 Helio P60 (12 nm),0.0
Gionee S12,Gionee,2020.0,140.0,6.52,181.0,4000.0,8.8,16.0,720.0,1600.0,269.1007631835743,64.0,4.0,0.0,0.0,0.0,1.0,MediaTek Helio A25 (12 nm),0.0
Gionee M12,Gionee,2020.0,150.0,6.55,196.0,5100.0,9.3,48.0,720.0,1600.0,267.8682406041076,128.0,6.0,0.0,0.0,0.0,1.0,"MediaTek Helio A25 (12 nm) - model 1
Mediatek MT6762 Helio P22 (12 nm) - model 2",0.0
Gionee P12,Gionee,2020.0,80.0,6.1,178.0,3200.0,9.7,13.0,720.0,1600.0,287.6290124519516,16.0,2.0,0.0,0.0,0.0,1.0,Mediatek MT6761 Helio A20 (12 nm),0.0
Gionee K30 Pro,Gionee,2020.0,100.0,6.53,165.0,4000.0,8.0,16.0,720.0,1560.0,263.1146290341749,256.0,8.0,0.0,0.0,0.0,1.0,Mediatek,0.0
Gionee Max Pro,Gionee,2021.0,80.0,6.52,212.0,6000.0,10.0,13.0,720.0,1560.0,263.5181790787059,32.0,3.0,0.0,0.0,0.0,1.0,Unisoc SC9863A (28nm),0.0
Gionee P15 Pro,Gionee,2021.0,120.0,6.82,208.0,6000.0,9.5,13.0,720.0,1640.0,262.6230284720013,64.0,3.0,0.0,0.0,0.0,1.0,MediaTek MT6765G Helio G35 (12 nm),0.0
Gionee M3,Gionee,2021.0,120.0,6.53,201.0,5000.0,9.3,16.0,720.0,1600.0,268.68866400565156,256.0,8.0,0.0,0.0,0.0,1.0,Mediatek MT6771 Helio P60 (12 nm),0.0
Gionee G13 Pro,Gionee,2022.0,80.0,6.26,195.0,3500.0,9.2,13.0,720.0,1600.0,280.2774721975886,32.0,4.0,0.0,0.0,0.0,1.0,Unisoc Tiger T310 (12nm),0.0
Gigabyte GSmart Classic,Gigabyte,2015.0,100.0,5.0,150.0,2000.0,8.6,8.0,720.0,1280.0,293.7209560109731,8.0,1.0,0.0,0.0,0.0,1.0,Spreadtrum SC7731,0.0
Gigabyte GSmart Essence,Gigabyte,2015.0,70.0,4.5,125.0,1600.0,8.8,5.0,480.0,854.0,217.70021294442822,8.0,0.5,0.0,0.0,0.0,1.0,Spreadtrum SC7731,0.0
Gigabyte GSmart Classic Lite,Gigabyte,2015.0,80.0,5.0,145.0,2100.0,9.2,5.0,480.0,854.0,195.93019164998537,8.0,0.5,0.0,0.0,0.0,1.0,Spreadtrum SC7731,0.0
Gigabyte GSmart Essence 4,Gigabyte,2015.0,60.0,4.0,105.0,1300.0,9.6,2.0,480.0,800.0,233.23807579381202,4.0,0.5,0.0,0.0,0.0,1.0,Mediatek MT6572 (28 nm),0.0
Fairphone 3,Fairphone,2019.0,400.0,5.65,189.0,3040.0,9.9,12.0,1080.0,2160.0,427.42538330969427,64.0,4.0,0.0,0.0,1.0,1.0,Qualcomm SDM632 Snapdragon 632 (14 nm),0.0
Fairphone 3+,Fairphone,2020.0,440.0,5.65,189.0,3040.0,9.9,48.0,1080.0,2160.0,427.42538330969427,64.0,4.0,0.0,0.0,1.0,1.0,Qualcomm SDM632 Snapdragon 632 (14 nm),0.0
Fairphone 4,Fairphone,2021.0,538.92,6.3,225.0,3905.0,10.5,48.0,1080.0,2340.0,409.08060180789585,256.0,8.0,0.0,1.0,1.0,0.0,Qualcomm SM7225 Snapdragon 750G 5G (8 nm),0.0
Energizer Energy 400 LTE,Energizer,2017.0,180.0,4.0,204.0,2500.0,15.0,8.0,480.0,800.0,233.23807579381202,8.0,1.0,0.0,0.0,0.0,1.0,Mediatek MT6737M (28 nm),0.0
Energizer Energy E520 LTE,Energizer,2017.0,330.0,5.2,206.0,4000.0,11.1,13.0,720.0,1280.0,282.42399616439724,16.0,2.0,0.0,0.0,0.0,1.0,Mediatek MT6737 (28 nm),0.0
Energizer Energy S500E,Energizer,2017.0,80.0,5.0,167.0,2000.0,8.9,5.0,480.0,854.0,195.93019164998537,8.0,1.0,0.0,0.0,0.0,1.0,Mediatek MT6580 (28 nm),0.0
Energizer Energy S550,Energizer,2017.0,120.0,5.5,180.0,3000.0,8.8,13.0,720.0,1280.0,267.0190509190665,8.0,1.0,0.0,0.0,0.0,1.0,Mediatek MT6737 (28 nm),0.0
Energizer Power Max P550S,Energizer,2017.0,190.0,5.5,203.0,5000.0,9.4,13.0,720.0,1280.0,267.0190509190665,16.0,2.0,0.0,0.0,0.0,1.0,Mediatek MT6737 (28 nm),0.0
Energizer Power Max P600S,Energizer,2018.0,360.0,5.9,190.0,4500.0,9.8,13.0,1080.0,2160.0,409.3141382541988,64.0,6.0,0.0,0.0,0.0,1.0,Mediatek MT6757CD Helio P25 (16 nm),0.0
Energizer Hardcase H550S,Energizer,2018.0,450.0,5.5,203.0,4000.0,11.1,16.0,1080.0,1920.0,400.52857637859967,32.0,3.0,0.0,0.0,1.0,1.0,Mediatek MT6750 (28 nm),0.0
Energizer Energy E500,Energizer,2018.0,70.0,5.0,127.0,2000.0,8.6,5.0,480.0,854.0,195.93019164998537,8.0,1.0,0.0,0.0,0.0,1.0,Mediatek MT6580M (28 nm),0.0
Energizer Energy E500S,Energizer,2018.0,100.0,5.0,127.0,2000.0,8.6,8.0,480.0,854.0,195.93019164998537,8.0,1.0,0.0,0.0,0.0,1.0,Mediatek MT6737M (28 nm),0.0
Energizer Hardcase H500S,Energizer,2018.0,230.0,5.0,142.5,3000.0,10.3,13.0,720.0,1280.0,293.7209560109731,16.0,2.0,0.0,0.0,0.0,1.0,Mediatek MT6737 (28 nm),0.0
Energizer Power Max P490,Energizer,2018.0,90.0,4.95,139.0,4000.0,12.0,8.0,480.0,960.0,216.83083418179777,8.0,1.0,0.0,0.0,0.0,1.0,Mediatek MT6580M (28 nm),0.0
Energizer Power Max P490S,Energizer,2018.0,130.0,4.95,139.0,4000.0,12.0,8.0,480.0,960.0,216.83083418179777,16.0,2.0,0.0,0.0,0.0,1.0,Mediatek MT6739WA (28 nm),0.0
Energizer Hardcase H620S,Energizer,2020.0,300.0,6.2,250.0,5000.0,12.0,48.0,720.0,1440.0,259.67241029029816,64.0,4.0,0.0,0.0,1.0,1.0,Mediatek MT6762 Helio P22 (12 nm),0.0
Energizer Ultimate U608s,Energizer,2022.0,90.0,6.08,156.8,3000.0,9.8,5.0,720.0,1520.0,276.6288952845873,32.0,2.0,0.0,0.0,0.0,1.0,Mediatek MT6761 Helio A22 (12 nm),0.0
Doogee S88 Pro,Doogee,2020.0,130.0,6.3,372.0,10000.0,18.7,21.0,1080.0,2340.0,409.08060180789585,128.0,6.0,0.0,0.0,1.0,0.0,Mediatek MT6771T Helio P70 (12nm),0.0
Doogee S59,Doogee,2020.0,180.0,5.71,340.0,10050.0,18.3,16.0,720.0,1520.0,294.55406012789683,64.0,4.0,0.0,0.0,1.0,1.0,MediaTek MT6762 Helio A25 (12 nm),0.0
Doogee S40 Pro,Doogee,2020.0,150.0,5.45,238.0,4650.0,14.1,13.0,720.0,1440.0,295.40714565134834,64.0,4.0,0.0,0.0,1.0,1.0,MediaTek MT6762 Helio A25 (12 nm),0.0
Doogee N20 Pro,Doogee,2020.0,170.0,6.3,175.0,4400.0,8.8,16.0,1080.0,2280.0,400.4532579357836,128.0,6.0,0.0,0.0,0.0,1.0,Mediatek MT6771V/CA Helio P60 (12 nm),0.0
Doogee S58 Pro,Doogee,2020.0,170.0,5.71,284.0,5180.0,15.9,16.0,720.0,1520.0,294.55406012789683,64.0,6.0,0.0,0.0,1.0,1.0,MediaTek MT6762V Helio P22 (12 nm),0.0
Doogee N30,Doogee,2020.0,150.0,6.55,190.0,4500.0,8.9,16.0,720.0,1600.0,267.8682406041076,128.0,4.0,0.0,0.0,0.0,1.0,MediaTek MT6762V/WD Helio A25 (12 nm),0.0
Doogee S96 Pro,Doogee,2020.0,280.0,6.22,310.0,6350.0,15.5,48.0,720.0,1520.0,270.4025214357381,128.0,8.0,0.0,0.0,1.0,1.0,Mediatek MT6785 Helio G90 (12 nm),0.0
Doogee S88 Plus,Doogee,2021.0,280.0,6.3,372.0,10000.0,18.7,48.0,1080.0,2340.0,409.08060180789585,128.0,8.0,0.0,0.0,1.0,1.0,Mediatek MT6771 Helio P70 (12nm),0.0
Doogee S86,Doogee,2021.0,210.0,6.1,323.0,8500.0,16.8,16.0,720.0,1560.0,281.6620537037971,128.0,6.0,0.0,0.0,1.0,1.0,Mediatek MT6771 Helio P60 (12 nm),0.0
Doogee S59 Pro,Doogee,2021.0,210.0,5.71,340.0,10050.0,18.3,16.0,720.0,1520.0,294.55406012789683,128.0,4.0,0.0,0.0,1.0,1.0,Mediatek MT6762 Helio P22 (12 nm),0.0
Doogee X96 Pro,Doogee,2021.0,140.0,6.52,198.0,5400.0,9.7,13.0,720.0,1600.0,269.1007631835743,64.0,4.0,0.0,0.0,0.0,1.0,Unisoc SC9863A (28nm),0.0
Doogee S86 Pro,Doogee,2021.0,230.0,6.1,323.0,8500.0,16.8,16.0,720.0,1560.0,281.6620537037971,128.0,8.0,0.0,0.0,1.0,1.0,Mediatek MT6771 Helio P60 (12 nm),0.0
Doogee N40 Pro,Doogee,2021.0,190.0,6.52,210.0,6380.0,9.9,20.0,720.0,1600.0,269.1007631835743,128.0,6.0,0.0,0.0,0.0,0.0,Mediatek MT6771 Helio P60 (12 nm),0.0
Doogee S35,Doogee,2021.0,120.0,5.0,260.0,4350.0,15.7,13.0,720.0,1280.0,293.7209560109731,16.0,3.0,0.0,0.0,0.0,1.0,Mediatek MT6761D Helio A20 (12 nm),0.0
Doogee V10,Doogee,2021.0,350.0,6.39,340.0,8500.0,16.1,48.0,720.0,1560.0,268.8792687939221,128.0,8.0,0.0,1.0,1.0,0.0,MediaTek MT6833 Dimensity 700 (7 nm),0.0
Doogee X96,Doogee,2021.0,130.0,6.52,198.0,5400.0,9.7,8.0,720.0,1600.0,269.1007631835743,32.0,2.0,0.0,0.0,0.0,1.0,Unisoc SC9863A (28nm),0.0
Doogee V20,Doogee,2021.0,440.0,6.43,296.0,6000.0,14.0,64.0,1080.0,2400.0,409.3010052776606,256.0,8.0,1.0,1.0,1.0,0.0,MediaTek MT6833 Dimensity 700 (7 nm),0.0
Doogee S35T,Doogee,2021.0,130.0,5.0,260.0,4350.0,15.7,13.0,720.0,1280.0,293.7209560109731,64.0,3.0,0.0,0.0,0.0,1.0,Unisoc UMS312 (12 nm),0.0
Doogee S98,Doogee,2022.0,350.0,6.3,320.0,6000.0,15.5,64.0,1080.0,2340.0,409.08060180789585,256.0,8.0,0.0,0.0,1.0,0.0,Mediatek MT6781 Helio G96 (12 nm),0.0
Doogee S98 Pro,Doogee,2022.0,467.49,6.3,320.0,6000.0,15.5,48.0,1080.0,2340.0,409.08060180789585,256.0,8.0,0.0,0.0,1.0,0.0,Mediatek MT6781 Helio G96 (12 nm),0.0
Doogee S61,Doogee,2022.0,170.0,6.0,266.0,5180.0,14.6,20.0,720.0,1440.0,268.32815729997475,64.0,6.0,0.0,0.0,1.0,1.0,MediaTek MT6765G Helio G35 (12 nm),0.0
Doogee S61 Pro,Doogee,2022.0,190.0,6.0,266.0,5180.0,14.6,48.0,720.0,1440.0,268.32815729997475,128.0,6.0,0.0,0.0,1.0,1.0,MediaTek MT6765G Helio G35 (12 nm),0.0
Doogee V11,Doogee,2022.0,350.0,6.39,340.0,8500.0,16.1,48.0,720.0,1560.0,268.8792687939221,128.0,8.0,0.0,1.0,1.0,0.0,MediaTek MT6833 Dimensity 700 (7 nm),0.0
Doogee S89 Pro,Doogee,2022.0,339.99,6.3,400.0,12000.0,19.4,64.0,1080.0,2340.0,409.08060180789585,256.0,8.0,0.0,0.0,1.0,1.0,Mediatek MT6779 Helio P90 (12 nm),0.0
Doogee S89,Doogee,2022.0,280.0,6.3,400.0,12000.0,19.4,48.0,1080.0,2340.0,409.08060180789585,128.0,8.0,0.0,0.0,1.0,1.0,Mediatek MT6779 Helio P90 (12 nm),0.0
Doogee S96 GT,Doogee,2022.0,349.99,6.22,310.0,6350.0,15.5,48.0,720.0,1520.0,270.4025214357381,256.0,8.0,0.0,0.0,1.0,1.0,Mediatek Helio G95 (12 nm),0.0
Coolpad Porto,Coolpad,2015.0,150.0,4.7,119.0,1800.0,8.0,8.0,540.0,960.0,234.35182660449982,8.0,1.0,0.0,0.0,0.0,1.0,Qualcomm MSM8916 Snapdragon 410 (28 nm),0.0
Coolpad Modena,Coolpad,2015.0,160.0,5.5,158.0,2500.0,8.6,8.0,540.0,960.0,200.26428818929983,8.0,1.0,0.0,0.0,0.0,1.0,Qualcomm MSM8916 Snapdragon 410 (28 nm),0.0
Coolpad Note 3 Lite,Coolpad,2016.0,110.0,5.0,142.0,2500.0,8.9,13.0,720.0,1280.0,293.7209560109731,16.0,3.0,0.0,0.0,0.0,1.0,Mediatek MT6735 (28 nm),0.0
Coolpad Torino S,Coolpad,2016.0,180.0,4.7,120.0,1800.0,7.9,8.0,720.0,1280.0,312.4691021393331,16.0,2.0,0.0,0.0,0.0,1.0,Qualcomm MSM8916 Snapdragon 410 (28 nm),0.0
Coolpad Porto S,Coolpad,2016.0,130.0,5.0,125.0,2000.0,7.6,8.0,720.0,1280.0,293.7209560109731,8.0,1.0,0.0,0.0,0.0,1.0,Mediatek MT6735P (28 nm),0.0
Coolpad Max,Coolpad,2016.0,380.0,5.5,170.0,2800.0,7.6,13.0,1080.0,1920.0,400.52857637859967,64.0,4.0,0.0,0.0,0.0,1.0,Qualcomm MSM8952 Snapdragon 617 (28 nm),0.0
Coolpad Note 3 Plus,Coolpad,2016.0,120.0,5.5,168.0,3000.0,9.0,13.0,1080.0,1920.0,400.52857637859967,16.0,3.0,0.0,0.0,0.0,1.0,Mediatek MT6753 (28 nm),0.0
Coolpad Torino,Coolpad,2016.0,200.0,5.5,163.0,2500.0,8.7,13.0,720.0,1280.0,267.0190509190665,16.0,3.0,0.0,0.0,0.0,1.0,Qualcomm MSM8952 Snapdragon 617 (28 nm),0.0
Coolpad Mega,Coolpad,2016.0,80.0,5.5,143.0,2500.0,7.9,8.0,720.0,1280.0,267.0190509190665,16.0,3.0,0.0,0.0,0.0,1.0,Mediatek MT6735P (28 nm),0.0
Coolpad Modena 2,Coolpad,2016.0,180.0,5.5,143.0,2500.0,7.9,8.0,720.0,1280.0,267.0190509190665,16.0,2.0,0.0,0.0,0.0,1.0,Mediatek MT6735P (28 nm),0.0
Coolpad Note 5,Coolpad,2016.0,180.0,5.5,173.4,4010.0,8.9,13.0,1080.0,1920.0,400.52857637859967,64.0,4.0,0.0,0.0,0.0,1.0,Qualcomm MSM8952 Snapdragon 617 (28 nm),0.0
Coolpad Mega 3,Coolpad,2016.0,110.0,5.5,170.0,3050.0,8.2,8.0,720.0,1280.0,267.0190509190665,16.0,2.0,0.0,0.0,0.0,1.0,Mediatek MT6737 (28 nm),0.0
Coolpad Cool S1,Coolpad,2016.0,420.0,5.5,168.0,4070.0,7.5,16.0,1080.0,1920.0,400.52857637859967,128.0,6.0,0.0,0.0,0.0,1.0,Qualcomm MSM8996 Snapdragon 821 (14 nm),0.0
Coolpad Conjr,Coolpad,2017.0,210.0,5.0,148.0,2500.0,8.7,13.0,720.0,1280.0,293.7209560109731,16.0,3.0,0.0,0.0,0.0,1.0,Mediatek MT6735CP,0.0
Coolpad Cool1 dual,Coolpad,2016.0,200.0,5.5,167.0,4060.0,8.2,13.0,1080.0,1920.0,400.52857637859967,64.0,4.0,0.0,0.0,0.0,1.0,Qualcomm MSM8976 Snapdragon 652 (28 nm),0.0
Coolpad Note 5 Lite,Coolpad,2017.0,120.0,5.0,148.0,2500.0,8.7,13.0,720.0,1280.0,293.7209560109731,16.0,3.0,0.0,0.0,0.0,1.0,Mediatek MT6735CP,0.0
Coolpad Defiant,Coolpad,2017.0,80.0,5.0,184.3,2450.0,10.2,5.0,480.0,854.0,195.93019164998537,8.0,1.0,0.0,0.0,0.0,1.0,Qualcomm MSM8917 Snapdragon 425 (28 nm),0.0
Coolpad Cool M7,Coolpad,2017.0,350.0,5.5,152.0,3200.0,6.9,12.0,1080.0,1920.0,400.52857637859967,64.0,4.0,0.0,0.0,0.0,1.0,Qualcomm MSM8953 Snapdragon 625 (14 nm),0.0
Coolpad Cool Play 8,Coolpad,2018.0,150.0,6.2,177.0,4000.0,8.5,16.0,1080.0,2246.0,401.96305502702575,64.0,4.0,0.0,0.0,0.0,1.0,Mediatek MT6750 (28 nm),0.0
Coolpad Legacy,Coolpad,2019.0,160.0,6.36,170.0,4000.0,8.4,16.0,1080.0,2160.0,379.70965655656806,32.0,3.0,0.0,0.0,0.0,1.0,Qualcomm SDM450 Snapdragon 450 (14 nm),0.0
Coolpad Legacy 5G,Coolpad,2020.0,360.0,6.53,195.0,4000.0,9.5,48.0,1080.0,2340.0,394.6719435512624,64.0,4.0,0.0,1.0,0.0,1.0,Qualcomm SM7250 Snapdragon 765G 5G (7 nm),0.0
Coolpad Cool 10,Coolpad,2020.0,110.0,6.52,202.8,5000.0,9.1,16.0,720.0,1600.0,269.1007631835743,128.0,6.0,0.0,0.0,0.0,1.0,"Mediatek MT6758 Helio P30 (16 nm) - China
Mediatek MT6771 Helio P60 (12 nm) - International",0.0
Coolpad Cool 12A,Coolpad,2020.0,70.0,6.3,202.5,4000.0,8.9,16.0,720.0,1560.0,272.72040120526384,64.0,4.0,0.0,0.0,0.0,1.0,Spreadtrum,0.0
Coolpad Cool 6,Coolpad,2020.0,130.0,6.53,198.0,4000.0,9.2,48.0,1080.0,2340.0,394.6719435512624,128.0,6.0,0.0,0.0,0.0,0.0,Mediatek MT6771T Helio P70 (12nm),0.0
Coolpad Cool 10A,Coolpad,2021.0,90.0,6.52,200.0,4000.0,8.8,13.0,720.0,1600.0,269.1007631835743,64.0,2.0,0.0,0.0,0.0,1.0,Unisoc SC9863A (28nm),0.0
Coolpad Cool 20 Pro,Coolpad,2021.0,250.0,6.58,193.0,4500.0,8.3,50.0,1080.0,2400.0,399.97043524853456,128.0,8.0,0.0,1.0,0.0,1.0,MediaTek MT6877 Dimensity 900 (6 nm),0.0
Coolpad Cool 20,Coolpad,2021.0,90.0,6.52,199.6,4500.0,8.7,48.0,720.0,1600.0,269.1007631835743,128.0,6.0,0.0,0.0,0.0,1.0,Mediatek MT6769V/CU Helio G80 (12 nm),0.0
Coolpad Cool 20s,Coolpad,2022.0,140.0,6.58,180.0,4500.0,8.3,50.0,1080.0,2408.0,401.07946472241093,128.0,8.0,0.0,1.0,0.0,1.0,MediaTek MT6833 Dimensity 700 (7 nm),0.0
Cat S40,Cat,2015.0,440.0,4.7,185.0,3000.0,12.5,8.0,540.0,960.0,234.35182660449982,16.0,1.0,0.0,0.0,1.0,1.0,Qualcomm MSM8909 Snapdragon 210 (28 nm),0.0
Cat S30,Cat,2015.0,340.0,4.5,181.0,3000.0,13.3,5.0,480.0,854.0,217.70021294442822,8.0,1.0,0.0,0.0,0.0,1.0,Qualcomm MSM8909 Snapdragon 210 (28 nm),0.0
Cat S60,Cat,2016.0,650.0,4.7,223.0,3800.0,12.7,13.0,720.0,1280.0,312.4691021393331,32.0,3.0,0.0,0.0,1.0,1.0,Qualcomm MSM8952 Snapdragon 617 (28 nm),0.0
Cat S61,Cat,2018.0,900.0,5.2,250.0,4500.0,13.0,16.0,1080.0,1920.0,423.6359942465958,64.0,4.0,0.0,0.0,1.0,1.0,Qualcomm SDM630 Snapdragon 630 (14 nm),0.0
Cat S31,Cat,2017.0,330.0,4.7,200.0,4000.0,12.6,8.0,720.0,1280.0,312.4691021393331,16.0,2.0,0.0,0.0,0.0,1.0,Qualcomm MSM8909 Snapdragon 210 (28 nm),0.0
Cat S41,Cat,2017.0,450.0,5.0,218.0,5000.0,12.9,13.0,1080.0,1920.0,440.58143401645964,32.0,3.0,0.0,0.0,0.0,1.0,Mediatek MT6757 Helio P20 (16 nm),0.0
Cat S52,Cat,2019.0,440.0,5.65,210.0,3100.0,9.7,12.0,720.0,1440.0,284.9502555397962,64.0,4.0,0.0,0.0,1.0,1.0,Mediatek MT6765 Helio P35 (12nm),0.0
Cat S42,Cat,2020.0,300.0,5.5,220.0,4200.0,12.7,13.0,720.0,1440.0,292.721626145427,32.0,3.0,0.0,0.0,1.0,1.0,Mediatek MT6761D Helio A20 (12 nm),0.0
Cat S62 Pro,Cat,2020.0,558.99,5.7,248.0,4000.0,11.9,12.0,1080.0,2160.0,423.6760378420654,128.0,6.0,0.0,0.0,1.0,0.0,Qualcomm SDM660 Snapdragon 660 (14 nm),0.0
Cat S42 H+,Cat,2021.0,217.99,5.5,220.0,4200.0,12.7,13.0,720.0,1440.0,292.721626145427,32.0,3.0,0.0,0.0,1.0,1.0,Mediatek MT6761D Helio A20 (12 nm),0.0
Cat S62,Cat,2021.0,440.0,5.7,260.0,4000.0,12.7,48.0,1080.0,2160.0,423.6760378420654,128.0,4.0,0.0,0.0,1.0,1.0,Qualcomm SDM660 Snapdragon 660 (14 nm),0.0
Cat S53,Cat,2022.0,530.0,6.5,320.0,5500.0,16.0,48.0,720.0,1600.0,269.92876553183146,128.0,6.0,0.0,1.0,1.0,1.0,Qualcomm SM4350 Snapdragon 480 5G (8 nm),0.0
BQ Aquaris M4.5,BQ,2015.0,180.0,4.5,115.0,2470.0,8.8,8.0,540.0,960.0,244.76746334247758,16.0,2.0,0.0,0.0,0.0,1.0,Mediatek MT6735M (28 nm),0.0
BQ Aquaris M5.5,BQ,2015.0,300.0,5.5,162.0,3620.0,8.4,13.0,1080.0,1920.0,400.52857637859967,32.0,3.0,0.0,0.0,1.0,1.0,Qualcomm MSM8939 Snapdragon 615 (28 nm),0.0
BQ Aquaris M5,BQ,2015.0,260.0,5.0,144.0,3120.0,8.4,13.0,1080.0,1920.0,440.58143401645964,32.0,3.0,0.0,0.0,1.0,1.0,Qualcomm MSM8939 Snapdragon 615 (28 nm),0.0
BQ Aquaris X5,BQ,2015.0,230.0,5.0,148.0,2900.0,7.5,13.0,720.0,1280.0,293.7209560109731,32.0,3.0,0.0,0.0,0.0,1.0,Qualcomm MSM8916T Snapdragon 412 (28 nm),0.0
BQ Aquaris E5s,BQ,2015.0,210.0,5.0,139.0,2850.0,8.7,13.0,720.0,1280.0,293.7209560109731,16.0,2.0,0.0,0.0,0.0,1.0,Qualcomm MSM8916T Snapdragon 412 (28 nm),0.0
BQ Aquaris X5 Plus,BQ,2016.0,300.0,5.0,145.0,3200.0,7.7,16.0,1080.0,1920.0,440.58143401645964,32.0,3.0,0.0,0.0,1.0,1.0,Qualcomm MSM8976 Snapdragon 652 (28 nm),0.0
BQ Aquaris U Plus,BQ,2016.0,220.0,5.0,139.0,3050.0,8.7,16.0,720.0,1280.0,293.7209560109731,32.0,3.0,0.0,0.0,0.0,1.0,Qualcomm MSM8937 Snapdragon 430 (28 nm),0.0
BQ Aquaris U,BQ,2016.0,190.0,5.0,140.0,3080.0,8.3,13.0,720.0,1280.0,293.7209560109731,16.0,2.0,0.0,0.0,1.0,1.0,Qualcomm MSM8937 Snapdragon 430 (28 nm),0.0
BQ Aquaris U Lite,BQ,2016.0,160.0,5.0,140.0,3080.0,8.3,8.0,720.0,1280.0,293.7209560109731,16.0,2.0,0.0,0.0,0.0,1.0,Qualcomm MSM8917 Snapdragon 425 (28 nm),0.0
BQ Aquaris X,BQ,2017.0,290.0,5.2,153.0,3100.0,7.9,16.0,1080.0,1920.0,423.6359942465958,32.0,3.0,0.0,0.0,1.0,1.0,Qualcomm MSM8953-Pro Snapdragon 626 (14 nm),0.0
BQ Aquaris X Pro,BQ,2017.0,370.0,5.2,158.0,3100.0,7.8,12.0,1080.0,1920.0,423.6359942465958,128.0,4.0,0.0,0.0,1.0,1.0,Qualcomm MSM8953-Pro Snapdragon 626 (14 nm),0.0
BQ Aquaris V,BQ,2017.0,210.0,5.2,165.0,3100.0,8.4,12.0,720.0,1280.0,282.42399616439724,64.0,4.0,0.0,0.0,1.0,1.0,Qualcomm MSM8940 Snapdragon 435 (28 nm),0.0
BQ Aquaris V Plus,BQ,2017.0,260.0,5.5,183.0,3400.0,8.4,12.0,1080.0,1920.0,400.52857637859967,64.0,4.0,0.0,0.0,1.0,1.0,Qualcomm MSM8940 Snapdragon 435 (28 nm),0.0
BQ Aquaris U2,BQ,2017.0,190.0,5.2,155.0,3100.0,8.4,13.0,720.0,1280.0,282.42399616439724,32.0,3.0,0.0,0.0,1.0,1.0,Qualcomm MSM8940 Snapdragon 435 (28 nm),0.0
BQ Aquaris U2 Lite,BQ,2017.0,170.0,5.2,155.0,3100.0,8.4,8.0,720.0,1280.0,282.42399616439724,16.0,2.0,0.0,0.0,0.0,1.0,Qualcomm MSM8917 Snapdragon 425 (28 nm),0.0
BQ Aquaris VS,BQ,2018.0,190.0,5.2,165.0,3100.0,8.4,12.0,720.0,1280.0,282.42399616439724,64.0,4.0,0.0,0.0,1.0,1.0,Qualcomm MSM8937 Snapdragon 430 (28 nm),0.0
BQ Aquaris VS Plus,BQ,2018.0,230.0,5.5,183.0,3400.0,8.4,12.0,1080.0,1920.0,400.52857637859967,64.0,4.0,0.0,0.0,1.0,1.0,Qualcomm MSM8937 Snapdragon 430 (28 nm),0.0
BQ Aquaris X2,BQ,2018.0,310.0,5.65,163.0,3100.0,8.3,12.0,1080.0,2160.0,427.42538330969427,64.0,4.0,0.0,0.0,1.0,1.0,Qualcomm SDM636 Snapdragon 636 (14 nm),0.0
BQ Aquaris X2 Pro,BQ,2018.0,390.0,5.65,168.0,3100.0,8.4,12.0,1080.0,2160.0,427.42538330969427,128.0,6.0,0.0,0.0,1.0,1.0,Qualcomm SDM660 Snapdragon 660 (14 nm),0.0
BLU Vivo Air,BLU,2015.0,190.0,4.8,97.0,2100.0,5.1,8.0,720.0,1280.0,305.959329178097,16.0,1.0,1.0,0.0,0.0,1.0,Mediatek MT6592 (28 nm),0.0
BLU Studio X,BLU,2015.0,120.0,5.0,154.0,2100.0,10.5,8.0,720.0,1280.0,293.7209560109731,8.0,1.0,0.0,0.0,0.0,1.0,,0.0
BLU Studio G,BLU,2015.0,80.0,5.0,156.0,2000.0,9.9,5.0,480.0,854.0,195.93019164998537,4.0,0.5,0.0,0.0,0.0,1.0,,0.0
BLU Studio Energy,BLU,2015.0,140.0,5.0,180.0,5000.0,10.4,8.0,720.0,1280.0,293.7209560109731,8.0,1.0,0.0,0.0,0.0,1.0,,0.0
BLU Studio XL,BLU,2015.0,110.0,6.0,177.0,3000.0,8.5,8.0,540.0,960.0,183.5755975068582,8.0,1.0,0.0,0.0,0.0,1.0,Mediatek MT6582M (28 nm),0.0
BLU Pure XL,BLU,2015.0,310.0,6.0,207.0,3500.0,9.3,24.0,1440.0,2560.0,489.5349266849552,64.0,3.0,1.0,0.0,1.0,1.0,Mediatek MT6795 Helio X10 (28 nm),0.0
BLU Studio M HD,BLU,2016.0,80.0,5.0,150.0,2000.0,8.9,8.0,720.0,1280.0,293.7209560109731,16.0,1.0,0.0,0.0,0.0,1.0,,0.0
BLU Life One X2 Mini,BLU,2017.0,170.0,5.0,152.0,3000.0,8.7,13.0,1080.0,1920.0,440.58143401645964,64.0,4.0,0.0,0.0,0.0,1.0,Qualcomm MSM8937 Snapdragon 430 (28 nm),0.0
BLU Vivo 8,BLU,2017.0,250.0,5.5,180.0,4010.0,8.3,13.0,1080.0,1920.0,400.52857637859967,64.0,4.0,0.0,0.0,0.0,1.0,Mediatek MT6755 Helio P10 (28 nm),0.0
BLU Studio View XL,BLU,2018.0,100.0,5.7,174.0,3000.0,9.3,13.0,720.0,1440.0,282.45069189471025,16.0,1.0,0.0,0.0,0.0,1.0,Mediatek MT6580 (28 nm),0.0
BLU Vivo One,BLU,2018.0,120.0,5.5,160.0,3000.0,9.8,12.0,720.0,1440.0,292.721626145427,16.0,2.0,0.0,0.0,0.0,1.0,Mediatek MT6739 (28 nm),0.0
BLU Studio J8M LTE,BLU,2018.0,90.0,5.0,140.0,2000.0,9.4,8.0,720.0,1280.0,293.7209560109731,16.0,2.0,0.0,0.0,0.0,1.0,Mediatek MT6737 (28 nm),0.0
BLU Vivo X,BLU,2018.0,260.0,6.0,188.0,4010.0,8.2,13.0,720.0,1440.0,268.32815729997475,64.0,4.0,0.0,0.0,0.0,1.0,Mediatek MT6757 Helio P20 (16 nm),0.0
BLU Vivo XL3 Plus,BLU,2018.0,180.0,6.0,169.0,3000.0,8.2,13.0,720.0,1440.0,268.32815729997475,32.0,3.0,0.0,0.0,0.0,1.0,Qualcomm MSM8917 Snapdragon 425 (28 nm),0.0
BLU Dash L4,BLU,2017.0,50.0,4.0,119.0,1700.0,10.5,5.0,480.0,800.0,233.23807579381202,8.0,0.5,0.0,0.0,0.0,1.0,Mediatek MT6570 (28 nm),0.0
BLU Vivo One Plus,BLU,2018.0,160.0,6.0,173.0,4000.0,8.6,13.0,720.0,1440.0,268.32815729997475,16.0,2.0,0.0,0.0,0.0,1.0,Mediatek MT6739 (28 nm),0.0
BLU Vivo XL3,BLU,2018.0,160.0,5.5,143.0,3000.0,8.0,13.0,720.0,1440.0,292.721626145427,32.0,3.0,0.0,0.0,0.0,1.0,Mediatek MT6737 (28 nm),0.0
BLU Studio View,BLU,2018.0,90.0,5.5,159.0,2850.0,9.0,8.0,640.0,1280.0,260.1970010181574,8.0,1.0,0.0,0.0,0.0,1.0,Mediatek MT6580 (28 nm),0.0
BLU Pure View,BLU,2018.0,120.0,5.7,184.0,3000.0,8.1,13.0,720.0,1440.0,282.45069189471025,32.0,3.0,0.0,0.0,0.0,1.0,Mediatek MT6753 (28 nm),0.0
BLU Grand M3,BLU,2018.0,100.0,5.34,154.0,2500.0,9.8,8.0,480.0,960.0,200.99487438200356,16.0,1.0,0.0,0.0,0.0,1.0,Mediatek MT6739 (28 nm),0.0
BLU C6,BLU,2018.0,80.0,5.5,167.0,2500.0,9.4,8.0,720.0,1280.0,267.0190509190665,16.0,1.0,0.0,0.0,0.0,1.0,Mediatek MT6580 (28 nm),0.0
BLU Studio G4,BLU,2018.0,70.0,5.2,126.0,2000.0,8.5,8.0,720.0,1280.0,282.42399616439724,16.0,1.0,0.0,0.0,0.0,1.0,Mediatek MT6580 (28 nm),0.0
BLU C4,BLU,2018.0,40.0,4.0,118.0,1300.0,10.9,5.0,480.0,800.0,233.23807579381202,8.0,0.5,0.0,0.0,0.0,1.0,,0.0
BLU C5,BLU,2018.0,50.0,5.0,145.0,2000.0,10.3,5.0,480.0,854.0,195.93019164998537,8.0,1.0,0.0,0.0,0.0,1.0,,0.0
BLU Vivo XI+,BLU,2018.0,290.0,6.2,199.0,3050.0,7.8,16.0,1080.0,2246.0,401.96305502702575,128.0,6.0,0.0,0.0,0.0,0.0,Mediatek MT6771 Helio P60 (12 nm),0.0
BLU Vivo XI,BLU,2018.0,170.0,5.9,187.0,3000.0,7.9,16.0,720.0,1520.0,285.0684209034391,32.0,3.0,0.0,0.0,0.0,1.0,Mediatek MT6762 Helio P22 (12 nm),0.0
BLU Advance L4,BLU,2018.0,40.0,4.0,104.0,1300.0,10.4,5.0,480.0,800.0,233.23807579381202,8.0,0.5,0.0,0.0,0.0,1.0,,0.0
BLU Studio Mega (2018),BLU,2018.0,90.0,6.0,155.0,2600.0,8.4,13.0,720.0,1440.0,268.32815729997475,16.0,1.0,0.0,0.0,0.0,1.0,Mediatek MT6580 (28 nm),0.0
BLU Vivo XL4,BLU,2018.0,130.0,6.2,178.0,4000.0,8.0,13.0,720.0,1520.0,271.27478763391787,32.0,3.0,0.0,0.0,0.0,1.0,Mediatek MT6762 Helio P22 (12 nm),0.0
BLU Vivo Go,BLU,2018.0,70.0,6.0,155.0,2600.0,8.4,8.0,720.0,1440.0,268.32815729997475,16.0,1.0,0.0,0.0,0.0,1.0,Mediatek MT6739 (28 nm),0.0
BLU Vivo One Plus (2019),BLU,2019.0,110.0,6.2,178.0,3000.0,8.3,13.0,720.0,1500.0,268.3630572360396,16.0,2.0,0.0,0.0,0.0,1.0,Mediatek MT6739 (28 nm),0.0
BLU C6L,BLU,2019.0,70.0,5.5,203.0,2500.0,10.4,8.0,720.0,1280.0,267.0190509190665,16.0,1.0,0.0,0.0,0.0,1.0,,0.0
BLU C5L,BLU,2019.0,60.0,5.0,153.0,2000.0,10.3,5.0,480.0,854.0,195.93019164998537,8.0,1.0,0.0,0.0,0.0,1.0,,0.0
BLU G9,BLU,2019.0,160.0,6.3,165.0,4000.0,8.0,13.0,720.0,1520.0,266.96883862385573,64.0,4.0,0.0,0.0,0.0,1.0,Mediatek MT6762 Helio P22 (12 nm),0.0
BLU Studio Mega 2019,BLU,2019.0,80.0,6.0,181.0,3000.0,9.6,13.0,720.0,1440.0,268.32815729997475,32.0,2.0,0.0,0.0,0.0,1.0,,0.0
BLU Studio Mini,BLU,2019.0,70.0,5.5,187.0,3000.0,10.4,13.0,720.0,1440.0,292.721626145427,32.0,2.0,0.0,0.0,0.0,1.0,,0.0
BLU Bold N1,BLU,2019.0,180.0,6.4,182.0,3500.0,8.6,16.0,1080.0,2340.0,402.68871740464743,128.0,4.0,1.0,0.0,0.0,1.0,Mediatek MT6771V Helio P70 (12nm),0.0
BLU Advance L5,BLU,2019.0,40.0,4.0,104.0,1300.0,10.4,5.0,480.0,800.0,233.23807579381202,16.0,0.5,0.0,0.0,0.0,1.0,,0.0
BLU C6 2019,BLU,2019.0,60.0,6.0,185.0,2800.0,9.1,8.0,720.0,1440.0,268.32815729997475,16.0,1.0,0.0,0.0,0.0,1.0,Mediatek MT6580 (28 nm),0.0
BLU C5 2019,BLU,2019.0,50.0,5.0,146.0,2000.0,10.3,5.0,480.0,854.0,195.93019164998537,16.0,1.0,0.0,0.0,0.0,1.0,,0.0
BLU C5 Plus,BLU,2019.0,50.0,5.5,158.0,2200.0,10.0,8.0,720.0,1440.0,292.721626145427,16.0,1.0,0.0,0.0,0.0,1.0,,0.0
BLU G60,BLU,2020.0,90.0,6.1,170.0,4000.0,9.5,13.0,720.0,1520.0,275.7219153000477,64.0,3.0,0.0,0.0,0.0,1.0,,0.0
BLU G70,BLU,2020.0,90.0,6.4,182.0,4000.0,8.6,13.0,720.0,1560.0,268.4591449364316,32.0,2.0,0.0,0.0,0.0,1.0,,0.0
BLU Tank Xtreme,BLU,2020.0,120.0,5.5,178.0,4200.0,10.2,13.0,480.0,960.0,195.147750763618,32.0,2.0,0.0,0.0,0.0,1.0,,0.0
BLU J2,BLU,2019.0,50.0,5.0,146.0,2000.0,10.3,5.0,480.0,854.0,195.93019164998537,32.0,1.0,0.0,0.0,0.0,1.0,,0.0
BLU J4,BLU,2019.0,70.0,5.5,158.0,2200.0,10.0,8.0,720.0,1440.0,292.721626145427,32.0,1.0,0.0,0.0,0.0,1.0,,0.0
BLU J6,BLU,2019.0,80.0,6.0,185.0,2800.0,9.1,8.0,720.0,1440.0,268.32815729997475,32.0,1.0,0.0,0.0,0.0,1.0,Mediatek MT6580 (28 nm),0.0
BLU Studio X9 HD,BLU,2020.0,50.0,5.0,144.0,2000.0,10.1,8.0,720.0,1280.0,293.7209560109731,8.0,1.0,0.0,0.0,0.0,1.0,Mediatek MT6580 (28 nm),0.0
BLU G80,BLU,2020.0,90.0,6.5,185.0,4000.0,8.4,13.0,720.0,1600.0,269.92876553183146,64.0,3.0,0.0,0.0,0.0,1.0,Mediatek MT6763 Helio P23 (16 nm),0.0
BLU G90,BLU,2020.0,120.0,6.5,185.0,4000.0,8.8,16.0,720.0,1600.0,269.92876553183146,64.0,4.0,0.0,0.0,0.0,1.0,MediaTek Helio A25 (12 nm),0.0
BLU Studio X10,BLU,2020.0,50.0,5.0,169.0,2100.0,9.3,8.0,480.0,854.0,195.93019164998537,16.0,1.0,0.0,0.0,0.0,1.0,Mediatek MT6580 (28 nm),0.0
BLU G90 Pro,BLU,2020.0,170.0,6.5,215.0,5100.0,10.1,48.0,1080.0,2340.0,396.4935063676529,128.0,4.0,0.0,0.0,0.0,1.0,Mediatek MT6785 Helio G90T (12 nm),0.0
BLU G50,BLU,2020.0,70.0,5.5,190.0,4000.0,10.1,13.0,720.0,1440.0,292.721626145427,32.0,2.0,0.0,0.0,0.0,1.0,,0.0
BLU G50 Plus,BLU,2020.0,90.0,6.2,180.0,4000.0,9.1,13.0,720.0,1520.0,271.27478763391787,32.0,2.0,0.0,0.0,0.0,1.0,,0.0
BLU C6 2020,BLU,2020.0,70.0,6.0,230.0,4000.0,10.3,8.0,720.0,1440.0,268.32815729997475,16.0,1.0,0.0,0.0,0.0,1.0,,0.0
BLU C5L 2020,BLU,2020.0,40.0,5.0,150.0,2200.0,11.2,8.0,720.0,1280.0,293.7209560109731,16.0,1.0,0.0,0.0,0.0,1.0,,0.0
BLU C6L 2020,BLU,2020.0,50.0,5.7,167.0,3000.0,10.9,8.0,720.0,1440.0,282.45069189471025,16.0,1.0,0.0,0.0,0.0,1.0,,0.0
BLU J6 2020,BLU,2020.0,70.0,6.0,227.0,4000.0,10.3,8.0,720.0,1440.0,268.32815729997475,32.0,1.0,0.0,0.0,0.0,1.0,,0.0
BLU J7L,BLU,2020.0,60.0,5.7,173.0,3000.0,10.9,8.0,720.0,1440.0,282.45069189471025,32.0,1.0,0.0,0.0,0.0,1.0,,0.0
BLU G50 Mega,BLU,2020.0,100.0,6.5,190.0,4000.0,9.3,12.0,720.0,1600.0,269.92876553183146,32.0,2.0,0.0,0.0,0.0,1.0,,0.0
BLU M7L,BLU,2021.0,50.0,7.0,286.0,2800.0,11.0,5.0,600.0,1240.0,196.7905755168293,32.0,2.0,0.0,0.0,0.0,1.0,,0.0
BLU A5L,BLU,2021.0,40.0,4.0,118.0,1400.0,10.6,5.0,480.0,800.0,233.23807579381202,16.0,1.0,0.0,0.0,0.0,1.0,,0.0
BLU Studio X10+,BLU,2021.0,50.0,5.5,167.0,2550.0,9.0,8.0,480.0,960.0,195.147750763618,32.0,1.0,0.0,0.0,0.0,1.0,,0.0
BLU G61,BLU,2021.0,110.0,6.5,196.0,5000.0,9.3,13.0,720.0,1600.0,269.92876553183146,64.0,3.0,0.0,0.0,0.0,1.0,,0.0
BLU Studio X12,BLU,2021.0,60.0,6.0,189.0,3000.0,9.0,8.0,480.0,960.0,178.88543819998316,32.0,1.0,0.0,0.0,0.0,1.0,,0.0
BLU G71,BLU,2021.0,80.0,6.5,194.0,5000.0,8.9,13.0,720.0,1600.0,269.92876553183146,64.0,3.0,0.0,0.0,0.0,1.0,,0.0
BLU G91,BLU,2021.0,150.0,6.5,196.0,5000.0,9.0,16.0,720.0,1600.0,269.92876553183146,128.0,4.0,0.0,0.0,0.0,1.0,,0.0
BLU C7,BLU,2021.0,60.0,6.5,186.0,4000.0,8.9,8.0,720.0,1600.0,269.92876553183146,32.0,1.0,0.0,0.0,0.0,1.0,,0.0
BLU G51 Plus,BLU,2021.0,110.0,6.5,200.0,4000.0,9.3,13.0,720.0,1600.0,269.92876553183146,64.0,3.0,0.0,0.0,0.0,1.0,,0.0
BLU G91 Pro,BLU,2021.0,150.0,6.7,201.0,5000.0,8.9,48.0,1080.0,2400.0,392.8067856619936,128.0,6.0,0.0,0.0,0.0,1.0,Mediatek MT6785 Helio G90 (12 nm),0.0
BLU Studio X10L,BLU,2020.0,50.0,5.0,152.0,2000.0,9.9,8.0,480.0,854.0,195.93019164998537,16.0,1.0,0.0,0.0,0.0,1.0,,0.0
BLU M8L,BLU,2020.0,60.0,8.0,352.0,4000.0,9.0,8.0,800.0,1280.0,188.67962264113208,32.0,1.0,0.0,0.0,0.0,1.0,,0.0
BLU M8L Plus,BLU,2020.0,60.0,8.0,383.0,4300.0,10.5,8.0,800.0,1280.0,188.67962264113208,32.0,2.0,0.0,0.0,0.0,1.0,,0.0
BLU View 3,BLU,2021.0,50.0,6.0,178.0,3400.0,9.0,13.0,720.0,1440.0,268.32815729997475,32.0,3.0,0.0,0.0,0.0,1.0,Mediatek MT6762 Helio P22 (12 nm),0.0
BLU G91s,BLU,2021.0,200.0,6.8,202.0,6000.0,8.9,48.0,1080.0,2460.0,395.09317371596666,128.0,4.0,0.0,0.0,0.0,1.0,Mediatek MT6769V/CU Helio G80 (12 nm),0.0
BLU Studio X10 2022,BLU,2022.0,50.0,5.0,175.0,2000.0,9.8,8.0,480.0,854.0,195.93019164998537,32.0,1.0,0.0,0.0,0.0,1.0,Mediatek MT6580 (28 nm),0.0
BLU C5 Max,BLU,2022.0,60.0,5.7,164.0,2700.0,9.8,5.0,720.0,1440.0,282.45069189471025,16.0,1.0,0.0,0.0,0.0,1.0,,0.0
BLU G51S,BLU,2022.0,80.0,6.4,185.0,4000.0,9.0,13.0,720.0,1560.0,268.4591449364316,32.0,2.0,0.0,0.0,0.0,1.0,,0.0
BLU M8L 2022,BLU,2022.0,60.0,8.0,360.0,4000.0,10.6,8.0,800.0,1280.0,188.67962264113208,32.0,3.0,0.0,0.0,0.0,1.0,,0.0
BLU G91 Max,BLU,2022.0,200.0,6.8,213.0,5000.0,8.9,108.0,1080.0,2460.0,395.09317371596666,128.0,8.0,0.0,0.0,0.0,1.0,Mediatek Helio G95 (12 nm),0.0
BLU F91,BLU,2022.0,280.0,6.8,209.0,5000.0,8.9,48.0,1080.0,2460.0,395.09317371596666,128.0,8.0,0.0,1.0,1.0,1.0,MediaTek MT6833P Dimensity 810 (6 nm),0.0
BLU G50 Mega 2022,BLU,2022.0,100.0,6.5,188.0,4000.0,9.3,12.0,720.0,1600.0,269.92876553183146,32.0,3.0,0.0,0.0,0.0,1.0,,0.0
BLU S91,BLU,2022.0,170.0,6.5,202.0,5000.0,8.9,13.0,720.0,1600.0,269.92876553183146,128.0,4.0,0.0,0.0,0.0,1.0,MediaTek MT6762G Helio G25 (12 nm),0.0
BLU C7X,BLU,2022.0,60.0,6.5,203.0,4000.0,9.8,8.0,720.0,1600.0,269.92876553183146,32.0,1.0,0.0,0.0,0.0,1.0,,0.0
BLU J6S,BLU,2022.0,50.0,6.1,161.0,3000.0,9.7,8.0,720.0,1560.0,281.6620537037971,32.0,1.0,0.0,0.0,0.0,1.0,,0.0
BLU S91 Pro,BLU,2022.0,180.0,6.5,202.0,5000.0,8.9,50.0,720.0,1600.0,269.92876553183146,128.0,4.0,0.0,0.0,0.0,1.0,Mediatek MT6765V/CB Helio G37 (12 nm),0.0
BLU Studio X10L 2022,BLU,2022.0,50.0,5.0,175.0,2000.0,9.8,8.0,480.0,854.0,195.93019164998537,32.0,1.0,0.0,0.0,0.0,1.0,,0.0
BLU Bold N2,BLU,2022.0,230.0,6.6,180.0,4200.0,8.6,64.0,1080.0,2340.0,390.48602899844605,256.0,8.0,1.0,1.0,0.0,0.0,MediaTek MT6833P Dimensity 810 (6 nm),0.0
BLU G40,BLU,2022.0,100.0,6.0,203.0,3000.0,10.8,13.0,720.0,1440.0,268.32815729997475,32.0,3.0,0.0,0.0,0.0,1.0,,0.0
BLU Studio X5,BLU,2022.0,50.0,5.0,149.0,2000.0,10.1,5.0,480.0,854.0,195.93019164998537,32.0,1.0,0.0,0.0,0.0,1.0,,0.0
BLU Studio X5 Max,BLU,2022.0,50.0,5.7,202.0,2700.0,8.9,5.0,480.0,960.0,188.30046126314016,32.0,2.0,0.0,0.0,0.0,1.0,,0.0
Blackview A7,Blackview,2017.0,60.0,5.0,176.0,2800.0,9.5,5.0,720.0,1280.0,293.7209560109731,8.0,1.0,0.0,0.0,0.0,1.0,Mediatek MT6580A (28 nm),0.0
Blackview A7 Pro,Blackview,2017.0,80.0,5.0,176.0,2800.0,9.5,8.0,720.0,1280.0,293.7209560109731,16.0,2.0,0.0,0.0,0.0,1.0,Mediatek MT6737 (28 nm),0.0
Blackview A10,Blackview,2017.0,70.0,5.0,169.0,2800.0,8.8,8.0,720.0,1280.0,293.7209560109731,16.0,2.0,0.0,0.0,0.0,1.0,Mediatek MT6580A (28 nm),0.0
Blackview P6000,Blackview,2017.0,250.0,5.5,230.0,6180.0,10.2,21.0,1080.0,1920.0,400.52857637859967,64.0,6.0,0.0,0.0,0.0,1.0,Mediatek MT6757CD Helio P25 (16 nm),0.0
Blackview S8,Blackview,2017.0,170.0,5.7,190.0,3180.0,8.5,13.0,720.0,1440.0,282.45069189471025,64.0,4.0,0.0,0.0,0.0,1.0,Mediatek MT6750T (28 nm),0.0
Blackview BV5900,Blackview,2019.0,80.0,5.7,268.0,5580.0,15.0,13.0,720.0,1520.0,295.07082163689313,32.0,3.0,0.0,0.0,1.0,1.0,Mediatek MT6761 Helio A22 (12 nm),0.0
Blackview BV9800 Pro,Blackview,2019.0,340.0,6.3,322.0,6580.0,14.8,48.0,1080.0,2340.0,409.08060180789585,128.0,6.0,0.0,0.0,1.0,1.0,Mediatek MT6771V/CT Helio P70 (12nm),0.0
Blackview BV4900,Blackview,2020.0,130.0,5.7,261.0,5580.0,13.7,8.0,720.0,1440.0,282.45069189471025,32.0,3.0,0.0,0.0,1.0,1.0,Mediatek MT6761V/WE Helio A22 (12 nm),0.0
Blackview A80 Plus,Blackview,2020.0,130.0,6.49,180.0,4680.0,8.8,13.0,720.0,1560.0,264.736290846404,64.0,4.0,0.0,0.0,1.0,1.0,MediaTek MT6762V/WD Helio A25 (12 nm),0.0
Blackview BV6300 Pro,Blackview,2020.0,200.0,5.7,230.0,4380.0,12.8,16.0,720.0,1440.0,282.45069189471025,128.0,6.0,0.0,0.0,1.0,1.0,Mediatek MT6771T Helio P70 (12nm),0.0
Blackview BV5100,Blackview,2020.0,180.0,5.7,275.0,5580.0,13.7,16.0,720.0,1440.0,282.45069189471025,64.0,4.0,0.0,0.0,1.0,0.0,MediaTek MT6762V/WD Helio P22 (12 nm),0.0
Blackview BL6000 Pro,Blackview,2020.0,380.0,6.36,273.0,5280.0,12.8,48.0,1080.0,2300.0,399.5196078941397,258.0,8.0,0.0,1.0,1.0,0.0,MediaTek MT6873 Dimensity 800 (7 nm),0.0
Blackview BV4900 Pro,Blackview,2020.0,140.0,5.7,261.0,5580.0,13.7,13.0,720.0,1440.0,282.45069189471025,64.0,4.0,0.0,0.0,1.0,1.0,MediaTek MT6762V/WD Helio P22 (12 nm),0.0
Blackview BV9900E,Blackview,2020.0,260.0,5.84,273.0,4380.0,14.2,48.0,1080.0,2280.0,431.99580907456107,128.0,6.0,0.0,0.0,1.0,0.0,Mediatek MT6779V/CE Helio P90 (12 nm),0.0
Blackview A55,Blackview,2021.0,100.0,6.53,196.0,4780.0,9.1,8.0,720.0,1600.0,268.68866400565156,16.0,3.0,0.0,0.0,0.0,1.0,Mediatek MT6761V Helio A22 (12 nm),0.0
Blackview A70 Pro,Blackview,2021.0,120.0,6.52,205.0,5380.0,9.6,13.0,720.0,1600.0,269.1007631835743,32.0,4.0,0.0,0.0,0.0,1.0,Unisoc Tiger T310 (12nm),0.0
Blackview BV8800,Blackview,2021.0,349.99,6.58,367.0,8380.0,17.7,50.0,1080.0,2408.0,401.07946472241093,128.0,8.0,0.0,0.0,1.0,0.0,Mediatek MT6781 Helio G96 (12 nm),0.0
Blackview A80s,Blackview,2021.0,130.0,6.22,180.0,4200.0,8.8,13.0,720.0,1520.0,270.4025214357381,64.0,4.0,0.0,0.0,1.0,1.0,MediaTek MT6762V/WD Helio A25 (12 nm),0.0
Blackview A70,Blackview,2021.0,120.0,6.52,205.0,5380.0,8.3,13.0,720.0,1600.0,269.1007631835743,32.0,3.0,0.0,0.0,0.0,1.0,Unisoc SC9863A (28nm),0.0
Blackview BL5000,Blackview,2021.0,260.0,6.36,273.0,4980.0,12.8,12.0,1080.0,2300.0,399.5196078941397,128.0,8.0,0.0,1.0,1.0,0.0,MediaTek MT6833 Dimensity 700 (7 nm),0.0
Blackview A100,Blackview,2021.0,180.0,6.67,195.0,4680.0,8.8,12.0,1080.0,2400.0,394.57353282389164,128.0,6.0,0.0,0.0,1.0,0.0,Mediatek MT6771T Helio P70 (12nm),0.0
Blackview BV6600,Blackview,2021.0,160.0,5.7,325.0,8580.0,18.0,16.0,720.0,1440.0,282.45069189471025,64.0,4.0,0.0,0.0,1.0,0.0,MediaTek MT6762V/WD Helio A25 (12 nm),0.0
Blackview A90,Blackview,2021.0,150.0,6.39,185.0,4280.0,8.8,12.0,720.0,1560.0,268.8792687939221,64.0,4.0,0.0,0.0,1.0,0.0,Mediatek MT6771 Helio P60 (12 nm),0.0
Blackview Tab 6,Blackview,2021.0,120.0,8.0,365.0,5580.0,9.5,5.0,800.0,1280.0,188.67962264113208,32.0,3.0,0.0,0.0,0.0,1.0,Unisoc Tiger T310 (12nm),0.0
Blackview BV4900s,Blackview,2021.0,120.0,5.7,261.0,5580.0,13.7,8.0,720.0,1440.0,282.45069189471025,32.0,2.0,0.0,0.0,0.0,1.0,Unisoc SC9863A (28nm),0.0
Blackview BV6600E,Blackview,2021.0,150.0,5.7,325.0,8580.0,18.0,13.0,720.0,1440.0,282.45069189471025,32.0,4.0,0.0,0.0,0.0,0.0,Unisoc SC9863A (28nm),0.0
Blackview BV6600 Pro,Blackview,2021.0,260.0,5.7,325.0,8580.0,18.0,16.0,720.0,1440.0,282.45069189471025,64.0,4.0,0.0,0.0,1.0,0.0,Mediatek MT6765V/CA Helio P35 (12nm),0.0
Blackview A95,Blackview,2022.0,190.0,6.53,195.0,4380.0,8.6,20.0,720.0,1600.0,268.68866400565156,128.0,8.0,0.0,0.0,0.0,0.0,Mediatek MT6771V/CT Helio P70 (12nm),0.0
Blackview A50,Blackview,2022.0,120.0,6.01,156.0,4280.0,8.9,13.0,720.0,1560.0,285.87995467440305,64.0,3.0,0.0,0.0,0.0,1.0,Unisoc Tiger T310 (12nm),0.0
Blackview A55 Pro,Blackview,2022.0,130.0,6.53,197.0,4780.0,9.2,13.0,720.0,1600.0,268.68866400565156,64.0,4.0,0.0,0.0,0.0,1.0,Mediatek MT6762V Helio P22 (12 nm),0.0
Blackview BL8800,Blackview,2022.0,480.0,6.58,367.0,8380.0,17.7,50.0,1080.0,2408.0,401.07946472241093,128.0,8.0,0.0,1.0,1.0,0.0,MediaTek MT6833 Dimensity 700 (7 nm),0.0
Blackview BL8800 Pro,Blackview,2022.0,280.5908,6.58,367.0,8380.0,17.7,50.0,1080.0,2408.0,401.07946472241093,128.0,8.0,0.0,1.0,1.0,0.0,MediaTek MT6833 Dimensity 700 (7 nm),0.0
Blackview BV5200,Blackview,2022.0,120.0,6.1,268.0,5180.0,13.7,13.0,720.0,1560.0,281.6620537037971,32.0,4.0,0.0,0.0,1.0,0.0,Mediatek MT6761 Helio A22 (12 nm),0.0
Blackview Oscal C80,Blackview,2022.0,130.0,6.5,188.0,5180.0,8.6,50.0,720.0,1600.0,269.92876553183146,128.0,8.0,0.0,0.0,0.0,1.0,Unisoc T606 (12 nm),0.0
Blackview BV7200,Blackview,2022.0,250.0,6.1,288.0,5180.0,16.0,50.0,720.0,1560.0,281.6620537037971,128.0,6.0,0.0,0.0,1.0,0.0,MediaTek MT6769Z Helio G85 (12nm),0.0
Blackview A52,Blackview,2022.0,104.99,6.5,183.6,5180.0,9.1,13.0,720.0,1600.0,269.92876553183146,32.0,2.0,0.0,0.0,0.0,1.0,Unisoc SC9863A1 (28nm),0.0
Blackview A85,Blackview,2022.0,189.99,6.5,193.0,4480.0,8.7,50.0,720.0,1612.0,271.6133694890719,128.0,8.0,0.0,0.0,1.0,1.0,Unisoc T606 (12 nm),0.0
Blackview BV5200 Pro,Blackview,2022.0,100.0,6.1,268.0,5180.0,13.7,13.0,720.0,1560.0,281.6620537037971,64.0,4.0,0.0,0.0,1.0,0.0,MediaTek MT6765 Helio G35 (12 nm),0.0
Blackview BV9200,Blackview,2022.0,200.0,6.6,310.0,5000.0,13.6,50.0,1080.0,2408.0,399.8640724050703,256.0,8.0,0.0,0.0,1.0,0.0,Mediatek Helio G96 (12 nm),0.0
BlackBerry Leap,BlackBerry,2015.0,80.0,5.0,170.0,2800.0,9.5,8.0,720.0,1280.0,293.7209560109731,16.0,2.0,0.0,0.0,0.0,1.0,Qualcomm MSM8960 Snapdragon S4 Plus,0.0
BlackBerry Priv,BlackBerry,2015.0,270.0,5.4,192.0,3410.0,9.4,18.0,1440.0,2560.0,543.9276963166169,32.0,3.0,1.0,0.0,1.0,1.0,Qualcomm MSM8992 Snapdragon 808 (20 nm),0.0
BlackBerry DTEK50,BlackBerry,2016.0,200.0,5.2,135.0,2610.0,7.4,13.0,1080.0,1920.0,423.6359942465958,16.0,3.0,0.0,0.0,1.0,1.0,Qualcomm MSM8952 Snapdragon 617 (28 nm),0.0
BlackBerry DTEK60,BlackBerry,2016.0,250.0,5.5,165.0,3000.0,7.0,21.0,1440.0,2560.0,534.038101838133,32.0,4.0,1.0,0.0,1.0,1.0,Qualcomm MSM8996 Snapdragon 820 (14 nm),0.0
BlackBerry Keyone,BlackBerry,2017.0,290.0,4.5,180.0,3500.0,9.4,12.0,1080.0,1620.0,432.6661530556787,64.0,4.0,0.0,0.0,1.0,1.0,Qualcomm MSM8953 Snapdragon 625 (14 nm),0.0
BlackBerry Aurora,BlackBerry,2017.0,200.0,5.5,178.0,3000.0,8.5,13.0,720.0,1280.0,267.0190509190665,32.0,4.0,0.0,0.0,0.0,1.0,Qualcomm MSM8917 Snapdragon 425 (28 nm),0.0
BlackBerry Motion,BlackBerry,2017.0,390.0,5.5,167.0,4000.0,8.1,12.0,1080.0,1920.0,400.52857637859967,32.0,4.0,0.0,0.0,1.0,1.0,Qualcomm MSM8953 Snapdragon 625 (14 nm),0.0
BlackBerry KEY2,BlackBerry,2018.0,500.0,4.5,168.0,3500.0,8.5,12.0,1080.0,1620.0,432.6661530556787,128.0,6.0,0.0,0.0,1.0,1.0,Qualcomm SDM660 Snapdragon 660 (14 nm),0.0
BlackBerry Evolve,BlackBerry,2018.0,300.0,5.99,170.0,4000.0,8.4,13.0,1080.0,2160.0,403.16417624370166,64.0,4.0,0.0,0.0,0.0,1.0,Qualcomm SDM450 Snapdragon 450 (14 nm),0.0
BlackBerry Evolve X,BlackBerry,2018.0,350.0,5.99,170.0,4000.0,8.8,12.0,1080.0,2160.0,403.16417624370166,64.0,6.0,0.0,0.0,0.0,1.0,Qualcomm SDM660 Snapdragon 660 (14 nm),0.0
BlackBerry KEY2 LE,BlackBerry,2018.0,440.0,4.5,156.0,3000.0,8.4,13.0,1080.0,1620.0,432.6661530556787,64.0,4.0,0.0,0.0,1.0,1.0,Qualcomm SDM636 Snapdragon 636 (14 nm),0.0
Asus Zenfone 5 A501CG (2015),Asus,2015.0,120.0,5.0,145.0,2110.0,10.3,8.0,720.0,1280.0,293.7209560109731,8.0,2.0,0.0,0.0,0.0,1.0,Intel Atom Z2520,0.0
Asus Zenfone Zoom ZX550,Asus,2015.0,400.0,5.5,185.0,3000.0,12.0,13.0,1080.0,1920.0,400.52857637859967,128.0,4.0,0.0,0.0,0.0,1.0,Intel Atom Z3580,0.0
Asus Zenfone C ZC451CG,Asus,2015.0,90.0,4.5,150.0,2100.0,10.9,5.0,480.0,854.0,217.70021294442822,8.0,1.0,0.0,0.0,0.0,1.0,Intel Atom Z2520,0.0
Asus Zenfone 2 ZE551ML,Asus,2015.0,300.0,5.5,170.0,3000.0,10.9,13.0,1080.0,1920.0,400.52857637859967,128.0,4.0,0.0,0.0,1.0,1.0,"Intel Atom Z3580 (4 GB RAM model)
Intel Atom Z3560 (2 GB RAM model)",0.0
Asus Zenfone 2 ZE550ML,Asus,2015.0,250.0,5.5,170.0,3000.0,10.9,13.0,720.0,1280.0,267.0190509190665,16.0,2.0,0.0,0.0,0.0,1.0,Intel Atom Z3560,0.0
Asus Zenfone 2 ZE500CL,Asus,2015.0,180.0,5.0,155.0,2500.0,10.9,8.0,720.0,1280.0,293.7209560109731,16.0,2.0,0.0,0.0,0.0,1.0,Intel Atom Z2560,0.0
Asus Zenfone Selfie ZD551KL,Asus,2015.0,280.0,5.5,170.0,3000.0,10.8,13.0,1080.0,1920.0,400.52857637859967,32.0,3.0,0.0,0.0,0.0,1.0,Qualcomm MSM8939 Snapdragon 615 (28 nm),0.0
Asus Pegasus 2 Plus,Asus,2015.0,300.0,5.5,156.0,3030.0,8.1,13.0,1080.0,1920.0,400.52857637859967,32.0,3.0,0.0,0.0,1.0,1.0,Qualcomm MSM8939 Snapdragon 615 (28 nm),0.0
Asus Zenfone 2E,Asus,2015.0,110.0,5.0,155.1,2500.0,10.9,8.0,720.0,1280.0,293.7209560109731,8.0,1.0,0.0,0.0,0.0,1.0,Intel Atom Z2560,0.0
Asus Zenfone 2 Laser ZE500KL,Asus,2015.0,210.0,5.0,140.0,2400.0,10.5,13.0,720.0,1280.0,293.7209560109731,16.0,2.0,0.0,0.0,0.0,1.0,Qualcomm MSM8916 Snapdragon 410 (28 nm),0.0
Asus Zenfone 2 Laser ZE500KG,Asus,2015.0,200.0,5.0,140.0,2040.0,10.5,8.0,720.0,1280.0,293.7209560109731,16.0,2.0,0.0,0.0,0.0,1.0,Qualcomm MSM8916 Snapdragon 410 (28 nm),0.0
Asus Zenfone 2 Laser ZE550KL,Asus,2015.0,220.0,5.5,170.0,3000.0,10.8,13.0,720.0,1280.0,267.0190509190665,32.0,3.0,0.0,0.0,0.0,1.0,"Qualcomm MSM8916 Snapdragon 410 (28 nm)
Qualcomm MSM8939 Snapdragon 615 (28 nm)",0.0
Asus Zenfone 2 Laser ZE600KL,Asus,2015.0,310.0,6.0,190.0,3000.0,10.6,13.0,720.0,1280.0,244.7674633424776,32.0,3.0,0.0,0.0,0.0,1.0,Qualcomm MSM8939 Snapdragon 615 (28 nm),0.0
Asus Zenfone 2 Laser ZE601KL,Asus,2015.0,270.0,6.0,190.0,3000.0,10.6,13.0,1080.0,1920.0,367.1511950137164,32.0,3.0,0.0,0.0,0.0,1.0,Qualcomm MSM8939v2 Snapdragon 616 (28 nm),0.0
Asus Zenfone 2 Deluxe ZE551ML,Asus,2015.0,350.0,5.5,170.0,3000.0,10.9,13.0,1080.0,1920.0,400.52857637859967,256.0,4.0,0.0,0.0,0.0,1.0,"Intel Atom Z3580
Intel Atom Z3560
Intel Atom Z3590",0.0
Asus Zenfone Max ZC550KL,Asus,2015.0,170.0,5.5,202.0,5000.0,10.6,13.0,720.0,1280.0,267.0190509190665,16.0,2.0,0.0,0.0,0.0,1.0,Qualcomm MSM8916 Snapdragon 410 (28 nm),0.0
Asus Zenfone Go ZC500TG,Asus,2015.0,130.0,5.0,135.0,2070.0,10.0,8.0,720.0,1280.0,293.7209560109731,16.0,2.0,0.0,0.0,0.0,1.0,Mediatek MT6580 (28 nm),0.0
Asus Zenfone Zoom ZX551ML,Asus,2015.0,250.0,5.5,185.0,3000.0,12.0,13.0,1080.0,1920.0,400.52857637859967,128.0,4.0,0.0,0.0,1.0,1.0,Intel Atom Z3590,0.0
Asus Zenfone 2 Laser ZE551KL,Asus,2015.0,180.0,5.5,170.1,3000.0,10.9,13.0,1080.0,1920.0,400.52857637859967,32.0,3.0,0.0,0.0,0.0,1.0,Qualcomm MSM8939 Snapdragon 615 (28 nm),0.0
Asus Live G500TG,Asus,2016.0,160.0,5.0,140.0,2070.0,10.0,8.0,720.0,1280.0,293.7209560109731,16.0,2.0,0.0,0.0,0.0,1.0,Mediatek MT6580 (28 nm),0.0
Asus Zenfone Go ZC451TG,Asus,2015.0,70.0,4.5,133.5,1600.0,10.1,5.0,480.0,854.0,217.70021294442822,8.0,1.0,0.0,0.0,0.0,1.0,Mediatek MT6580M (28 nm),0.0
Asus Zenfone Go T500,Asus,2016.0,110.0,5.0,153.0,2500.0,9.9,8.0,720.0,1280.0,293.7209560109731,16.0,2.0,0.0,0.0,0.0,1.0,Qualcomm MSM8916 Snapdragon 410 (28 nm),0.0
Asus Zenfone Go ZB551KL,Asus,2016.0,150.0,5.5,160.0,3010.0,10.7,8.0,720.0,1280.0,267.0190509190665,32.0,2.0,0.0,0.0,0.0,1.0,Qualcomm MSM8928 Snapdragon 400 (28 nm),0.0
Asus Zenfone Go ZB452KG,Asus,2016.0,90.0,4.5,125.0,2070.0,11.2,5.0,480.0,854.0,217.70021294442822,8.0,1.0,0.0,0.0,0.0,1.0,Qualcomm MSM8212 Snapdragon 200 (28 nm),0.0
Asus Zenfone Go ZB450KL,Asus,2016.0,110.0,4.5,135.0,2070.0,11.2,8.0,480.0,854.0,217.70021294442822,8.0,1.0,0.0,0.0,0.0,1.0,Qualcomm MSM8916 Snapdragon 410 (28 nm),0.0
Asus Zenfone Max ZC550KL (2016),Asus,2016.0,170.0,5.5,202.0,5000.0,10.6,13.0,720.0,1280.0,267.0190509190665,32.0,3.0,0.0,0.0,0.0,1.0,Qualcomm MSM8939 Snapdragon 615 (28 nm),0.0
Asus Zenfone 3 ZE552KL,Asus,2016.0,330.0,5.5,155.0,3000.0,7.7,16.0,1080.0,1920.0,400.52857637859967,64.0,4.0,0.0,0.0,0.0,1.0,Qualcomm MSM8953 Snapdragon 625 (14 nm),0.0
Asus Zenfone 3 Deluxe ZS570KL,Asus,2016.0,230.0,5.7,170.0,3000.0,7.5,23.0,1080.0,1920.0,386.47494211970144,256.0,6.0,1.0,0.0,1.0,1.0,"Qualcomm MSM8996 Snapdragon 820 (14 nm)
Qualcomm MSM8996 Snapdragon 821 (14 nm)",0.0
Asus Zenfone 3 Ultra ZU680KL,Asus,2016.0,300.0,6.8,233.0,4600.0,6.8,23.0,1080.0,1920.0,323.95693677680856,128.0,4.0,0.0,0.0,0.0,1.0,Qualcomm MSM8976 Snapdragon 652 (28 nm),0.0
Asus Zenfone Pegasus 3,Asus,2016.0,210.0,5.2,158.4,4100.0,8.6,13.0,720.0,1280.0,282.42399616439724,32.0,3.0,0.0,0.0,0.0,1.0,Mediatek MT6737 (28 nm),0.0
Asus Zenfone 3 ZE520KL,Asus,2016.0,280.0,5.2,144.0,2600.0,7.7,16.0,1080.0,1920.0,423.6359942465958,64.0,4.0,0.0,0.0,0.0,1.0,Qualcomm MSM8953 Snapdragon 625 (14 nm),0.0
Asus Zenfone 3 Laser ZC551KL,Asus,2016.0,160.0,5.5,150.0,3000.0,7.9,13.0,1080.0,1920.0,400.52857637859967,32.0,4.0,0.0,0.0,0.0,1.0,Qualcomm MSM8937 Snapdragon 430 (28 nm),0.0
Asus Zenfone 3 Max ZC520TL,Asus,2016.0,230.0,5.2,148.0,4130.0,8.6,13.0,720.0,1280.0,282.42399616439724,32.0,3.0,0.0,0.0,0.0,1.0,Mediatek MT6737M (28 nm),0.0
Asus Zenfone 3 Deluxe 5.5 ZS550KL,Asus,2016.0,280.0,5.5,151.0,3000.0,7.8,16.0,1080.0,1920.0,400.52857637859967,64.0,4.0,0.0,0.0,1.0,1.0,Qualcomm MSM8953 Snapdragon 625 (14 nm),0.0
Asus Zenfone 3 Max ZC553KL,Asus,2016.0,190.0,5.5,175.0,4100.0,8.3,16.0,1080.0,1920.0,400.52857637859967,32.0,4.0,0.0,0.0,0.0,1.0,Qualcomm MSM8937 Snapdragon 430 (28 nm),0.0
Asus Zenfone Go ZB500KL,Asus,2016.0,130.0,5.0,150.0,2600.0,11.3,13.0,720.0,1280.0,293.7209560109731,16.0,2.0,0.0,0.0,0.0,1.0,Qualcomm MSM8916 Snapdragon 410 (28 nm),0.0
Asus Zenfone Go ZB690KG,Asus,2016.0,120.0,6.9,270.0,3480.0,8.9,5.0,600.0,1024.0,172.00499203884866,8.0,1.0,0.0,0.0,0.0,1.0,,0.0
Asus Zenfone 3 Zoom ZE553KL,Asus,2017.0,320.0,5.5,170.0,5000.0,8.0,12.0,1080.0,1920.0,400.52857637859967,128.0,4.0,1.0,0.0,0.0,1.0,Qualcomm MSM8953 Snapdragon 625 (14 nm),0.0
Asus Zenfone AR ZS571KL,Asus,2017.0,370.0,5.7,170.0,3300.0,9.0,23.0,1440.0,2560.0,515.2999228262686,256.0,8.0,1.0,0.0,0.0,1.0,Qualcomm MSM8996 Snapdragon 821 (14 nm),0.0
Asus Zenfone 3s Max ZC521TL,Asus,2017.0,180.0,5.2,175.0,5000.0,8.9,13.0,720.0,1280.0,282.42399616439724,32.0,3.0,0.0,0.0,0.0,1.0,Mediatek MT6750 (28 nm),0.0
Asus Zenfone Live ZB501KL,Asus,2017.0,150.0,5.0,120.0,2650.0,8.0,13.0,720.0,1280.0,293.7209560109731,32.0,2.0,0.0,0.0,0.0,1.0,Qualcomm MSM8916 Snapdragon 410 (28 nm),0.0
Asus Zenfone Go ZB552KL,Asus,2017.0,120.0,5.5,168.0,3000.0,10.9,13.0,720.0,1280.0,267.0190509190665,32.0,2.0,0.0,0.0,0.0,1.0,Qualcomm MSM8916 Snapdragon 410 (28 nm),0.0
Asus Zenfone 4 Max ZC554KL,Asus,2017.0,270.0,5.5,181.0,5000.0,8.9,13.0,720.0,1280.0,267.0190509190665,32.0,3.0,0.0,0.0,0.0,1.0,Qualcomm MSM8937 Snapdragon 430 (28 nm),0.0
Asus Zenfone 4 Max Plus ZC554KL,Asus,2017.0,220.0,5.5,181.0,5000.0,8.9,13.0,720.0,1280.0,267.0190509190665,32.0,3.0,0.0,0.0,0.0,1.0,Qualcomm MSM8917 Snapdragon 425 (28 nm),0.0
Asus Zenfone 4 Max Pro ZC554KL,Asus,2017.0,250.0,5.5,181.0,5000.0,8.9,16.0,720.0,1280.0,267.0190509190665,32.0,3.0,0.0,0.0,0.0,1.0,"Qualcomm MSM8917 Snapdragon 425 (28 nm)
Qualcomm MSM8937 Snapdragon 430 (28 nm)",0.0
Asus Zenfone 4 Max ZC520KL,Asus,2017.0,180.0,5.2,156.0,4100.0,8.8,13.0,720.0,1280.0,282.42399616439724,32.0,3.0,0.0,0.0,0.0,1.0,Qualcomm MSM8917 Snapdragon 425 (28 nm),0.0
Asus Zenfone 4 Selfie ZD553KL,Asus,2017.0,250.0,5.5,144.0,3000.0,7.9,16.0,720.0,1280.0,267.0190509190665,64.0,4.0,0.0,0.0,0.0,1.0,Qualcomm MSM8937 Snapdragon 430 (28 nm),0.0
Asus Zenfone 4 Selfie Pro ZD552KL,Asus,2017.0,250.0,5.5,147.0,3000.0,6.9,16.0,1080.0,1920.0,400.52857637859967,64.0,4.0,1.0,0.0,0.0,1.0,Qualcomm MSM8953 Snapdragon 625 (14 nm),0.0
Asus Zenfone 4 Selfie ZB553KL,Asus,2017.0,150.0,5.5,144.0,3000.0,7.9,13.0,720.0,1280.0,267.0190509190665,32.0,3.0,0.0,0.0,0.0,1.0,Qualcomm MSM8937 Snapdragon 430 (28 nm),0.0
Asus Zenfone 4 Selfie Lite ZB553KL,Asus,2017.0,180.0,5.5,144.0,3000.0,7.9,13.0,720.0,1280.0,267.0190509190665,32.0,2.0,0.0,0.0,0.0,1.0,Qualcomm MSM8917 Snapdragon 425 (28 nm),0.0
Asus Zenfone 4 ZE554KL,Asus,2017.0,350.0,5.5,165.0,3300.0,7.7,12.0,1080.0,1920.0,400.52857637859967,64.0,6.0,0.0,0.0,1.0,1.0,"Qualcomm SDM630 Snapdragon 630 (14 nm)
Qualcomm SDM660 Snapdragon 660 (14 nm)",0.0
Asus Zenfone 4 Pro ZS551KL,Asus,2017.0,350.0,5.5,175.0,3600.0,7.6,12.0,1080.0,1920.0,400.52857637859967,128.0,6.0,1.0,0.0,1.0,1.0,Qualcomm MSM8998 Snapdragon 835 (10 nm),0.0
Asus Zenfone V V520KL,Asus,2017.0,100.0,5.2,147.1,3000.0,7.6,23.0,1080.0,1920.0,423.6359942465958,32.0,4.0,1.0,0.0,0.0,1.0,Qualcomm MSM8996 Snapdragon 820 (14 nm),0.0
Asus Zenfone Max Plus (M1) ZB570TL,Asus,2017.0,250.0,5.7,160.0,4130.0,8.8,16.0,1080.0,2160.0,423.6760378420654,64.0,4.0,0.0,0.0,0.0,1.0,Mediatek MT6750T (28 nm),0.0
Asus Zenfone Max (M1) ZB555KL,Asus,2018.0,150.0,5.5,150.0,4000.0,8.7,13.0,720.0,1440.0,292.721626145427,32.0,3.0,0.0,0.0,0.0,1.0,"Qualcomm MSM8917 Snapdragon 425 (28 nm)
Qualcomm MSM8937 Snapdragon 430 (28 nm)",0.0
Asus Zenfone 5 Lite ZC600KL,Asus,2018.0,200.0,6.0,168.0,3300.0,7.8,16.0,1080.0,2160.0,402.49223594996215,64.0,4.0,0.0,0.0,1.0,1.0,"Qualcomm SDM630 Snapdragon 630 (14 nm)
Qualcomm MSM8937 Snapdragon 430 (28 nm)",0.0
Asus Zenfone 5 ZE620KL,Asus,2018.0,320.0,6.2,165.0,3300.0,7.7,12.0,1080.0,2246.0,401.96305502702575,64.0,6.0,0.0,0.0,1.0,1.0,Qualcomm SDM636 Snapdragon 636 (14 nm),0.0
Asus Zenfone 5z ZS620KL,Asus,2018.0,500.0,6.2,165.0,3300.0,7.9,12.0,1080.0,2246.0,401.96305502702575,256.0,8.0,0.0,0.0,1.0,1.0,Qualcomm SDM845 Snapdragon 845 (10 nm),0.0
Asus Zenfone Max Pro (M1) ZB601KL/ZB602K,Asus,2018.0,160.0,5.99,180.0,5000.0,8.5,13.0,1080.0,2160.0,403.16417624370166,128.0,6.0,0.0,0.0,1.0,1.0,Qualcomm SDM636 Snapdragon 636 (14 nm),0.0
Asus ZenFone Live (L1) ZA550KL,Asus,2018.0,100.0,5.5,140.0,3000.0,8.2,13.0,720.0,1440.0,292.721626145427,32.0,2.0,0.0,0.0,0.0,1.0,Qualcomm MSM8917 Snapdragon 425 (28 nm),0.0
Asus ROG Phone ZS600KL,Asus,2018.0,597.08,6.0,200.0,4000.0,8.3,12.0,1080.0,2160.0,402.49223594996215,512.0,8.0,1.0,0.0,1.0,1.0,Qualcomm SDM845 Snapdragon 845 (10 nm),0.0
Asus ZenFone Lite (L1) ZA551KL,Asus,2018.0,80.0,5.45,140.0,3000.0,8.2,13.0,720.0,1440.0,295.40714565134834,16.0,2.0,0.0,0.0,0.0,1.0,Qualcomm MSM8937 Snapdragon 430 (28 nm),0.0
Asus Zenfone Max (M1) ZB556KL,Asus,2018.0,120.0,5.45,150.0,4000.0,8.7,13.0,720.0,1440.0,295.40714565134834,32.0,3.0,0.0,0.0,0.0,1.0,Qualcomm MSM8937 Snapdragon 430 (28 nm),0.0
Asus Zenfone Max Pro (M2) ZB631KL,Asus,2018.0,370.0,6.26,175.0,5000.0,8.5,12.0,1080.0,2280.0,403.01206469575664,128.0,6.0,0.0,0.0,1.0,1.0,Qualcomm SDM660 Snapdragon 660 (14 nm),0.0
Asus Zenfone Max Shot ZB634KL,Asus,2019.0,310.0,6.26,165.0,4000.0,8.4,12.0,1080.0,2246.0,398.1103739884281,64.0,4.0,0.0,0.0,0.0,1.0,Qualcomm Snapdragon SiP 1,0.0
Asus Zenfone Max Plus (M2) ZB634KL,Asus,2019.0,200.0,6.26,165.0,4000.0,8.4,12.0,1080.0,2246.0,398.1103739884281,64.0,4.0,0.0,0.0,0.0,1.0,Qualcomm Snapdragon SiP 1,0.0
Asus Zenfone 6 ZS630KL,Asus,2019.0,500.0,6.4,190.0,5000.0,9.2,48.0,1080.0,2340.0,402.68871740464743,512.0,12.0,0.0,0.0,1.0,1.0,Qualcomm SM8150 Snapdragon 855 (7 nm),0.0
Asus ROG Phone II ZS660KL,Asus,2019.0,1070.0,6.59,240.0,6000.0,9.5,48.0,1080.0,2340.0,391.0785722897942,1024.0,12.0,1.0,0.0,1.0,1.0,Qualcomm SM8150 Snapdragon 855+ (7 nm),0.0
Asus ROG Phone 3 Strix,Asus,2020.0,1400.0,6.59,240.0,6000.0,9.9,64.0,1080.0,2340.0,391.0785722897942,256.0,12.0,1.0,1.0,1.0,0.0,Qualcomm SM8250 Snapdragon 865 5G (7 nm+),0.0
Asus ROG Phone 3,Asus,2020.0,650.0,6.59,240.0,6000.0,9.9,64.0,1080.0,2340.0,391.0785722897942,512.0,16.0,1.0,1.0,1.0,0.0,Qualcomm SM8250 Snapdragon 865 5G+ (7 nm+),0.0
Asus Zenfone 7,Asus,2020.0,910.0,6.67,230.0,5000.0,9.6,64.0,1080.0,2400.0,394.57353282389164,128.0,8.0,1.0,1.0,1.0,0.0,Qualcomm SM8250 Snapdragon 865 5G (7 nm+),0.0
Asus Zenfone 7 Pro,Asus,2020.0,670.0,6.67,230.0,5000.0,9.6,64.0,1080.0,2400.0,394.57353282389164,256.0,8.0,1.0,1.0,1.0,0.0,Qualcomm SM8250 Snapdragon 865 5G+ (7 nm+),0.0
Asus ROG Phone 5,Asus,2021.0,699.0,6.78,238.0,6000.0,10.3,64.0,1080.0,2448.0,394.6386727659196,256.0,16.0,1.0,1.0,1.0,1.0,Qualcomm SM8350 Snapdragon 888 5G (5 nm),0.0
Asus ROG Phone 5 Pro,Asus,2021.0,624.6800000000001,6.78,238.0,6000.0,10.3,64.0,1080.0,2448.0,394.6386727659196,512.0,16.0,1.0,1.0,1.0,1.0,Qualcomm SM8350 Snapdragon 888 5G (5 nm),0.0
Asus ROG Phone 5 Ultimate,Asus,2021.0,1300.0,6.78,238.0,6000.0,10.3,64.0,1080.0,2448.0,394.6386727659196,512.0,18.0,1.0,1.0,1.0,1.0,Qualcomm SM8350 Snapdragon 888 5G (5 nm),0.0
Asus Zenfone 8,Asus,2021.0,534.99,5.9,169.0,4000.0,8.9,64.0,1080.0,2400.0,446.068722700908,256.0,16.0,1.0,1.0,1.0,1.0,Qualcomm SM8350 Snapdragon 888 5G (5 nm),0.0
Asus Zenfone 8 Flip,Asus,2021.0,799.0,6.67,230.0,5000.0,9.6,64.0,1080.0,2400.0,394.57353282389164,256.0,8.0,1.0,1.0,1.0,0.0,Qualcomm SM8350 Snapdragon 888 5G (5 nm),0.0
Asus Smartphone for Snapdragon Insiders,Asus,2021.0,1270.0,6.78,210.0,4000.0,9.6,64.0,1080.0,2400.0,388.1718973355984,512.0,16.0,1.0,1.0,1.0,0.0,Qualcomm SM8350 Snapdragon 888 5G (5 nm),0.0
Asus ROG Phone 5s,Asus,2021.0,1431.18,6.78,238.0,6000.0,9.9,64.0,1080.0,2448.0,394.6386727659196,512.0,18.0,1.0,1.0,1.0,1.0,Qualcomm SM8350 Snapdragon 888+ 5G (5 nm),0.0
Asus ROG Phone 5s Pro,Asus,2021.0,2000.0,6.78,238.0,6000.0,9.9,64.0,1080.0,2448.0,394.6386727659196,512.0,18.0,1.0,1.0,1.0,1.0,Qualcomm SM8350 Snapdragon 888+ 5G (5 nm),0.0
Asus ROG Phone 6,Asus,2022.0,1099.0,6.78,239.0,6000.0,10.3,50.0,1080.0,2448.0,394.6386727659196,512.0,16.0,1.0,1.0,1.0,1.0,Qualcomm SM8475 Snapdragon 8+ Gen 1 (4 nm),0.0
Asus ROG Phone 6 Pro,Asus,2022.0,1703.27,6.78,239.0,6000.0,10.3,50.0,1080.0,2448.0,394.6386727659196,512.0,18.0,1.0,1.0,1.0,1.0,Qualcomm SM8475 Snapdragon 8+ Gen 1 (4 nm),0.0
Asus Zenfone 9,Asus,2022.0,743.89,5.9,169.0,4300.0,9.1,50.0,1080.0,2400.0,446.068722700908,256.0,16.0,1.0,1.0,1.0,1.0,Qualcomm SM8475 Snapdragon 8+ Gen 1 (4 nm),0.0
Asus ROG Phone 6 Batman Edition,Asus,2022.0,1647.51,6.78,239.0,6000.0,10.4,50.0,1080.0,2448.0,394.6386727659196,256.0,12.0,1.0,1.0,1.0,1.0,"Qualcomm SM8475 Snapdragon 8+ Gen 1 (4 nm) - USA
MediaTek Dimensity 9000+ (4 nm) - International",0.0
Asus ROG Phone 6 Diablo Immortal Edition,Asus,2022.0,1103.9908,6.78,239.0,6000.0,10.4,50.0,1080.0,2448.0,394.6386727659196,512.0,16.0,1.0,1.0,1.0,1.0,Qualcomm SM8475 Snapdragon 8+ Gen 1 (4 nm),0.0
Asus ROG Phone 6D,Asus,2022.0,735.08,6.78,239.0,6000.0,10.4,50.0,1080.0,2448.0,394.6386727659196,256.0,16.0,1.0,1.0,1.0,1.0,MediaTek Dimensity 9000+ (4 nm),0.0
Asus ROG Phone 6D Ultimate,Asus,2022.0,1399.0,6.78,247.0,6000.0,10.4,50.0,1080.0,2448.0,394.6386727659196,512.0,16.0,1.0,1.0,1.0,1.0,MediaTek Dimensity 9000+ (4 nm),0.0
Archos 50d Helium 4G,Archos,2015.0,140.0,5.0,154.0,2100.0,8.4,13.0,720.0,1280.0,293.7209560109731,8.0,1.0,0.0,0.0,0.0,1.0,Qualcomm MSM8916 Snapdragon 410 (28 nm),0.0
Archos Diamond 2 Plus,Archos,2016.0,250.0,5.5,193.0,2950.0,8.3,20.7,1080.0,1920.0,400.52857637859967,64.0,4.0,0.0,0.0,0.0,1.0,Mediatek MT6755 Helio P10 (28 nm),0.0
Archos 50 Graphite,Archos,2017.0,130.0,5.0,160.0,2400.0,8.9,13.0,720.0,1280.0,293.7209560109731,16.0,1.0,0.0,0.0,0.0,1.0,Mediatek MT6737 (28 nm),0.0
Archos Sense 50x,Archos,2017.0,170.0,5.0,223.0,3500.0,12.6,8.0,1080.0,1920.0,440.58143401645964,32.0,3.0,0.0,0.0,0.0,1.0,Mediatek MT6737T (28 nm),0.0
Archos Sense 55s,Archos,2017.0,250.0,5.2,130.0,3000.0,8.0,8.0,1080.0,1920.0,423.6359942465958,16.0,2.0,0.0,0.0,0.0,1.0,,0.0
Archos Diamond Alpha,Archos,2017.0,350.0,5.2,155.0,2950.0,7.5,13.0,1080.0,1920.0,423.6359942465958,64.0,4.0,0.0,0.0,0.0,1.0,Qualcomm MSM8976 Snapdragon 652 (28 nm),0.0
Archos Diamond Alpha +,Archos,2017.0,400.0,5.2,155.0,3000.0,7.5,13.0,1080.0,1920.0,423.6359942465958,128.0,6.0,0.0,0.0,0.0,1.0,Qualcomm MSM8976 Pro Snapdragon 653 (28 nm),0.0
Archos Diamond Omega,Archos,2017.0,300.0,5.73,170.0,3100.0,8.5,12.0,1080.0,2040.0,402.8352683072533,128.0,8.0,0.0,0.0,1.0,0.0,Qualcomm MSM8998 Snapdragon 835 (10 nm),0.0
Archos Saphir 50X,Archos,2018.0,150.0,5.0,210.0,4000.0,13.0,8.0,720.0,1280.0,293.7209560109731,16.0,2.0,0.0,0.0,0.0,1.0,Mediatek MT6737VWT,0.0
Archos Oxygen 57,Archos,2019.0,100.0,5.71,150.0,2800.0,9.3,8.0,720.0,1520.0,294.55406012789683,32.0,3.0,0.0,0.0,0.0,1.0,Unisoc SC9863 (28nm),0.0
Archos Oxygen 63,Archos,2019.0,130.0,6.26,162.0,3000.0,9.3,8.0,720.0,1520.0,268.6747097971711,64.0,4.0,0.0,0.0,0.0,1.0,Unisoc SC9863 (28nm),0.0
Archos Oxygen 68XL,Archos,2019.0,150.0,6.85,214.0,5000.0,9.0,8.0,640.0,1352.0,218.3691776959274,32.0,3.0,0.0,0.0,0.0,1.0,Mediatek MT6762 Helio P22 (12 nm),0.0
Archos Diamond,Archos,2019.0,300.0,6.39,166.0,3400.0,8.6,16.0,1080.0,2340.0,403.31890319088325,128.0,4.0,1.0,0.0,1.0,1.0,Mediatek MT6771 Helio P70 (12nm),0.0
Apple iPhone 6s,Apple,2015.0,230.0,4.7,143.0,1715.0,7.1,12.0,750.0,1334.0,325.6122832234166,128.0,2.0,0.0,0.0,1.0,1.0,Apple A9 (14 nm),0.0
Apple iPhone 6s Plus,Apple,2015.0,240.0,5.5,192.0,2750.0,7.3,12.0,1080.0,1920.0,400.52857637859967,128.0,2.0,0.0,0.0,1.0,1.0,Apple A9 (14 nm),0.0
Apple iPhone SE,Apple,2016.0,140.0,4.0,113.0,1624.0,7.6,12.0,640.0,1136.0,325.9693237100694,128.0,2.0,0.0,0.0,1.0,1.0,Apple A9 (14 nm),0.0
Apple iPhone 7,Apple,2016.0,180.0,4.7,138.0,1960.0,7.1,12.0,750.0,1334.0,325.6122832234166,256.0,2.0,0.0,0.0,1.0,0.0,Apple A10 Fusion (16 nm),0.0
Apple iPhone 7 Plus,Apple,2016.0,320.0,5.5,188.0,2900.0,7.3,12.0,1080.0,1920.0,400.52857637859967,256.0,3.0,0.0,0.0,1.0,0.0,Apple A10 Fusion (16 nm),0.0
Apple iPhone 8,Apple,2017.0,210.0,4.7,148.0,1821.0,7.3,12.0,750.0,1334.0,325.6122832234166,256.0,2.0,0.0,0.0,1.0,0.0,Apple A11 Bionic (10 nm),0.0
Apple iPhone 8 Plus,Apple,2017.0,340.0,5.5,202.0,2691.0,7.5,12.0,1080.0,1920.0,400.52857637859967,256.0,3.0,0.0,0.0,1.0,0.0,Apple A11 Bionic (10 nm),0.0
Apple iPhone X,Apple,2017.0,280.0,5.8,174.0,2716.0,7.7,12.0,1125.0,2436.0,462.62579033027964,256.0,3.0,1.0,0.0,1.0,0.0,Apple A11 Bionic (10 nm),0.0
Apple iPhone XR,Apple,2018.0,310.0,6.1,194.0,2942.0,8.3,12.0,828.0,1792.0,323.613699324913,256.0,3.0,0.0,0.0,1.0,0.0,Apple A12 Bionic (7 nm),0.0
Apple iPhone XS,Apple,2018.0,380.0,5.8,177.0,2658.0,7.7,12.0,1125.0,2436.0,462.62579033027964,512.0,4.0,1.0,0.0,1.0,0.0,Apple A12 Bionic (7 nm),0.0
Apple iPhone XS Max,Apple,2018.0,570.0,6.5,208.0,3174.0,7.7,12.0,1242.0,2688.0,455.54851520353134,512.0,4.0,1.0,0.0,1.0,0.0,Apple A12 Bionic (7 nm),0.0
Apple iPhone 11,Apple,2019.0,499.0,6.1,194.0,3110.0,8.3,12.0,828.0,1792.0,323.613699324913,256.0,4.0,0.0,0.0,1.0,0.0,Apple A13 Bionic (7 nm+),0.0
Apple iPhone 11 Pro,Apple,2019.0,495.0,5.8,188.0,3046.0,8.1,12.0,1125.0,2436.0,462.62579033027964,512.0,4.0,1.0,0.0,1.0,0.0,Apple A13 Bionic (7 nm+),0.0
Apple iPhone 11 Pro Max,Apple,2019.0,357.2176,6.5,226.0,3969.0,8.1,12.0,1242.0,2688.0,455.54851520353134,512.0,4.0,1.0,0.0,1.0,0.0,Apple A13 Bionic (7 nm+),0.0
Apple iPhone SE (2020),Apple,2020.0,208.0,4.7,148.0,1821.0,7.3,12.0,750.0,1334.0,325.6122832234166,256.0,3.0,0.0,0.0,1.0,0.0,Apple A13 Bionic (7 nm+),0.0
Apple iPhone 12 mini,Apple,2020.0,599.0,5.4,135.0,2227.0,7.4,12.0,1080.0,2340.0,477.26070210921176,256.0,4.0,1.0,1.0,1.0,0.0,Apple A14 Bionic (5 nm),0.0
Apple iPhone 12,Apple,2020.0,679.0,6.1,164.0,2815.0,7.4,12.0,1170.0,2532.0,457.2543463119592,256.0,4.0,1.0,1.0,1.0,0.0,Apple A14 Bionic (5 nm),0.0
Apple iPhone 12 Pro,Apple,2020.0,1448.89,6.1,189.0,2815.0,7.4,12.0,1170.0,2532.0,457.2543463119592,512.0,6.0,1.0,1.0,1.0,0.0,Apple A14 Bionic (5 nm),0.0
Apple iPhone 12 Pro Max,Apple,2020.0,551.08,6.7,228.0,3687.0,7.4,12.0,1284.0,2778.0,456.7734819486999,512.0,6.0,1.0,1.0,1.0,0.0,Apple A14 Bionic (5 nm),0.0
Apple iPhone 13 mini,Apple,2021.0,762.22,5.4,141.0,2438.0,7.7,12.0,1080.0,2340.0,477.26070210921176,512.0,4.0,1.0,1.0,1.0,0.0,Apple A15 Bionic (5 nm),0.0
Apple iPhone 13,Apple,2021.0,829.28,6.1,174.0,3240.0,7.7,12.0,1170.0,2532.0,457.2543463119592,512.0,4.0,1.0,1.0,1.0,0.0,Apple A15 Bionic (5 nm),0.0
Apple iPhone 13 Pro,Apple,2021.0,1183.53,6.1,204.0,3095.0,7.7,12.0,1170.0,2532.0,457.2543463119592,1024.0,6.0,1.0,1.0,1.0,0.0,Apple A15 Bionic (5 nm),0.0
Apple iPhone 13 Pro Max,Apple,2021.0,1379.0,6.7,240.0,4352.0,7.7,12.0,1284.0,2778.0,456.7734819486999,1024.0,6.0,1.0,1.0,1.0,0.0,Apple A15 Bionic (5 nm),0.0
Apple iPhone SE (2022),Apple,2022.0,479.0,4.7,144.0,2018.0,7.3,12.0,750.0,1334.0,325.6122832234166,256.0,4.0,0.0,1.0,1.0,0.0,Apple A15 Bionic (5 nm),0.0
Apple iPhone 14,Apple,2022.0,919.0,6.1,172.0,3279.0,7.8,12.0,1170.0,2532.0,457.2543463119592,512.0,6.0,1.0,1.0,1.0,0.0,Apple A15 Bionic (5 nm),0.0
Apple iPhone 14 Plus,Apple,2022.0,999.0,6.7,203.0,4323.0,7.8,12.0,1284.0,2778.0,456.7734819486999,512.0,6.0,1.0,1.0,1.0,0.0,Apple A15 Bionic (5 nm),0.0
Apple iPhone 14 Pro,Apple,2022.0,1299.0,6.1,206.0,3200.0,7.9,48.0,1179.0,2556.0,461.4448931470025,1024.0,6.0,1.0,1.0,1.0,0.0,Apple A16 Bionic (4 nm),0.0
Apple iPhone 14 Pro Max,Apple,2022.0,1449.0,6.7,240.0,4323.0,7.9,48.0,1290.0,2796.0,459.5879875379156,1024.0,6.0,1.0,1.0,1.0,0.0,Apple A16 Bionic (4 nm),0.0
Amazon Fire 7,Amazon,2015.0,50.0,7.0,313.0,2980.0,10.6,2.0,600.0,1024.0,169.54777786686512,8.0,1.0,0.0,0.0,0.0,1.0,Mediatek MT8127 (28 nm),0.0
Amazon Fire 7 (2017),Amazon,2017.0,70.0,7.0,295.0,2980.0,9.6,2.0,600.0,1024.0,169.54777786686512,16.0,1.0,0.0,0.0,0.0,1.0,Mediatek MT8127 (28 nm),0.0
Amazon Fire HD 8 (2017),Amazon,2017.0,110.0,8.0,369.0,3210.0,9.7,2.0,800.0,1280.0,188.67962264113208,32.0,1.5,0.0,0.0,0.0,1.0,Mediatek MT8163 (28 nm),0.0
Allview X2 Xtreme,Allview,2015.0,490.0,6.0,204.4,3500.0,9.6,24.0,1440.0,2560.0,489.5349266849552,64.0,3.0,1.0,0.0,1.0,1.0,Mediatek MT6795 Helio X10 (28 nm),0.0
Allview E3 Living,Allview,2015.0,140.0,4.5,135.5,1850.0,9.8,8.0,480.0,854.0,217.70021294442822,8.0,1.0,0.0,0.0,0.0,1.0,Mediatek MT6735 (28 nm),0.0
Allview E4,Allview,2015.0,240.0,5.0,130.0,2100.0,8.6,13.0,720.0,1280.0,293.7209560109731,16.0,2.0,0.0,0.0,0.0,1.0,Mediatek MT6753 (28 nm),0.0
Allview P5 Energy,Allview,2015.0,140.0,4.5,156.5,4000.0,11.2,5.0,480.0,854.0,217.70021294442822,16.0,1.0,0.0,0.0,0.0,1.0,Mediatek MT6735M (28 nm),0.0
Allview P8 Energy,Allview,2015.0,300.0,5.5,212.0,6000.0,8.5,13.0,720.0,1280.0,267.0190509190665,16.0,2.0,1.0,0.0,0.0,1.0,Mediatek MT6735 (28 nm),0.0
Allview P6 Pro,Allview,2015.0,100.0,5.0,154.0,3140.0,8.1,8.0,720.0,1280.0,293.7209560109731,8.0,1.0,0.0,0.0,0.0,1.0,,0.0
Allview P5 Pro,Allview,2016.0,130.0,4.5,118.5,1700.0,9.3,5.0,480.0,854.0,217.70021294442822,8.0,1.0,0.0,0.0,0.0,1.0,Mediatek MT6735M (28 nm),0.0
Allview P8 Energy mini,Allview,2016.0,170.0,5.0,200.0,4000.0,8.9,8.0,720.0,1280.0,293.7209560109731,16.0,2.0,0.0,0.0,0.0,1.0,Mediatek MT6580 (28 nm),0.0
Allview V2 Viper i,Allview,2015.0,120.0,5.0,153.0,2000.0,8.9,5.0,720.0,1280.0,293.7209560109731,16.0,1.0,0.0,0.0,0.0,1.0,Mediatek MT6580 (28 nm),0.0
Allview V2 Viper,Allview,2015.0,200.0,4.7,143.0,2000.0,7.9,8.0,720.0,1280.0,312.4691021393331,16.0,1.0,1.0,0.0,0.0,1.0,Mediatek MT6735 (28 nm),0.0
Allview V2 Viper X,Allview,2015.0,250.0,5.5,155.3,3150.0,7.2,13.0,720.0,1280.0,267.0190509190665,16.0,1.0,1.0,0.0,0.0,1.0,Mediatek MT6753 (28 nm),0.0
Allview V2 Viper X+,Allview,2015.0,300.0,5.5,155.3,3150.0,7.2,13.0,720.0,1280.0,267.0190509190665,16.0,3.0,1.0,0.0,0.0,1.0,Mediatek MT6753 (28 nm),0.0
Allview X2 Soul Lite,Allview,2015.0,160.0,5.0,137.0,2400.0,8.0,8.0,720.0,1280.0,293.7209560109731,16.0,1.0,0.0,0.0,0.0,1.0,Mediatek MT6735 (28 nm),0.0
Allview X2 Soul Style,Allview,2015.0,180.0,5.0,128.0,2350.0,7.0,13.0,720.0,1280.0,293.7209560109731,16.0,2.0,0.0,0.0,0.0,1.0,Mediatek MT6735 (28 nm),0.0
Allview X2 Soul Style + Platinum,Allview,2015.0,200.0,5.0,128.0,2350.0,7.0,13.0,720.0,1280.0,293.7209560109731,16.0,3.0,0.0,0.0,0.0,1.0,Mediatek MT6735 (28 nm),0.0
Allview X3 Soul,Allview,2016.0,300.0,5.5,147.6,3150.0,6.9,13.0,720.0,1280.0,267.0190509190665,32.0,3.0,1.0,0.0,0.0,1.0,Mediatek MT6753 (28 nm),0.0
Allview P8 Energy Pro,Allview,2016.0,420.0,6.0,209.8,5020.0,8.4,13.0,1080.0,1920.0,367.1511950137164,64.0,3.0,1.0,0.0,0.0,1.0,Mediatek MT6753 (28 nm),0.0
Allview X3 Soul Pro,Allview,2016.0,450.0,5.5,144.0,3000.0,7.0,16.0,1080.0,1920.0,400.52857637859967,64.0,4.0,1.0,0.0,0.0,1.0,Mediatek MT6755 Helio P10 (28 nm),0.0
Allview X4 Soul,Allview,2017.0,420.0,5.5,167.5,3000.0,7.4,13.0,1080.0,1920.0,400.52857637859967,64.0,4.0,0.0,0.0,0.0,1.0,Mediatek MT6755 Helio P10 (28 nm),0.0
Allview X4 Soul Mini S,Allview,2017.0,150.0,5.0,145.0,2500.0,8.4,8.0,720.0,1280.0,293.7209560109731,16.0,1.0,0.0,0.0,0.0,1.0,Mediatek MT6737 (28 nm),0.0
Allview V3 Viper,Allview,2018.0,220.0,5.5,143.6,3000.0,8.1,13.0,720.0,1440.0,292.721626145427,32.0,3.0,0.0,0.0,0.0,1.0,Mediatek MT6737 (28 nm),0.0
Allview X4 Soul Infinity Plus,Allview,2017.0,450.0,6.0,156.0,3050.0,8.0,13.0,1080.0,2160.0,402.49223594996215,64.0,6.0,0.0,0.0,0.0,1.0,Mediatek MT6757 Helio P25 (16 nm),0.0
Allview Soul X5 Pro,Allview,2018.0,330.0,6.2,210.0,3000.0,7.9,16.0,1080.0,2246.0,401.96305502702575,32.0,4.0,0.0,0.0,0.0,1.0,Mediatek MT6771 Helio P60 (12 nm),0.0
Allview Soul X5 Style,Allview,2018.0,220.0,6.2,168.0,4000.0,8.1,13.0,720.0,1500.0,268.3630572360396,32.0,3.0,0.0,0.0,0.0,1.0,Mediatek MT6762 Helio P22 (12 nm),0.0
Allview Soul X6 Xtreme,Allview,2019.0,360.0,6.39,176.6,3450.0,8.9,16.0,1080.0,2340.0,403.31890319088325,64.0,4.0,1.0,0.0,0.0,1.0,Mediatek MT6771 Helio P70 (12nm),0.0
Allview V4 Viper,Allview,2019.0,100.0,5.7,138.0,2700.0,8.5,8.0,720.0,1520.0,295.07082163689313,16.0,2.0,0.0,0.0,0.0,1.0,Mediatek MT6761 Helio A22 (12 nm),0.0
Allview V4 Viper Pro,Allview,2020.0,170.0,6.8,191.6,3500.0,8.8,13.0,640.0,1352.0,219.97483341427977,32.0,2.0,0.0,0.0,0.0,1.0,Mediatek MT6739 (28 nm),0.0
Allview Soul X7 Style,Allview,2020.0,130.0,6.21,184.7,3400.0,8.3,13.0,720.0,1520.0,270.8379522271,64.0,4.0,0.0,0.0,0.0,1.0,Mediatek MT6763 Helio P23 (16 nm),0.0
Allview Soul X7 Pro,Allview,2020.0,230.0,6.53,193.0,4000.0,8.3,13.0,1080.0,2340.0,394.6719435512624,64.0,4.0,0.0,0.0,0.0,1.0,Qualcomm SDM630 Snapdragon 630 (14 nm),0.0
alcatel Pixi 3 (3.5) Firefox,alcatel,2015.0,40.0,3.5,98.0,1300.0,11.9,2.0,320.0,480.0,164.8252011640681,0.5,0.25,0.0,0.0,0.0,1.0,Mediatek MT6572M (28 nm),0.0
alcatel Pixi 3 (4),alcatel,2015.0,50.0,4.0,110.0,1400.0,11.6,2.0,480.0,800.0,233.23807579381202,4.0,0.5,0.0,0.0,0.0,1.0,"Mediatek MT6572M (3G model)
Qualcomm MSM8909 (4G model)",0.0
alcatel Pixi 3 (4.5),alcatel,2015.0,60.0,4.5,125.0,1400.0,10.0,5.0,480.0,854.0,217.70021294442822,4.0,1.0,0.0,0.0,0.0,1.0,"Mediatek MT6572M (3G model)
MT6735M (4G model)",0.0
alcatel Pixi 3 (7),alcatel,2015.0,80.0,7.0,260.0,2820.0,9.1,2.0,600.0,1024.0,169.54777786686512,4.0,0.5,0.0,0.0,0.0,1.0,Mediatek MT8127 (28 nm),0.0
alcatel Pixi 3 (7) 3G,alcatel,2015.0,100.0,7.0,260.0,2820.0,9.1,2.0,600.0,1024.0,169.54777786686512,4.0,0.5,0.0,0.0,0.0,1.0,Mediatek MT8312 (28 nm),0.0
alcatel Pixi 3 (7) LTE,alcatel,2015.0,130.0,7.0,260.0,2820.0,9.2,2.0,600.0,1024.0,169.54777786686512,4.0,1.0,0.0,0.0,0.0,1.0,Qualcomm MSM8909 Snapdragon 210 (28 nm),0.0
alcatel Pixi 3 (8) 3G,alcatel,2015.0,100.0,8.0,335.0,3240.0,9.2,2.0,800.0,1280.0,188.67962264113208,4.0,1.0,0.0,0.0,0.0,1.0,Mediatek MT8312 (28 nm),0.0
alcatel Idol 3 (4.7),alcatel,2015.0,200.0,4.7,110.0,2000.0,7.6,13.0,720.0,1280.0,312.4691021393331,16.0,1.5,0.0,0.0,1.0,1.0,Qualcomm MSM8916 Snapdragon 410 (28 nm),0.0
alcatel Idol 3 (5.5),alcatel,2015.0,250.0,5.5,141.0,2910.0,7.4,13.0,1080.0,1920.0,400.52857637859967,32.0,2.0,0.0,0.0,1.0,1.0,Qualcomm MSM8939 Snapdragon 615 (28 nm),0.0
alcatel Pop Astro,alcatel,2015.0,130.0,4.5,144.9,2000.0,9.9,5.0,540.0,960.0,244.76746334247758,4.0,1.0,0.0,0.0,0.0,1.0,Mediatek MT6732 (28 nm),0.0
alcatel Flash Plus,alcatel,2015.0,130.0,5.5,147.0,3500.0,8.0,13.0,720.0,1280.0,267.0190509190665,16.0,2.0,0.0,0.0,0.0,1.0,Mediatek MT6752M,0.0
alcatel Flash 2,alcatel,2015.0,230.0,5.0,140.0,3000.0,9.0,13.0,720.0,1280.0,293.7209560109731,16.0,2.0,0.0,0.0,0.0,1.0,Mediatek MT6753 (28 nm),0.0
alcatel Fierce XL,alcatel,2015.0,130.0,5.5,173.0,2500.0,9.5,8.0,720.0,1280.0,267.0190509190665,16.0,2.0,0.0,0.0,0.0,1.0,Qualcomm MSM8909 Snapdragon 210 (28 nm),0.0
alcatel Pop 3 (5),alcatel,2015.0,110.0,5.0,167.0,1800.0,9.9,5.0,480.0,854.0,195.93019164998537,8.0,1.0,0.0,0.0,0.0,1.0,,0.0
alcatel Pop 3 (5.5),alcatel,2016.0,120.0,5.5,174.0,2500.0,9.5,5.0,720.0,1280.0,267.0190509190665,8.0,1.0,0.0,0.0,0.0,1.0,,0.0
alcatel Pixi 4 (6) 3G,alcatel,2016.0,120.0,6.0,179.0,2580.0,8.0,13.0,540.0,960.0,183.5755975068582,8.0,1.0,0.0,0.0,0.0,1.0,,0.0
alcatel Idol 4,alcatel,2016.0,200.0,5.2,135.0,2610.0,7.1,13.0,1080.0,1920.0,423.6359942465958,16.0,3.0,0.0,0.0,1.0,1.0,Qualcomm MSM8952 Snapdragon 617 (28 nm),0.0
alcatel Idol 4s,alcatel,2016.0,220.0,5.5,149.0,3000.0,7.0,16.0,1440.0,2560.0,534.038101838133,32.0,3.0,1.0,0.0,1.0,1.0,Qualcomm MSM8976 Snapdragon 652 (28 nm),0.0
alcatel Idol 4s Windows,alcatel,2016.0,200.0,5.5,152.0,3000.0,7.0,21.0,1080.0,1920.0,400.52857637859967,64.0,4.0,1.0,0.0,0.0,1.0,Qualcomm MSM8996 Snapdragon 820 (14 nm),0.0
alcatel Pop 7 LTE,alcatel,2016.0,130.0,7.0,295.1,3240.0,9.4,5.0,600.0,1024.0,169.54777786686512,8.0,1.0,0.0,0.0,0.0,1.0,,0.0
alcatel Flash Plus 2,alcatel,2016.0,140.0,5.5,157.0,3000.0,8.2,13.0,1080.0,1920.0,400.52857637859967,32.0,3.0,0.0,0.0,0.0,1.0,Mediatek MT6755 Helio P10 (28 nm),0.0
alcatel Pixi 4 (5),alcatel,2016.0,60.0,5.0,148.0,2000.0,9.5,8.0,480.0,854.0,195.93019164998537,8.0,1.0,0.0,0.0,0.0,1.0,,0.0
alcatel X1,alcatel,2015.0,200.0,5.0,140.0,2150.0,7.0,13.0,720.0,1280.0,293.7209560109731,16.0,2.0,1.0,0.0,0.0,1.0,Qualcomm MSM8929 Snapdragon 415 (28 nm),0.0
alcatel Fierce 4,alcatel,2016.0,80.0,5.5,163.9,2500.0,8.1,8.0,720.0,1280.0,267.0190509190665,16.0,2.0,0.0,0.0,0.0,1.0,Qualcomm MSM8909 Snapdragon 210 (28 nm),0.0
alcatel Shine Lite,alcatel,2016.0,200.0,5.0,156.0,2460.0,7.5,13.0,720.0,1280.0,293.7209560109731,16.0,2.0,0.0,0.0,0.0,1.0,Mediatek MT6737 (28 nm),0.0
alcatel Idol 5s (USA),alcatel,2017.0,210.0,5.2,148.8,2620.0,7.4,12.0,1080.0,1920.0,423.6359942465958,32.0,3.0,0.0,0.0,0.0,1.0,Qualcomm MSM8953 Snapdragon 625 (14 nm),0.0
alcatel A7 XL,alcatel,2017.0,260.0,6.0,175.0,4000.0,8.7,12.0,1080.0,1920.0,367.1511950137164,32.0,3.0,0.0,0.0,0.0,1.0,Mediatek MT6750S (28 nm),0.0
alcatel Idol 5,alcatel,2017.0,120.0,5.2,155.0,2800.0,7.5,13.0,1080.0,1920.0,423.6359942465958,16.0,3.0,0.0,0.0,0.0,1.0,Mediatek MT6753 (28 nm),0.0
alcatel Idol 5s,alcatel,2017.0,140.0,5.2,147.0,2850.0,7.5,12.0,1080.0,1920.0,423.6359942465958,32.0,3.0,0.0,0.0,0.0,1.0,Mediatek MT6757 Helio P20 (16 nm),0.0
alcatel 1T 7,alcatel,2018.0,70.0,7.0,245.0,2580.0,9.2,2.0,600.0,1024.0,169.54777786686512,8.0,1.0,0.0,0.0,0.0,1.0,Mediatek MT8321A/D (28 nm),0.0
alcatel 3c,alcatel,2018.0,130.0,6.0,169.0,3000.0,7.9,8.0,720.0,1440.0,268.32815729997475,16.0,1.0,0.0,0.0,0.0,1.0,Mediatek MT8321 (28 nm),0.0
alcatel 1x,alcatel,2018.0,100.0,5.3,151.0,2460.0,9.1,8.0,480.0,960.0,202.51181683016964,16.0,2.0,0.0,0.0,1.0,1.0,Mediatek MT6739 (28 nm),0.0
alcatel 3,alcatel,2018.0,170.0,5.5,145.0,3000.0,8.5,13.0,720.0,1440.0,292.721626145427,16.0,2.0,0.0,0.0,1.0,1.0,Mediatek MT6739 (28 nm),0.0
alcatel 3v,alcatel,2018.0,160.0,6.0,155.0,3000.0,8.1,12.0,1080.0,2160.0,402.49223594996215,32.0,2.0,0.0,0.0,1.0,1.0,Mediatek MT8735A,0.0
alcatel 5,alcatel,2018.0,230.0,5.7,144.0,3000.0,8.4,12.0,720.0,1440.0,282.45069189471025,32.0,3.0,0.0,0.0,1.0,1.0,Mediatek MT6750 (28 nm),0.0
alcatel 5v,alcatel,2018.0,180.0,6.2,158.0,4000.0,8.5,12.0,720.0,1500.0,268.3630572360396,32.0,3.0,0.0,0.0,1.0,1.0,Mediatek MT6762 Helio P22 (12 nm),0.0
alcatel 7,alcatel,2018.0,150.0,6.0,175.0,4000.0,8.6,12.0,1080.0,2180.0,405.47640019008645,32.0,2.0,0.0,0.0,0.0,1.0,Mediatek MT6763T Helio P23 (16 nm),0.0
alcatel Tetra,alcatel,2018.0,40.0,5.0,150.0,2050.0,9.4,5.0,480.0,854.0,195.93019164998537,16.0,2.0,0.0,0.0,0.0,1.0,Mediatek MT6739WM (28 nm),0.0
alcatel 1,alcatel,2018.0,60.0,5.0,134.0,2000.0,9.8,5.0,480.0,960.0,214.6625258399798,16.0,1.0,0.0,0.0,0.0,1.0,Mediatek MT6739 (28 nm),0.0
alcatel 1c (2019),alcatel,2019.0,70.0,5.0,148.0,2000.0,10.0,5.0,480.0,960.0,214.6625258399798,8.0,1.0,0.0,0.0,0.0,1.0,Spreadtrum SC7731E,0.0
alcatel 1x (2019),alcatel,2019.0,120.0,5.5,130.0,3000.0,8.3,13.0,720.0,1440.0,292.721626145427,16.0,2.0,0.0,0.0,0.0,1.0,Mediatek MT6739 (28 nm),0.0
alcatel 3T 8,alcatel,2018.0,140.0,8.0,279.0,4080.0,8.3,5.0,800.0,1280.0,188.67962264113208,32.0,3.0,0.0,0.0,0.0,1.0,Mediatek MT8765,0.0
alcatel 1v (2019),alcatel,2019.0,80.0,5.5,153.2,2460.0,8.9,5.0,480.0,960.0,195.147750763618,16.0,3.0,0.0,0.0,0.0,1.0,Unisoc SC9863A (28nm),0.0
alcatel 3x (2019),alcatel,2019.0,150.0,6.52,178.0,4000.0,8.4,16.0,720.0,1600.0,269.1007631835743,128.0,6.0,0.0,0.0,1.0,1.0,Mediatek MT6763V Helio P23 (16 nm),0.0
alcatel 3v (2019),alcatel,2019.0,170.0,6.7,197.9,4000.0,8.4,16.0,720.0,1440.0,240.2938722089326,32.0,3.0,0.0,0.0,0.0,1.0,Mediatek MT6762 Helio P22 (12 nm),0.0
alcatel 1B (2020),alcatel,2020.0,80.0,5.5,168.0,3000.0,9.9,8.0,720.0,1440.0,292.721626145427,32.0,2.0,0.0,0.0,0.0,1.0,Qualcomm QM215 Snapdragon 215 (28 nm),0.0
alcatel 1V (2020),alcatel,2020.0,80.0,6.22,160.0,4000.0,8.9,13.0,720.0,1520.0,270.4025214357381,32.0,2.0,0.0,0.0,0.0,1.0,Mediatek MT6762D Helio P22 (12 nm),0.0
alcatel 1S (2020),alcatel,2020.0,100.0,6.22,165.0,4000.0,8.5,13.0,720.0,1520.0,270.4025214357381,32.0,3.0,0.0,0.0,0.0,1.0,Mediatek MT6762D Helio P22 (12 nm),0.0
alcatel 3L (2020),alcatel,2020.0,150.0,6.22,165.0,4000.0,8.5,48.0,720.0,1520.0,270.4025214357381,64.0,4.0,0.0,0.0,0.0,1.0,Mediatek MT6762 Helio P22 (12 nm),0.0
alcatel 3X (2020),alcatel,2020.0,170.0,6.52,186.0,5000.0,9.1,16.0,720.0,1600.0,269.1007631835743,128.0,6.0,0.0,0.0,0.0,1.0,Mediatek MT6762 Helio P22 (12 nm),0.0
alcatel 1SE (2020),alcatel,2020.0,150.0,6.22,175.0,4000.0,8.7,13.0,720.0,1520.0,270.4025214357381,128.0,4.0,0.0,0.0,0.0,1.0,Unisoc SC9863A (28nm),0.0
alcatel 1V (2021),alcatel,2021.0,100.0,6.52,190.0,5000.0,8.9,13.0,720.0,1600.0,269.1007631835743,64.0,2.0,0.0,0.0,0.0,1.0,Mediatek MT6761 Helio A22 (12 nm),0.0
alcatel 1L (2021),alcatel,2021.0,110.0,6.1,179.0,3000.0,9.9,13.0,720.0,1560.0,281.6620537037971,32.0,2.0,0.0,0.0,0.0,1.0,Mediatek MT6761D Helio A20 (12 nm),0.0
alcatel 1S (2021),alcatel,2021.0,130.0,6.52,190.0,4000.0,8.8,13.0,720.0,1600.0,269.1007631835743,32.0,3.0,0.0,0.0,0.0,1.0,Mediatek MT6762D Helio P22 (12 nm),0.0
alcatel 3L (2021),alcatel,2021.0,299.0,6.52,194.0,4000.0,8.7,48.0,720.0,1600.0,269.1007631835743,64.0,4.0,0.0,0.0,1.0,1.0,Mediatek MT6762D Helio P22 (12 nm),0.0
alcatel 1 (2021),alcatel,2021.0,60.0,5.0,134.0,2000.0,9.8,5.0,480.0,960.0,214.6625258399798,16.0,1.0,0.0,0.0,0.0,1.0,Mediatek MT6739 (28 nm),0.0
alcatel 1L Pro (2021),alcatel,2021.0,110.0,6.1,190.0,3000.0,9.7,13.0,720.0,1560.0,281.6620537037971,32.0,2.0,0.0,0.0,0.0,1.0,Unisoc SC9863A (28nm),0.0
alcatel 1B (2022),alcatel,2022.0,100.0,5.5,172.0,3000.0,10.0,8.0,720.0,1440.0,292.721626145427,32.0,2.0,0.0,0.0,0.0,1.0,Mediatek MT6761 Helio A22 (12 nm),0.0
Acer Liquid Z410,Acer,2015.0,130.0,4.5,145.0,2000.0,9.9,5.0,540.0,960.0,244.76746334247758,16.0,2.0,0.0,0.0,0.0,1.0,Mediatek MT6732M (28 nm),0.0
Acer Liquid M220,Acer,2015.0,80.0,4.0,119.0,1300.0,9.6,5.0,480.0,800.0,233.23807579381202,8.0,1.0,0.0,0.0,0.0,1.0,Qualcomm MSM8210 Snapdragon 200 (28 nm),0.0
Acer Liquid Z220,Acer,2015.0,90.0,4.0,120.0,1300.0,9.6,5.0,480.0,800.0,233.23807579381202,8.0,1.0,0.0,0.0,0.0,1.0,Qualcomm Snapdragon 200 (28 nm),0.0
Acer Liquid Z520,Acer,2015.0,130.0,5.0,118.0,2000.0,6.4,8.0,480.0,854.0,195.93019164998537,16.0,2.0,0.0,0.0,0.0,1.0,Mediatek MT6582M (28 nm),0.0
Acer Liquid Jade Z,Acer,2015.0,200.0,5.0,110.0,2300.0,8.0,13.0,720.0,1280.0,293.7209560109731,16.0,2.0,0.0,0.0,0.0,1.0,Mediatek MT6732 (28 nm),0.0
Acer Iconia One 8 B1-820,Acer,2015.0,180.0,8.0,355.0,4550.0,9.5,5.0,800.0,1280.0,188.67962264113208,32.0,1.0,0.0,0.0,0.0,1.0,Intel Atom Z3735G,0.0
Acer Liquid Z530,Acer,2015.0,150.0,5.0,145.0,2420.0,8.9,8.0,720.0,1280.0,293.7209560109731,16.0,2.0,0.0,0.0,0.0,1.0,Mediatek MT6735 (28 nm),0.0
Acer Liquid Z630,Acer,2015.0,200.0,5.5,165.0,4000.0,8.9,8.0,720.0,1280.0,267.0190509190665,16.0,2.0,0.0,0.0,0.0,1.0,Mediatek MT6735 (28 nm),0.0
Acer Liquid Z320,Acer,2015.0,90.0,4.5,142.0,2000.0,9.6,5.0,480.0,854.0,217.70021294442822,8.0,1.0,0.0,0.0,0.0,1.0,Qualcomm MSM8909 Snapdragon 210 (28 nm),0.0
Acer Liquid Z330,Acer,2015.0,110.0,4.5,142.0,2000.0,9.6,5.0,480.0,854.0,217.70021294442822,8.0,1.0,0.0,0.0,0.0,1.0,Qualcomm MSM8909 Snapdragon 210 (28 nm),0.0
Acer Liquid Jade Primo,Acer,2015.0,220.0,5.5,150.0,2870.0,8.4,21.0,1080.0,1920.0,400.52857637859967,32.0,3.0,1.0,0.0,0.0,1.0,Qualcomm MSM8992 Snapdragon 808 (20 nm),0.0
Acer Predator 8,Acer,2015.0,350.0,8.0,353.8,4420.0,8.6,5.0,1920.0,1200.0,283.0194339616981,64.0,2.0,0.0,0.0,0.0,1.0,Intel Atom x7-Z8700,0.0
Acer Liquid Zest,Acer,2016.0,110.0,5.0,125.0,2000.0,8.4,8.0,720.0,1280.0,293.7209560109731,8.0,1.0,0.0,0.0,0.0,1.0,"Mediatek MT6580 - Z525
Mediatek MT6735 - Z525",0.0
Acer Liquid X2,Acer,2015.0,230.0,5.5,166.0,4020.0,8.5,13.0,720.0,1280.0,267.0190509190665,32.0,3.0,0.0,0.0,0.0,1.0,Mediatek MT6753 (28 nm),0.0
Acer Liquid Z6,Acer,2016.0,120.0,5.0,126.0,2000.0,8.5,8.0,720.0,1280.0,293.7209560109731,8.0,1.0,0.0,0.0,0.0,1.0,Mediatek MT6737 (28 nm),0.0
Acer Liquid Z6 Plus,Acer,2016.0,250.0,5.5,169.0,4080.0,8.5,13.0,1080.0,1920.0,400.52857637859967,32.0,3.0,0.0,0.0,0.0,1.0,Mediatek MT6753 (28 nm),0.0
Acer Iconia Talk S,Acer,2016.0,170.0,7.0,260.0,3400.0,9.4,13.0,720.0,1280.0,209.8006828649808,32.0,2.0,0.0,0.0,0.0,1.0,Mediatek MT8735,0.0
